  0
SECTION
  2
HEADER
  9
$ANGBASE
  50
0.0
  9
$ANGDIR
  70
1
  9
$MEASUREMENT
  70
1
  9
$INSUNITS
  70
4
  0
ENDSEC
  0
SECTION
  2
TABLES
  0
TABLE
  2
LTYPE
  70
4
  0
LTYPE
  5
40F
  2
CONTINUOUS
  70
0
  3
Solid line
  72
65
  73
0
  40
0.0
  0
LTYPE
  5
410
  2
DASHDOT
 70
0
  3
Dash Dot ____ _ ____ _
 72
65
 73
4
 40
2.0
 49
1.25
 49
-0.25
 49
0.25
 49
-0.25
  0
LTYPE
  5
411
  2
DASHED
 70
0
  3
Dashed __ __ __ __ __
 72
65
 73
2
 40
0.75
 49
0.5
 49
-0.25
  0
LTYPE
  5
43B
  2
DOTTED
 70
0
  3
Dotted .  .  .  .
 72
65
 73
2
 40
0.2
 49
0.0
 49
-0.2
  0
ENDTAB
  0
TABLE
  2
STYLE
  70
4
  0
STYLE
  2
KICAD
  70
0
  40
0
  41
1
  42
1
  50
0
  71
0
  3
isocp.shx
  0
STYLE
  2
KICADB
  70
0
  40
0
  41
1
  42
1
  50
0
  71
0
  3
isocp.shx
  0
STYLE
  2
KICADI
  70
0
  40
0
  41
1
  42
1
  50
15
  71
0
  3
isocp.shx
  0
STYLE
  2
KICADBI
  70
0
  40
0
  41
1
  42
1
  50
15
  71
0
  3
isocp.shx
  0
ENDTAB
  0
TABLE
  2
LAYER
  70
9
  0
LAYER
  2
L1 (Sig, PWR)
  70
0
  62
13
  420
13120564
  6
CONTINUOUS
  0
LAYER
  2
L6 (Sig, PWR)
  70
0
  62
153
  420
5078980
  6
CONTINUOUS
  0
LAYER
  2
F.Paste
  70
0
  62
253
  420
11837594
  6
CONTINUOUS
  0
LAYER
  2
B.Paste
  70
0
  62
132
  420
49858
  6
CONTINUOUS
  0
LAYER
  2
F.Silkscreen
  70
0
  62
41
  420
15920545
  6
CONTINUOUS
  0
LAYER
  2
B.Silkscreen
  70
0
  62
31
  420
15250087
  6
CONTINUOUS
  0
LAYER
  2
F.Mask
  70
0
  62
201
  420
14181631
  6
CONTINUOUS
  0
LAYER
  2
B.Mask
  70
0
  62
4
  420
196590
  6
CONTINUOUS
  0
LAYER
  2
Edge.Cuts
  70
0
  62
254
  420
13685453
  6
CONTINUOUS
  0
ENDTAB
  0
ENDSEC
  0
SECTION
  2
ENTITIES
0
LINE
8
L1 (Sig, PWR)
6
CONTINUOUS
10
139.7177140000000009
20
-101.2822949999999906
11
139.8535479999999893
21
-101.3385589999999894
0
LINE
8
L1 (Sig, PWR)
6
CONTINUOUS
10
139.8535479999999893
20
-101.3385589999999894
11
139.9757950000000051
21
-101.4202420000000018
0
LINE
8
L1 (Sig, PWR)
6
CONTINUOUS
10
139.9757950000000051
20
-101.4202420000000018
11
140.0797579999999982
21
-101.5242049999999949
0
LINE
8
L1 (Sig, PWR)
6
CONTINUOUS
10
140.0797579999999982
20
-101.5242049999999949
11
140.1614409999999964
21
-101.6464519999999965
0
LINE
8
L1 (Sig, PWR)
6
CONTINUOUS
10
140.1614409999999964
20
-101.6464519999999965
11
140.2177049999999952
21
-101.7822859999999991
0
LINE
8
L1 (Sig, PWR)
6
CONTINUOUS
10
140.2177049999999952
20
-101.7822859999999991
11
140.2463889999999935
21
-101.9264869999999945
0
LINE
8
L1 (Sig, PWR)
6
CONTINUOUS
10
140.2463889999999935
20
-101.9264869999999945
11
140.2463889999999935
21
-102.0735129999999913
0
LINE
8
L1 (Sig, PWR)
6
CONTINUOUS
10
140.2463889999999935
20
-102.0735129999999913
11
140.2177049999999952
21
-102.2177140000000009
0
LINE
8
L1 (Sig, PWR)
6
CONTINUOUS
10
140.2177049999999952
20
-102.2177140000000009
11
140.1614409999999964
21
-102.3535479999999893
0
LINE
8
L1 (Sig, PWR)
6
CONTINUOUS
10
140.1614409999999964
20
-102.3535479999999893
11
140.0797579999999982
21
-102.4757949999999909
0
LINE
8
L1 (Sig, PWR)
6
CONTINUOUS
10
140.0797579999999982
20
-102.4757949999999909
11
139.9757950000000051
21
-102.5797579999999982
0
LINE
8
L1 (Sig, PWR)
6
CONTINUOUS
10
139.9757950000000051
20
-102.5797579999999982
11
139.8535479999999893
21
-102.6614409999999964
0
LINE
8
L1 (Sig, PWR)
6
CONTINUOUS
10
139.8535479999999893
20
-102.6614409999999964
11
139.7177140000000009
21
-102.7177049999999952
0
LINE
8
L1 (Sig, PWR)
6
CONTINUOUS
10
139.7177140000000009
20
-102.7177049999999952
11
139.5735129999999913
21
-102.7463889999999935
0
LINE
8
L1 (Sig, PWR)
6
CONTINUOUS
10
139.5735129999999913
20
-102.7463889999999935
11
139.4264869999999803
21
-102.7463889999999935
0
LINE
8
L1 (Sig, PWR)
6
CONTINUOUS
10
139.4264869999999803
20
-102.7463889999999935
11
139.2822859999999991
21
-102.7177049999999952
0
LINE
8
L1 (Sig, PWR)
6
CONTINUOUS
10
139.2822859999999991
20
-102.7177049999999952
11
139.1464519999999823
21
-102.6614409999999964
0
LINE
8
L1 (Sig, PWR)
6
CONTINUOUS
10
139.1464519999999823
20
-102.6614409999999964
11
139.0242049999999949
21
-102.5797579999999982
0
LINE
8
L1 (Sig, PWR)
6
CONTINUOUS
10
139.0242049999999949
20
-102.5797579999999982
11
138.9202420000000018
21
-102.4757949999999909
0
LINE
8
L1 (Sig, PWR)
6
CONTINUOUS
10
138.9202420000000018
20
-102.4757949999999909
11
138.8385590000000036
21
-102.3535479999999893
0
LINE
8
L1 (Sig, PWR)
6
CONTINUOUS
10
138.8385590000000036
20
-102.3535479999999893
11
138.7822950000000048
21
-102.2177140000000009
0
LINE
8
L1 (Sig, PWR)
6
CONTINUOUS
10
138.7822950000000048
20
-102.2177140000000009
11
138.7536110000000065
21
-102.0735129999999913
0
LINE
8
L1 (Sig, PWR)
6
CONTINUOUS
10
138.7536110000000065
20
-102.0735129999999913
11
138.7536110000000065
21
-101.9264869999999945
0
LINE
8
L1 (Sig, PWR)
6
CONTINUOUS
10
138.7536110000000065
20
-101.9264869999999945
11
138.7822950000000048
21
-101.7822859999999991
0
LINE
8
L1 (Sig, PWR)
6
CONTINUOUS
10
138.7822950000000048
20
-101.7822859999999991
11
138.8385590000000036
21
-101.6464519999999965
0
LINE
8
L1 (Sig, PWR)
6
CONTINUOUS
10
138.8385590000000036
20
-101.6464519999999965
11
138.9202420000000018
21
-101.5242049999999949
0
LINE
8
L1 (Sig, PWR)
6
CONTINUOUS
10
138.9202420000000018
20
-101.5242049999999949
11
139.0242049999999949
21
-101.4202420000000018
0
LINE
8
L1 (Sig, PWR)
6
CONTINUOUS
10
139.0242049999999949
20
-101.4202420000000018
11
139.1464519999999823
21
-101.3385589999999894
0
LINE
8
L1 (Sig, PWR)
6
CONTINUOUS
10
139.1464519999999823
20
-101.3385589999999894
11
139.2822859999999991
21
-101.2822949999999906
0
LINE
8
L1 (Sig, PWR)
6
CONTINUOUS
10
139.2822859999999991
20
-101.2822949999999906
11
139.4264869999999803
21
-101.2536109999999923
0
LINE
8
L1 (Sig, PWR)
6
CONTINUOUS
10
139.4264869999999803
20
-101.2536109999999923
11
139.5735129999999913
21
-101.2536109999999923
0
LINE
8
L1 (Sig, PWR)
6
CONTINUOUS
10
139.5735129999999913
20
-101.2536109999999923
11
139.7177140000000009
21
-101.2822949999999906
0
LINE
8
L1 (Sig, PWR)
6
CONTINUOUS
10
149.0456709999999987
20
-97.4190299999999922
11
149.1267770000000041
21
-97.4732229999999902
0
LINE
8
L1 (Sig, PWR)
6
CONTINUOUS
10
149.1267770000000041
20
-97.4732229999999902
11
149.1809700000000021
21
-97.5543289999999956
0
LINE
8
L1 (Sig, PWR)
6
CONTINUOUS
10
149.1809700000000021
20
-97.5543289999999956
11
149.1999999999999886
21
-97.6499999999999915
0
LINE
8
L1 (Sig, PWR)
6
CONTINUOUS
10
149.1999999999999886
20
-97.6499999999999915
11
149.1999999999999886
21
-98.2999999999999972
0
LINE
8
L1 (Sig, PWR)
6
CONTINUOUS
10
149.1999999999999886
20
-98.2999999999999972
11
151.2787710000000061
21
-98.2999999999999972
0
LINE
8
L1 (Sig, PWR)
6
CONTINUOUS
10
151.2787710000000061
20
-98.2999999999999972
11
151.2822950000000048
21
-98.2822859999999991
0
LINE
8
L1 (Sig, PWR)
6
CONTINUOUS
10
151.2822950000000048
20
-98.2822859999999991
11
151.3385590000000036
21
-98.1464519999999965
0
LINE
8
L1 (Sig, PWR)
6
CONTINUOUS
10
151.3385590000000036
20
-98.1464519999999965
11
151.4202420000000018
21
-98.0242049999999949
0
LINE
8
L1 (Sig, PWR)
6
CONTINUOUS
10
151.4202420000000018
20
-98.0242049999999949
11
151.5242049999999949
21
-97.9202420000000018
0
LINE
8
L1 (Sig, PWR)
6
CONTINUOUS
10
151.5242049999999949
20
-97.9202420000000018
11
151.6464519999999823
21
-97.8385589999999894
0
LINE
8
L1 (Sig, PWR)
6
CONTINUOUS
10
151.6464519999999823
20
-97.8385589999999894
11
151.7822859999999991
21
-97.7822949999999906
0
LINE
8
L1 (Sig, PWR)
6
CONTINUOUS
10
151.7822859999999991
20
-97.7822949999999906
11
151.9264869999999803
21
-97.7536109999999923
0
LINE
8
L1 (Sig, PWR)
6
CONTINUOUS
10
151.9264869999999803
20
-97.7536109999999923
11
152.0735129999999913
21
-97.7536109999999923
0
LINE
8
L1 (Sig, PWR)
6
CONTINUOUS
10
152.0735129999999913
20
-97.7536109999999923
11
152.2177140000000009
21
-97.7822949999999906
0
LINE
8
L1 (Sig, PWR)
6
CONTINUOUS
10
152.2177140000000009
20
-97.7822949999999906
11
152.3535479999999893
21
-97.8385589999999894
0
LINE
8
L1 (Sig, PWR)
6
CONTINUOUS
10
152.3535479999999893
20
-97.8385589999999894
11
152.4757950000000051
21
-97.9202420000000018
0
LINE
8
L1 (Sig, PWR)
6
CONTINUOUS
10
152.4757950000000051
20
-97.9202420000000018
11
152.5797579999999982
21
-98.0242049999999949
0
LINE
8
L1 (Sig, PWR)
6
CONTINUOUS
10
152.5797579999999982
20
-98.0242049999999949
11
152.6614409999999964
21
-98.1464519999999965
0
LINE
8
L1 (Sig, PWR)
6
CONTINUOUS
10
152.6614409999999964
20
-98.1464519999999965
11
152.7177049999999952
21
-98.2822859999999991
0
LINE
8
L1 (Sig, PWR)
6
CONTINUOUS
10
152.7177049999999952
20
-98.2822859999999991
11
152.7463889999999935
21
-98.4264869999999945
0
LINE
8
L1 (Sig, PWR)
6
CONTINUOUS
10
152.7463889999999935
20
-98.4264869999999945
11
152.7463889999999935
21
-98.5735129999999913
0
LINE
8
L1 (Sig, PWR)
6
CONTINUOUS
10
152.7463889999999935
20
-98.5735129999999913
11
152.7177049999999952
21
-98.7177140000000009
0
LINE
8
L1 (Sig, PWR)
6
CONTINUOUS
10
152.7177049999999952
20
-98.7177140000000009
11
152.6614409999999964
21
-98.8535479999999893
0
LINE
8
L1 (Sig, PWR)
6
CONTINUOUS
10
152.6614409999999964
20
-98.8535479999999893
11
152.5797579999999982
21
-98.9757949999999909
0
LINE
8
L1 (Sig, PWR)
6
CONTINUOUS
10
152.5797579999999982
20
-98.9757949999999909
11
152.4757950000000051
21
-99.0797579999999982
0
LINE
8
L1 (Sig, PWR)
6
CONTINUOUS
10
152.4757950000000051
20
-99.0797579999999982
11
152.3535479999999893
21
-99.1614409999999964
0
LINE
8
L1 (Sig, PWR)
6
CONTINUOUS
10
152.3535479999999893
20
-99.1614409999999964
11
152.2177140000000009
21
-99.2177049999999952
0
LINE
8
L1 (Sig, PWR)
6
CONTINUOUS
10
152.2177140000000009
20
-99.2177049999999952
11
152.0735129999999913
21
-99.2463889999999935
0
LINE
8
L1 (Sig, PWR)
6
CONTINUOUS
10
152.0735129999999913
20
-99.2463889999999935
11
151.9264869999999803
21
-99.2463889999999935
0
LINE
8
L1 (Sig, PWR)
6
CONTINUOUS
10
151.9264869999999803
20
-99.2463889999999935
11
151.7822859999999991
21
-99.2177049999999952
0
LINE
8
L1 (Sig, PWR)
6
CONTINUOUS
10
151.7822859999999991
20
-99.2177049999999952
11
151.6464519999999823
21
-99.1614409999999964
0
LINE
8
L1 (Sig, PWR)
6
CONTINUOUS
10
151.6464519999999823
20
-99.1614409999999964
11
151.5242049999999949
21
-99.0797579999999982
0
LINE
8
L1 (Sig, PWR)
6
CONTINUOUS
10
151.5242049999999949
20
-99.0797579999999982
11
151.4202420000000018
21
-98.9757949999999909
0
LINE
8
L1 (Sig, PWR)
6
CONTINUOUS
10
151.4202420000000018
20
-98.9757949999999909
11
151.3385590000000036
21
-98.8535479999999893
0
LINE
8
L1 (Sig, PWR)
6
CONTINUOUS
10
151.3385590000000036
20
-98.8535479999999893
11
151.2822950000000048
21
-98.7177140000000009
0
LINE
8
L1 (Sig, PWR)
6
CONTINUOUS
10
151.2822950000000048
20
-98.7177140000000009
11
151.2787710000000061
21
-98.6999999999999886
0
LINE
8
L1 (Sig, PWR)
6
CONTINUOUS
10
151.2787710000000061
20
-98.6999999999999886
11
149.
21
-98.6999999999999886
0
LINE
8
L1 (Sig, PWR)
6
CONTINUOUS
10
149.
20
-98.6999999999999886
11
148.9609820000000013
21
-98.6961569999999995
0
LINE
8
L1 (Sig, PWR)
6
CONTINUOUS
10
148.9609820000000013
20
-98.6961569999999995
11
148.8888859999999852
21
-98.6662939999999935
0
LINE
8
L1 (Sig, PWR)
6
CONTINUOUS
10
148.8888859999999852
20
-98.6662939999999935
11
148.8585789999999918
21
-98.6414219999999915
0
LINE
8
L1 (Sig, PWR)
6
CONTINUOUS
10
148.8585789999999918
20
-98.6414219999999915
11
148.8171569999999804
21
-98.5999999999999943
0
LINE
8
L1 (Sig, PWR)
6
CONTINUOUS
10
148.8171569999999804
20
-98.5999999999999943
11
148.1828429999999912
21
-98.5999999999999943
0
LINE
8
L1 (Sig, PWR)
6
CONTINUOUS
10
148.1828429999999912
20
-98.5999999999999943
11
147.6999999999999886
21
-99.0828419999999994
0
LINE
8
L1 (Sig, PWR)
6
CONTINUOUS
10
147.6999999999999886
20
-99.0828419999999994
11
147.6999999999999886
21
-99.9804559999999896
0
LINE
8
L1 (Sig, PWR)
6
CONTINUOUS
10
147.6999999999999886
20
-99.9804559999999896
11
147.7212289999999939
21
-99.9846789999999999
0
LINE
8
L1 (Sig, PWR)
6
CONTINUOUS
10
147.7212289999999939
20
-99.9846789999999999
11
147.7731369999999913
21
-100.0193629999999985
0
LINE
8
L1 (Sig, PWR)
6
CONTINUOUS
10
147.7731369999999913
20
-100.0193629999999985
11
147.8078209999999899
21
-100.0712709999999959
0
LINE
8
L1 (Sig, PWR)
6
CONTINUOUS
10
147.8078209999999899
20
-100.0712709999999959
11
147.8199999999999932
21
-100.1324999999999932
0
LINE
8
L1 (Sig, PWR)
6
CONTINUOUS
10
147.8199999999999932
20
-100.1324999999999932
11
147.8199999999999932
21
-100.5775000000000006
0
LINE
8
L1 (Sig, PWR)
6
CONTINUOUS
10
147.8199999999999932
20
-100.5775000000000006
11
147.8078209999999899
21
-100.6387289999999979
0
LINE
8
L1 (Sig, PWR)
6
CONTINUOUS
10
147.8078209999999899
20
-100.6387289999999979
11
147.7731369999999913
21
-100.6906369999999953
0
LINE
8
L1 (Sig, PWR)
6
CONTINUOUS
10
147.7731369999999913
20
-100.6906369999999953
11
147.7212289999999939
21
-100.7253209999999939
0
LINE
8
L1 (Sig, PWR)
6
CONTINUOUS
10
147.7212289999999939
20
-100.7253209999999939
11
147.6599999999999966
21
-100.7374999999999972
0
LINE
8
L1 (Sig, PWR)
6
CONTINUOUS
10
147.6599999999999966
20
-100.7374999999999972
11
147.3400000000000034
21
-100.7374999999999972
0
LINE
8
L1 (Sig, PWR)
6
CONTINUOUS
10
147.3400000000000034
20
-100.7374999999999972
11
147.2787710000000061
21
-100.7253209999999939
0
LINE
8
L1 (Sig, PWR)
6
CONTINUOUS
10
147.2787710000000061
20
-100.7253209999999939
11
147.2268629999999803
21
-100.6906369999999953
0
LINE
8
L1 (Sig, PWR)
6
CONTINUOUS
10
147.2268629999999803
20
-100.6906369999999953
11
147.1921789999999817
21
-100.6387289999999979
0
LINE
8
L1 (Sig, PWR)
6
CONTINUOUS
10
147.1921789999999817
20
-100.6387289999999979
11
147.1800000000000068
21
-100.5775000000000006
0
LINE
8
L1 (Sig, PWR)
6
CONTINUOUS
10
147.1800000000000068
20
-100.5775000000000006
11
147.1800000000000068
21
-100.1324999999999932
0
LINE
8
L1 (Sig, PWR)
6
CONTINUOUS
10
147.1800000000000068
20
-100.1324999999999932
11
147.1921789999999817
21
-100.0712709999999959
0
LINE
8
L1 (Sig, PWR)
6
CONTINUOUS
10
147.1921789999999817
20
-100.0712709999999959
11
147.2268629999999803
21
-100.0193629999999985
0
LINE
8
L1 (Sig, PWR)
6
CONTINUOUS
10
147.2268629999999803
20
-100.0193629999999985
11
147.2787710000000061
21
-99.9846789999999999
0
LINE
8
L1 (Sig, PWR)
6
CONTINUOUS
10
147.2787710000000061
20
-99.9846789999999999
11
147.2999999999999829
21
-99.9804559999999896
0
LINE
8
L1 (Sig, PWR)
6
CONTINUOUS
10
147.2999999999999829
20
-99.9804559999999896
11
147.2999999999999829
21
-99.
0
LINE
8
L1 (Sig, PWR)
6
CONTINUOUS
10
147.2999999999999829
20
-99.
11
147.3038430000000005
21
-98.9609820000000013
0
LINE
8
L1 (Sig, PWR)
6
CONTINUOUS
10
147.3038430000000005
20
-98.9609820000000013
11
147.3337060000000065
21
-98.8888859999999994
0
LINE
8
L1 (Sig, PWR)
6
CONTINUOUS
10
147.3337060000000065
20
-98.8888859999999994
11
147.3585789999999918
21
-98.8585789999999918
0
LINE
8
L1 (Sig, PWR)
6
CONTINUOUS
10
147.3585789999999918
20
-98.8585789999999918
11
147.8111419999999896
21
-98.4060149999999965
0
LINE
8
L1 (Sig, PWR)
6
CONTINUOUS
10
147.8111419999999896
20
-98.4060149999999965
11
147.7999999999999829
21
-98.3499999999999943
0
LINE
8
L1 (Sig, PWR)
6
CONTINUOUS
10
147.7999999999999829
20
-98.3499999999999943
11
147.7999999999999829
21
-97.6499999999999915
0
LINE
8
L1 (Sig, PWR)
6
CONTINUOUS
10
147.7999999999999829
20
-97.6499999999999915
11
147.8190299999999979
21
-97.5543289999999956
0
LINE
8
L1 (Sig, PWR)
6
CONTINUOUS
10
147.8190299999999979
20
-97.5543289999999956
11
147.8732229999999959
21
-97.4732229999999902
0
LINE
8
L1 (Sig, PWR)
6
CONTINUOUS
10
147.8732229999999959
20
-97.4732229999999902
11
147.9543290000000013
21
-97.4190299999999922
0
LINE
8
L1 (Sig, PWR)
6
CONTINUOUS
10
147.9543290000000013
20
-97.4190299999999922
11
148.0499999999999829
21
-97.3999999999999915
0
LINE
8
L1 (Sig, PWR)
6
CONTINUOUS
10
148.0499999999999829
20
-97.3999999999999915
11
148.9499999999999886
21
-97.3999999999999915
0
LINE
8
L1 (Sig, PWR)
6
CONTINUOUS
10
148.9499999999999886
20
-97.3999999999999915
11
149.0456709999999987
21
-97.4190299999999922
0
LINE
8
L1 (Sig, PWR)
6
CONTINUOUS
10
156.3100000000000023
20
-93.7599999999999909
11
157.1773029999999949
21
-93.7599999999999909
0
LINE
8
L1 (Sig, PWR)
6
CONTINUOUS
10
157.1773029999999949
20
-93.7599999999999909
11
157.186600999999996
21
-93.7132579999999962
0
LINE
8
L1 (Sig, PWR)
6
CONTINUOUS
10
157.186600999999996
20
-93.7132579999999962
11
157.2503669999999829
21
-93.5593129999999888
0
LINE
8
L1 (Sig, PWR)
6
CONTINUOUS
10
157.2503669999999829
20
-93.5593129999999888
11
157.3429409999999962
21
-93.4207660000000004
0
LINE
8
L1 (Sig, PWR)
6
CONTINUOUS
10
157.3429409999999962
20
-93.4207660000000004
11
157.4607660000000067
21
-93.3029409999999899
0
LINE
8
L1 (Sig, PWR)
6
CONTINUOUS
10
157.4607660000000067
20
-93.3029409999999899
11
157.5993129999999951
21
-93.2103669999999909
0
LINE
8
L1 (Sig, PWR)
6
CONTINUOUS
10
157.5993129999999951
20
-93.2103669999999909
11
157.7532579999999882
21
-93.1466009999999898
0
LINE
8
L1 (Sig, PWR)
6
CONTINUOUS
10
157.7532579999999882
20
-93.1466009999999898
11
157.9166850000000011
21
-93.1140929999999969
0
LINE
8
L1 (Sig, PWR)
6
CONTINUOUS
10
157.9166850000000011
20
-93.1140929999999969
11
158.0833149999999989
21
-93.1140929999999969
0
LINE
8
L1 (Sig, PWR)
6
CONTINUOUS
10
158.0833149999999989
20
-93.1140929999999969
11
158.2467419999999834
21
-93.1466009999999898
0
LINE
8
L1 (Sig, PWR)
6
CONTINUOUS
10
158.2467419999999834
20
-93.1466009999999898
11
158.4006870000000049
21
-93.2103669999999909
0
LINE
8
L1 (Sig, PWR)
6
CONTINUOUS
10
158.4006870000000049
20
-93.2103669999999909
11
158.5392339999999933
21
-93.3029409999999899
0
LINE
8
L1 (Sig, PWR)
6
CONTINUOUS
10
158.5392339999999933
20
-93.3029409999999899
11
158.6570590000000038
21
-93.4207660000000004
0
LINE
8
L1 (Sig, PWR)
6
CONTINUOUS
10
158.6570590000000038
20
-93.4207660000000004
11
158.7496329999999887
21
-93.5593129999999888
0
LINE
8
L1 (Sig, PWR)
6
CONTINUOUS
10
158.7496329999999887
20
-93.5593129999999888
11
158.813399000000004
21
-93.7132579999999962
0
LINE
8
L1 (Sig, PWR)
6
CONTINUOUS
10
158.813399000000004
20
-93.7132579999999962
11
158.8459069999999826
21
-93.8766849999999948
0
LINE
8
L1 (Sig, PWR)
6
CONTINUOUS
10
158.8459069999999826
20
-93.8766849999999948
11
158.8459069999999826
21
-94.0433149999999927
0
LINE
8
L1 (Sig, PWR)
6
CONTINUOUS
10
158.8459069999999826
20
-94.0433149999999927
11
158.813399000000004
21
-94.2067419999999913
0
LINE
8
L1 (Sig, PWR)
6
CONTINUOUS
10
158.813399000000004
20
-94.2067419999999913
11
158.7496329999999887
21
-94.3606869999999986
0
LINE
8
L1 (Sig, PWR)
6
CONTINUOUS
10
158.7496329999999887
20
-94.3606869999999986
11
158.6570590000000038
21
-94.4992340000000013
0
LINE
8
L1 (Sig, PWR)
6
CONTINUOUS
10
158.6570590000000038
20
-94.4992340000000013
11
158.5392339999999933
21
-94.6170589999999976
0
LINE
8
L1 (Sig, PWR)
6
CONTINUOUS
10
158.5392339999999933
20
-94.6170589999999976
11
158.4006870000000049
21
-94.7096329999999966
0
LINE
8
L1 (Sig, PWR)
6
CONTINUOUS
10
158.4006870000000049
20
-94.7096329999999966
11
158.2467419999999834
21
-94.7733989999999977
0
LINE
8
L1 (Sig, PWR)
6
CONTINUOUS
10
158.2467419999999834
20
-94.7733989999999977
11
158.1999999999999886
21
-94.7826960000000014
0
LINE
8
L1 (Sig, PWR)
6
CONTINUOUS
10
158.1999999999999886
20
-94.7826960000000014
11
158.1999999999999886
21
-95.6773029999999949
0
LINE
8
L1 (Sig, PWR)
6
CONTINUOUS
10
158.1999999999999886
20
-95.6773029999999949
11
158.2467419999999834
21
-95.686600999999996
0
LINE
8
L1 (Sig, PWR)
6
CONTINUOUS
10
158.2467419999999834
20
-95.686600999999996
11
158.4006870000000049
21
-95.7503669999999971
0
LINE
8
L1 (Sig, PWR)
6
CONTINUOUS
10
158.4006870000000049
20
-95.7503669999999971
11
158.5392339999999933
21
-95.8429409999999962
0
LINE
8
L1 (Sig, PWR)
6
CONTINUOUS
10
158.5392339999999933
20
-95.8429409999999962
11
158.6570590000000038
21
-95.9607659999999925
0
LINE
8
L1 (Sig, PWR)
6
CONTINUOUS
10
158.6570590000000038
20
-95.9607659999999925
11
158.7496329999999887
21
-96.0993129999999951
0
LINE
8
L1 (Sig, PWR)
6
CONTINUOUS
10
158.7496329999999887
20
-96.0993129999999951
11
158.813399000000004
21
-96.2532580000000024
0
LINE
8
L1 (Sig, PWR)
6
CONTINUOUS
10
158.813399000000004
20
-96.2532580000000024
11
158.8459069999999826
21
-96.4166850000000011
0
LINE
8
L1 (Sig, PWR)
6
CONTINUOUS
10
158.8459069999999826
20
-96.4166850000000011
11
158.8459069999999826
21
-96.5833149999999989
0
LINE
8
L1 (Sig, PWR)
6
CONTINUOUS
10
158.8459069999999826
20
-96.5833149999999989
11
158.813399000000004
21
-96.7467419999999976
0
LINE
8
L1 (Sig, PWR)
6
CONTINUOUS
10
158.813399000000004
20
-96.7467419999999976
11
158.7496329999999887
21
-96.9006869999999907
0
LINE
8
L1 (Sig, PWR)
6
CONTINUOUS
10
158.7496329999999887
20
-96.9006869999999907
11
158.6570590000000038
21
-97.0392339999999933
0
LINE
8
L1 (Sig, PWR)
6
CONTINUOUS
10
158.6570590000000038
20
-97.0392339999999933
11
158.5392339999999933
21
-97.1570589999999896
0
LINE
8
L1 (Sig, PWR)
6
CONTINUOUS
10
158.5392339999999933
20
-97.1570589999999896
11
158.4006870000000049
21
-97.2496329999999887
0
LINE
8
L1 (Sig, PWR)
6
CONTINUOUS
10
158.4006870000000049
20
-97.2496329999999887
11
158.2467419999999834
21
-97.3133989999999898
0
LINE
8
L1 (Sig, PWR)
6
CONTINUOUS
10
158.2467419999999834
20
-97.3133989999999898
11
158.0833149999999989
21
-97.3459069999999969
0
LINE
8
L1 (Sig, PWR)
6
CONTINUOUS
10
158.0833149999999989
20
-97.3459069999999969
11
157.9166850000000011
21
-97.3459069999999969
0
LINE
8
L1 (Sig, PWR)
6
CONTINUOUS
10
157.9166850000000011
20
-97.3459069999999969
11
157.7532579999999882
21
-97.3133989999999898
0
LINE
8
L1 (Sig, PWR)
6
CONTINUOUS
10
157.7532579999999882
20
-97.3133989999999898
11
157.5993129999999951
21
-97.2496329999999887
0
LINE
8
L1 (Sig, PWR)
6
CONTINUOUS
10
157.5993129999999951
20
-97.2496329999999887
11
157.4607660000000067
21
-97.1570589999999896
0
LINE
8
L1 (Sig, PWR)
6
CONTINUOUS
10
157.4607660000000067
20
-97.1570589999999896
11
157.3429409999999962
21
-97.0392339999999933
0
LINE
8
L1 (Sig, PWR)
6
CONTINUOUS
10
157.3429409999999962
20
-97.0392339999999933
11
157.2503669999999829
21
-96.9006869999999907
0
LINE
8
L1 (Sig, PWR)
6
CONTINUOUS
10
157.2503669999999829
20
-96.9006869999999907
11
157.186600999999996
21
-96.7467419999999976
0
LINE
8
L1 (Sig, PWR)
6
CONTINUOUS
10
157.186600999999996
20
-96.7467419999999976
11
157.1773029999999949
21
-96.6999999999999886
0
LINE
8
L1 (Sig, PWR)
6
CONTINUOUS
10
157.1773029999999949
20
-96.6999999999999886
11
156.2826969999999847
21
-96.6999999999999886
0
LINE
8
L1 (Sig, PWR)
6
CONTINUOUS
10
156.2826969999999847
20
-96.6999999999999886
11
156.2733989999999835
21
-96.7467419999999976
0
LINE
8
L1 (Sig, PWR)
6
CONTINUOUS
10
156.2733989999999835
20
-96.7467419999999976
11
156.2096329999999966
21
-96.9006869999999907
0
LINE
8
L1 (Sig, PWR)
6
CONTINUOUS
10
156.2096329999999966
20
-96.9006869999999907
11
156.1170589999999834
21
-97.0392339999999933
0
LINE
8
L1 (Sig, PWR)
6
CONTINUOUS
10
156.1170589999999834
20
-97.0392339999999933
11
155.9992340000000013
21
-97.1570589999999896
0
LINE
8
L1 (Sig, PWR)
6
CONTINUOUS
10
155.9992340000000013
20
-97.1570589999999896
11
155.8606869999999844
21
-97.2496329999999887
0
LINE
8
L1 (Sig, PWR)
6
CONTINUOUS
10
155.8606869999999844
20
-97.2496329999999887
11
155.7067419999999913
21
-97.3133989999999898
0
LINE
8
L1 (Sig, PWR)
6
CONTINUOUS
10
155.7067419999999913
20
-97.3133989999999898
11
155.5433150000000069
21
-97.3459069999999969
0
LINE
8
L1 (Sig, PWR)
6
CONTINUOUS
10
155.5433150000000069
20
-97.3459069999999969
11
155.3766849999999806
21
-97.3459069999999969
0
LINE
8
L1 (Sig, PWR)
6
CONTINUOUS
10
155.3766849999999806
20
-97.3459069999999969
11
155.2132579999999962
21
-97.3133989999999898
0
LINE
8
L1 (Sig, PWR)
6
CONTINUOUS
10
155.2132579999999962
20
-97.3133989999999898
11
155.0593130000000031
21
-97.2496329999999887
0
LINE
8
L1 (Sig, PWR)
6
CONTINUOUS
10
155.0593130000000031
20
-97.2496329999999887
11
154.9207659999999862
21
-97.1570589999999896
0
LINE
8
L1 (Sig, PWR)
6
CONTINUOUS
10
154.9207659999999862
20
-97.1570589999999896
11
154.8029410000000041
21
-97.0392339999999933
0
LINE
8
L1 (Sig, PWR)
6
CONTINUOUS
10
154.8029410000000041
20
-97.0392339999999933
11
154.7103669999999909
21
-96.9006869999999907
0
LINE
8
L1 (Sig, PWR)
6
CONTINUOUS
10
154.7103669999999909
20
-96.9006869999999907
11
154.646601000000004
21
-96.7467419999999976
0
LINE
8
L1 (Sig, PWR)
6
CONTINUOUS
10
154.646601000000004
20
-96.7467419999999976
11
154.6373030000000028
21
-96.6999999999999886
0
LINE
8
L1 (Sig, PWR)
6
CONTINUOUS
10
154.6373030000000028
20
-96.6999999999999886
11
152.5
21
-96.6999999999999886
0
LINE
8
L1 (Sig, PWR)
6
CONTINUOUS
10
152.5
20
-96.6999999999999886
11
152.4609820000000013
21
-96.6961569999999995
0
LINE
8
L1 (Sig, PWR)
6
CONTINUOUS
10
152.4609820000000013
20
-96.6961569999999995
11
152.3888859999999852
21
-96.6662939999999935
0
LINE
8
L1 (Sig, PWR)
6
CONTINUOUS
10
152.3888859999999852
20
-96.6662939999999935
11
152.3585789999999918
21
-96.6414219999999915
0
LINE
8
L1 (Sig, PWR)
6
CONTINUOUS
10
152.3585789999999918
20
-96.6414219999999915
11
151.9171580000000006
21
-96.1999999999999886
0
LINE
8
L1 (Sig, PWR)
6
CONTINUOUS
10
151.9171580000000006
20
-96.1999999999999886
11
149.1999999999999886
21
-96.1999999999999886
0
LINE
8
L1 (Sig, PWR)
6
CONTINUOUS
10
149.1999999999999886
20
-96.1999999999999886
11
149.1999999999999886
21
-96.3499999999999943
0
LINE
8
L1 (Sig, PWR)
6
CONTINUOUS
10
149.1999999999999886
20
-96.3499999999999943
11
149.1809700000000021
21
-96.4456709999999902
0
LINE
8
L1 (Sig, PWR)
6
CONTINUOUS
10
149.1809700000000021
20
-96.4456709999999902
11
149.1267770000000041
21
-96.5267769999999956
0
LINE
8
L1 (Sig, PWR)
6
CONTINUOUS
10
149.1267770000000041
20
-96.5267769999999956
11
149.0456709999999987
21
-96.5809699999999935
0
LINE
8
L1 (Sig, PWR)
6
CONTINUOUS
10
149.0456709999999987
20
-96.5809699999999935
11
148.9499999999999886
21
-96.5999999999999943
0
LINE
8
L1 (Sig, PWR)
6
CONTINUOUS
10
148.9499999999999886
20
-96.5999999999999943
11
148.0499999999999829
21
-96.5999999999999943
0
LINE
8
L1 (Sig, PWR)
6
CONTINUOUS
10
148.0499999999999829
20
-96.5999999999999943
11
147.9543290000000013
21
-96.5809699999999935
0
LINE
8
L1 (Sig, PWR)
6
CONTINUOUS
10
147.9543290000000013
20
-96.5809699999999935
11
147.8732229999999959
21
-96.5267769999999956
0
LINE
8
L1 (Sig, PWR)
6
CONTINUOUS
10
147.8732229999999959
20
-96.5267769999999956
11
147.8190299999999979
21
-96.4456709999999902
0
LINE
8
L1 (Sig, PWR)
6
CONTINUOUS
10
147.8190299999999979
20
-96.4456709999999902
11
147.7999999999999829
21
-96.3499999999999943
0
LINE
8
L1 (Sig, PWR)
6
CONTINUOUS
10
147.7999999999999829
20
-96.3499999999999943
11
147.7999999999999829
21
-96.1799999999999926
0
LINE
8
L1 (Sig, PWR)
6
CONTINUOUS
10
147.7999999999999829
20
-96.1799999999999926
11
145.
21
-96.1799999999999926
0
LINE
8
L1 (Sig, PWR)
6
CONTINUOUS
10
145.
20
-96.1799999999999926
11
136.6780109999999979
21
-96.1799999999999926
0
LINE
8
L1 (Sig, PWR)
6
CONTINUOUS
10
136.6780109999999979
20
-96.1799999999999926
11
136.6655370000000005
21
-96.2427100000000024
0
LINE
8
L1 (Sig, PWR)
6
CONTINUOUS
10
136.6655370000000005
20
-96.2427100000000024
11
136.6243499999999926
21
-96.3043499999999995
0
LINE
8
L1 (Sig, PWR)
6
CONTINUOUS
10
136.6243499999999926
20
-96.3043499999999995
11
136.5627099999999814
21
-96.3455369999999931
0
LINE
8
L1 (Sig, PWR)
6
CONTINUOUS
10
136.5627099999999814
20
-96.3455369999999931
11
136.4899999999999807
21
-96.3599999999999994
0
LINE
8
L1 (Sig, PWR)
6
CONTINUOUS
10
136.4899999999999807
20
-96.3599999999999994
11
135.6699999999999875
21
-96.3599999999999994
0
LINE
8
L1 (Sig, PWR)
6
CONTINUOUS
10
135.6699999999999875
20
-96.3599999999999994
11
135.5972899999999868
21
-96.3455369999999931
0
LINE
8
L1 (Sig, PWR)
6
CONTINUOUS
10
135.5972899999999868
20
-96.3455369999999931
11
135.535650000000004
21
-96.3043499999999995
0
LINE
8
L1 (Sig, PWR)
6
CONTINUOUS
10
135.535650000000004
20
-96.3043499999999995
11
135.4967330000000061
21
-96.2461079999999924
0
LINE
8
L1 (Sig, PWR)
6
CONTINUOUS
10
135.4967330000000061
20
-96.2461079999999924
11
135.2789999999999964
21
-96.4638419999999996
0
LINE
8
L1 (Sig, PWR)
6
CONTINUOUS
10
135.2789999999999964
20
-96.4638419999999996
11
135.2789999999999964
21
-98.5361569999999887
0
LINE
8
L1 (Sig, PWR)
6
CONTINUOUS
10
135.2789999999999964
20
-98.5361569999999887
11
135.4967330000000061
21
-98.7538909999999959
0
LINE
8
L1 (Sig, PWR)
6
CONTINUOUS
10
135.4967330000000061
20
-98.7538909999999959
11
135.535650000000004
21
-98.6956500000000005
0
LINE
8
L1 (Sig, PWR)
6
CONTINUOUS
10
135.535650000000004
20
-98.6956500000000005
11
135.5972899999999868
21
-98.6544629999999927
0
LINE
8
L1 (Sig, PWR)
6
CONTINUOUS
10
135.5972899999999868
20
-98.6544629999999927
11
135.6699999999999875
21
-98.6400000000000006
0
LINE
8
L1 (Sig, PWR)
6
CONTINUOUS
10
135.6699999999999875
20
-98.6400000000000006
11
136.4899999999999807
21
-98.6400000000000006
0
LINE
8
L1 (Sig, PWR)
6
CONTINUOUS
10
136.4899999999999807
20
-98.6400000000000006
11
136.5627099999999814
21
-98.6544629999999927
0
LINE
8
L1 (Sig, PWR)
6
CONTINUOUS
10
136.5627099999999814
20
-98.6544629999999927
11
136.6243499999999926
21
-98.6956500000000005
0
LINE
8
L1 (Sig, PWR)
6
CONTINUOUS
10
136.6243499999999926
20
-98.6956500000000005
11
136.6655370000000005
21
-98.7572899999999976
0
LINE
8
L1 (Sig, PWR)
6
CONTINUOUS
10
136.6655370000000005
20
-98.7572899999999976
11
136.6800000000000068
21
-98.8299999999999983
0
LINE
8
L1 (Sig, PWR)
6
CONTINUOUS
10
136.6800000000000068
20
-98.8299999999999983
11
136.6800000000000068
21
-99.2099999999999937
0
LINE
8
L1 (Sig, PWR)
6
CONTINUOUS
10
136.6800000000000068
20
-99.2099999999999937
11
136.6655370000000005
21
-99.2827099999999945
0
LINE
8
L1 (Sig, PWR)
6
CONTINUOUS
10
136.6655370000000005
20
-99.2827099999999945
11
136.6243499999999926
21
-99.3443499999999915
0
LINE
8
L1 (Sig, PWR)
6
CONTINUOUS
10
136.6243499999999926
20
-99.3443499999999915
11
136.5627099999999814
21
-99.3855369999999994
0
LINE
8
L1 (Sig, PWR)
6
CONTINUOUS
10
136.5627099999999814
20
-99.3855369999999994
11
136.4899999999999807
21
-99.3999999999999915
0
LINE
8
L1 (Sig, PWR)
6
CONTINUOUS
10
136.4899999999999807
20
-99.3999999999999915
11
135.6699999999999875
21
-99.3999999999999915
0
LINE
8
L1 (Sig, PWR)
6
CONTINUOUS
10
135.6699999999999875
20
-99.3999999999999915
11
135.5972899999999868
21
-99.3855369999999994
0
LINE
8
L1 (Sig, PWR)
6
CONTINUOUS
10
135.5972899999999868
20
-99.3855369999999994
11
135.535650000000004
21
-99.3443499999999915
0
LINE
8
L1 (Sig, PWR)
6
CONTINUOUS
10
135.535650000000004
20
-99.3443499999999915
11
135.4944629999999961
21
-99.2827099999999945
0
LINE
8
L1 (Sig, PWR)
6
CONTINUOUS
10
135.4944629999999961
20
-99.2827099999999945
11
135.4819889999999987
21
-99.2199999999999989
0
LINE
8
L1 (Sig, PWR)
6
CONTINUOUS
10
135.4819889999999987
20
-99.2199999999999989
11
135.4799999999999898
21
-99.2199999999999989
0
LINE
8
L1 (Sig, PWR)
6
CONTINUOUS
10
135.4799999999999898
20
-99.2199999999999989
11
135.4409819999999911
21
-99.2161569999999955
0
LINE
8
L1 (Sig, PWR)
6
CONTINUOUS
10
135.4409819999999911
20
-99.2161569999999955
11
135.3688860000000034
21
-99.1862939999999895
0
LINE
8
L1 (Sig, PWR)
6
CONTINUOUS
10
135.3688860000000034
20
-99.1862939999999895
11
135.3385789999999815
21
-99.1614220000000017
0
LINE
8
L1 (Sig, PWR)
6
CONTINUOUS
10
135.3385789999999815
20
-99.1614220000000017
11
134.9375789999999995
21
-98.7604209999999938
0
LINE
8
L1 (Sig, PWR)
6
CONTINUOUS
10
134.9375789999999995
20
-98.7604209999999938
11
134.9127059999999858
21
-98.7301140000000004
0
LINE
8
L1 (Sig, PWR)
6
CONTINUOUS
10
134.9127059999999858
20
-98.7301140000000004
11
134.8828429999999798
21
-98.6580179999999984
0
LINE
8
L1 (Sig, PWR)
6
CONTINUOUS
10
134.8828429999999798
20
-98.6580179999999984
11
134.8789999999999907
21
-98.6189999999999998
0
LINE
8
L1 (Sig, PWR)
6
CONTINUOUS
10
134.8789999999999907
20
-98.6189999999999998
11
134.8789999999999907
21
-96.3810000000000002
0
LINE
8
L1 (Sig, PWR)
6
CONTINUOUS
10
134.8789999999999907
20
-96.3810000000000002
11
134.8828429999999798
21
-96.3419820000000016
0
LINE
8
L1 (Sig, PWR)
6
CONTINUOUS
10
134.8828429999999798
20
-96.3419820000000016
11
134.9127059999999858
21
-96.2698859999999996
0
LINE
8
L1 (Sig, PWR)
6
CONTINUOUS
10
134.9127059999999858
20
-96.2698859999999996
11
134.9375789999999995
21
-96.239578999999992
0
LINE
8
L1 (Sig, PWR)
6
CONTINUOUS
10
134.9375789999999995
20
-96.239578999999992
11
135.3385789999999815
21
-95.8385779999999983
0
LINE
8
L1 (Sig, PWR)
6
CONTINUOUS
10
135.3385789999999815
20
-95.8385779999999983
11
135.3688860000000034
21
-95.8137059999999963
0
LINE
8
L1 (Sig, PWR)
6
CONTINUOUS
10
135.3688860000000034
20
-95.8137059999999963
11
135.4409819999999911
21
-95.7838429999999903
0
LINE
8
L1 (Sig, PWR)
6
CONTINUOUS
10
135.4409819999999911
20
-95.7838429999999903
11
135.4799999999999898
21
-95.7800000000000011
0
LINE
8
L1 (Sig, PWR)
6
CONTINUOUS
10
135.4799999999999898
20
-95.7800000000000011
11
135.4819889999999987
21
-95.7800000000000011
0
LINE
8
L1 (Sig, PWR)
6
CONTINUOUS
10
135.4819889999999987
20
-95.7800000000000011
11
135.4944629999999961
21
-95.7172899999999913
0
LINE
8
L1 (Sig, PWR)
6
CONTINUOUS
10
135.4944629999999961
20
-95.7172899999999913
11
135.535650000000004
21
-95.6556499999999943
0
LINE
8
L1 (Sig, PWR)
6
CONTINUOUS
10
135.535650000000004
20
-95.6556499999999943
11
135.5972899999999868
21
-95.6144630000000006
0
LINE
8
L1 (Sig, PWR)
6
CONTINUOUS
10
135.5972899999999868
20
-95.6144630000000006
11
135.6699999999999875
21
-95.5999999999999943
0
LINE
8
L1 (Sig, PWR)
6
CONTINUOUS
10
135.6699999999999875
20
-95.5999999999999943
11
136.4899999999999807
21
-95.5999999999999943
0
LINE
8
L1 (Sig, PWR)
6
CONTINUOUS
10
136.4899999999999807
20
-95.5999999999999943
11
136.5627099999999814
21
-95.6144630000000006
0
LINE
8
L1 (Sig, PWR)
6
CONTINUOUS
10
136.5627099999999814
20
-95.6144630000000006
11
136.6243499999999926
21
-95.6556499999999943
0
LINE
8
L1 (Sig, PWR)
6
CONTINUOUS
10
136.6243499999999926
20
-95.6556499999999943
11
136.6655370000000005
21
-95.7172899999999913
0
LINE
8
L1 (Sig, PWR)
6
CONTINUOUS
10
136.6655370000000005
20
-95.7172899999999913
11
136.6780109999999979
21
-95.7800000000000011
0
LINE
8
L1 (Sig, PWR)
6
CONTINUOUS
10
136.6780109999999979
20
-95.7800000000000011
11
138.7999999999999829
21
-95.7800000000000011
0
LINE
8
L1 (Sig, PWR)
6
CONTINUOUS
10
138.7999999999999829
20
-95.7800000000000011
11
138.7999999999999829
21
-95.2212279999999964
0
LINE
8
L1 (Sig, PWR)
6
CONTINUOUS
10
138.7999999999999829
20
-95.2212279999999964
11
138.7822859999999991
21
-95.2177049999999952
0
LINE
8
L1 (Sig, PWR)
6
CONTINUOUS
10
138.7822859999999991
20
-95.2177049999999952
11
138.6464519999999823
21
-95.1614409999999964
0
LINE
8
L1 (Sig, PWR)
6
CONTINUOUS
10
138.6464519999999823
20
-95.1614409999999964
11
138.5242049999999949
21
-95.0797579999999982
0
LINE
8
L1 (Sig, PWR)
6
CONTINUOUS
10
138.5242049999999949
20
-95.0797579999999982
11
138.4202420000000018
21
-94.9757949999999909
0
LINE
8
L1 (Sig, PWR)
6
CONTINUOUS
10
138.4202420000000018
20
-94.9757949999999909
11
138.3385590000000036
21
-94.8535479999999893
0
LINE
8
L1 (Sig, PWR)
6
CONTINUOUS
10
138.3385590000000036
20
-94.8535479999999893
11
138.2822950000000048
21
-94.7177140000000009
0
LINE
8
L1 (Sig, PWR)
6
CONTINUOUS
10
138.2822950000000048
20
-94.7177140000000009
11
138.2536110000000065
21
-94.5735129999999913
0
LINE
8
L1 (Sig, PWR)
6
CONTINUOUS
10
138.2536110000000065
20
-94.5735129999999913
11
138.2536110000000065
21
-94.4264869999999945
0
LINE
8
L1 (Sig, PWR)
6
CONTINUOUS
10
138.2536110000000065
20
-94.4264869999999945
11
138.2822950000000048
21
-94.2822859999999991
0
LINE
8
L1 (Sig, PWR)
6
CONTINUOUS
10
138.2822950000000048
20
-94.2822859999999991
11
138.3385590000000036
21
-94.1464519999999965
0
LINE
8
L1 (Sig, PWR)
6
CONTINUOUS
10
138.3385590000000036
20
-94.1464519999999965
11
138.4202420000000018
21
-94.0242049999999949
0
LINE
8
L1 (Sig, PWR)
6
CONTINUOUS
10
138.4202420000000018
20
-94.0242049999999949
11
138.5242049999999949
21
-93.9202420000000018
0
LINE
8
L1 (Sig, PWR)
6
CONTINUOUS
10
138.5242049999999949
20
-93.9202420000000018
11
138.6464519999999823
21
-93.8385589999999894
0
LINE
8
L1 (Sig, PWR)
6
CONTINUOUS
10
138.6464519999999823
20
-93.8385589999999894
11
138.7822859999999991
21
-93.7822949999999906
0
LINE
8
L1 (Sig, PWR)
6
CONTINUOUS
10
138.7822859999999991
20
-93.7822949999999906
11
138.9264869999999803
21
-93.7536109999999923
0
LINE
8
L1 (Sig, PWR)
6
CONTINUOUS
10
138.9264869999999803
20
-93.7536109999999923
11
139.0735129999999913
21
-93.7536109999999923
0
LINE
8
L1 (Sig, PWR)
6
CONTINUOUS
10
139.0735129999999913
20
-93.7536109999999923
11
139.2177140000000009
21
-93.7822949999999906
0
LINE
8
L1 (Sig, PWR)
6
CONTINUOUS
10
139.2177140000000009
20
-93.7822949999999906
11
139.3535479999999893
21
-93.8385589999999894
0
LINE
8
L1 (Sig, PWR)
6
CONTINUOUS
10
139.3535479999999893
20
-93.8385589999999894
11
139.4757950000000051
21
-93.9202420000000018
0
LINE
8
L1 (Sig, PWR)
6
CONTINUOUS
10
139.4757950000000051
20
-93.9202420000000018
11
139.5797579999999982
21
-94.0242049999999949
0
LINE
8
L1 (Sig, PWR)
6
CONTINUOUS
10
139.5797579999999982
20
-94.0242049999999949
11
139.6614409999999964
21
-94.1464519999999965
0
LINE
8
L1 (Sig, PWR)
6
CONTINUOUS
10
139.6614409999999964
20
-94.1464519999999965
11
139.7177049999999952
21
-94.2822859999999991
0
LINE
8
L1 (Sig, PWR)
6
CONTINUOUS
10
139.7177049999999952
20
-94.2822859999999991
11
139.7463889999999935
21
-94.4264869999999945
0
LINE
8
L1 (Sig, PWR)
6
CONTINUOUS
10
139.7463889999999935
20
-94.4264869999999945
11
139.7463889999999935
21
-94.5735129999999913
0
LINE
8
L1 (Sig, PWR)
6
CONTINUOUS
10
139.7463889999999935
20
-94.5735129999999913
11
139.7177049999999952
21
-94.7177140000000009
0
LINE
8
L1 (Sig, PWR)
6
CONTINUOUS
10
139.7177049999999952
20
-94.7177140000000009
11
139.6614409999999964
21
-94.8535479999999893
0
LINE
8
L1 (Sig, PWR)
6
CONTINUOUS
10
139.6614409999999964
20
-94.8535479999999893
11
139.5797579999999982
21
-94.9757949999999909
0
LINE
8
L1 (Sig, PWR)
6
CONTINUOUS
10
139.5797579999999982
20
-94.9757949999999909
11
139.4757950000000051
21
-95.0797579999999982
0
LINE
8
L1 (Sig, PWR)
6
CONTINUOUS
10
139.4757950000000051
20
-95.0797579999999982
11
139.3535479999999893
21
-95.1614409999999964
0
LINE
8
L1 (Sig, PWR)
6
CONTINUOUS
10
139.3535479999999893
20
-95.1614409999999964
11
139.2177140000000009
21
-95.2177049999999952
0
LINE
8
L1 (Sig, PWR)
6
CONTINUOUS
10
139.2177140000000009
20
-95.2177049999999952
11
139.1999999999999886
21
-95.2212279999999964
0
LINE
8
L1 (Sig, PWR)
6
CONTINUOUS
10
139.1999999999999886
20
-95.2212279999999964
11
139.1999999999999886
21
-95.7800000000000011
0
LINE
8
L1 (Sig, PWR)
6
CONTINUOUS
10
139.1999999999999886
20
-95.7800000000000011
11
145.
21
-95.7800000000000011
0
LINE
8
L1 (Sig, PWR)
6
CONTINUOUS
10
145.
20
-95.7800000000000011
11
147.7999999999999829
21
-95.7800000000000011
0
LINE
8
L1 (Sig, PWR)
6
CONTINUOUS
10
147.7999999999999829
20
-95.7800000000000011
11
147.7999999999999829
21
-95.6499999999999915
0
LINE
8
L1 (Sig, PWR)
6
CONTINUOUS
10
147.7999999999999829
20
-95.6499999999999915
11
147.8190299999999979
21
-95.5543289999999956
0
LINE
8
L1 (Sig, PWR)
6
CONTINUOUS
10
147.8190299999999979
20
-95.5543289999999956
11
147.8732229999999959
21
-95.4732229999999902
0
LINE
8
L1 (Sig, PWR)
6
CONTINUOUS
10
147.8732229999999959
20
-95.4732229999999902
11
147.9543290000000013
21
-95.4190299999999922
0
LINE
8
L1 (Sig, PWR)
6
CONTINUOUS
10
147.9543290000000013
20
-95.4190299999999922
11
148.0499999999999829
21
-95.3999999999999915
0
LINE
8
L1 (Sig, PWR)
6
CONTINUOUS
10
148.0499999999999829
20
-95.3999999999999915
11
148.9499999999999886
21
-95.3999999999999915
0
LINE
8
L1 (Sig, PWR)
6
CONTINUOUS
10
148.9499999999999886
20
-95.3999999999999915
11
149.0456709999999987
21
-95.4190299999999922
0
LINE
8
L1 (Sig, PWR)
6
CONTINUOUS
10
149.0456709999999987
20
-95.4190299999999922
11
149.1267770000000041
21
-95.4732229999999902
0
LINE
8
L1 (Sig, PWR)
6
CONTINUOUS
10
149.1267770000000041
20
-95.4732229999999902
11
149.1809700000000021
21
-95.5543289999999956
0
LINE
8
L1 (Sig, PWR)
6
CONTINUOUS
10
149.1809700000000021
20
-95.5543289999999956
11
149.1999999999999886
21
-95.6499999999999915
0
LINE
8
L1 (Sig, PWR)
6
CONTINUOUS
10
149.1999999999999886
20
-95.6499999999999915
11
149.1999999999999886
21
-95.7999999999999972
0
LINE
8
L1 (Sig, PWR)
6
CONTINUOUS
10
149.1999999999999886
20
-95.7999999999999972
11
152.
21
-95.7999999999999972
0
LINE
8
L1 (Sig, PWR)
6
CONTINUOUS
10
152.
20
-95.7999999999999972
11
152.0390179999999987
21
-95.8038430000000005
0
LINE
8
L1 (Sig, PWR)
6
CONTINUOUS
10
152.0390179999999987
20
-95.8038430000000005
11
152.1111139999999864
21
-95.8337059999999923
0
LINE
8
L1 (Sig, PWR)
6
CONTINUOUS
10
152.1111139999999864
20
-95.8337059999999923
11
152.1414209999999798
21
-95.8585789999999918
0
LINE
8
L1 (Sig, PWR)
6
CONTINUOUS
10
152.1414209999999798
20
-95.8585789999999918
11
152.5828429999999969
21
-96.2999999999999972
0
LINE
8
L1 (Sig, PWR)
6
CONTINUOUS
10
152.5828429999999969
20
-96.2999999999999972
11
154.6373030000000028
21
-96.2999999999999972
0
LINE
8
L1 (Sig, PWR)
6
CONTINUOUS
10
154.6373030000000028
20
-96.2999999999999972
11
154.646601000000004
21
-96.2532580000000024
0
LINE
8
L1 (Sig, PWR)
6
CONTINUOUS
10
154.646601000000004
20
-96.2532580000000024
11
154.7103669999999909
21
-96.0993129999999951
0
LINE
8
L1 (Sig, PWR)
6
CONTINUOUS
10
154.7103669999999909
20
-96.0993129999999951
11
154.8029410000000041
21
-95.9607659999999925
0
LINE
8
L1 (Sig, PWR)
6
CONTINUOUS
10
154.8029410000000041
20
-95.9607659999999925
11
154.9207659999999862
21
-95.8429409999999962
0
LINE
8
L1 (Sig, PWR)
6
CONTINUOUS
10
154.9207659999999862
20
-95.8429409999999962
11
155.0593130000000031
21
-95.7503669999999971
0
LINE
8
L1 (Sig, PWR)
6
CONTINUOUS
10
155.0593130000000031
20
-95.7503669999999971
11
155.2132579999999962
21
-95.686600999999996
0
LINE
8
L1 (Sig, PWR)
6
CONTINUOUS
10
155.2132579999999962
20
-95.686600999999996
11
155.2599999999999909
21
-95.6773029999999949
0
LINE
8
L1 (Sig, PWR)
6
CONTINUOUS
10
155.2599999999999909
20
-95.6773029999999949
11
155.2599999999999909
21
-94.8100000000000023
0
LINE
8
L1 (Sig, PWR)
6
CONTINUOUS
10
155.2599999999999909
20
-94.8100000000000023
11
154.6099999999999852
21
-94.8100000000000023
0
LINE
8
L1 (Sig, PWR)
6
CONTINUOUS
10
154.6099999999999852
20
-94.8100000000000023
11
154.6099999999999852
21
-93.1099999999999994
0
LINE
8
L1 (Sig, PWR)
6
CONTINUOUS
10
154.6099999999999852
20
-93.1099999999999994
11
156.3100000000000023
21
-93.1099999999999994
0
LINE
8
L1 (Sig, PWR)
6
CONTINUOUS
10
156.3100000000000023
20
-93.1099999999999994
11
156.3100000000000023
21
-93.7599999999999909
0
LINE
8
L1 (Sig, PWR)
6
CONTINUOUS
10
156.3100000000000023
20
-94.1599999999999966
11
156.3100000000000023
21
-94.8100000000000023
0
LINE
8
L1 (Sig, PWR)
6
CONTINUOUS
10
156.3100000000000023
20
-94.8100000000000023
11
155.6599999999999966
21
-94.8100000000000023
0
LINE
8
L1 (Sig, PWR)
6
CONTINUOUS
10
155.6599999999999966
20
-94.8100000000000023
11
155.6599999999999966
21
-95.6773029999999949
0
LINE
8
L1 (Sig, PWR)
6
CONTINUOUS
10
155.6599999999999966
20
-95.6773029999999949
11
155.7067419999999913
21
-95.686600999999996
0
LINE
8
L1 (Sig, PWR)
6
CONTINUOUS
10
155.7067419999999913
20
-95.686600999999996
11
155.8606869999999844
21
-95.7503669999999971
0
LINE
8
L1 (Sig, PWR)
6
CONTINUOUS
10
155.8606869999999844
20
-95.7503669999999971
11
155.9992340000000013
21
-95.8429409999999962
0
LINE
8
L1 (Sig, PWR)
6
CONTINUOUS
10
155.9992340000000013
20
-95.8429409999999962
11
156.1170589999999834
21
-95.9607659999999925
0
LINE
8
L1 (Sig, PWR)
6
CONTINUOUS
10
156.1170589999999834
20
-95.9607659999999925
11
156.2096329999999966
21
-96.0993129999999951
0
LINE
8
L1 (Sig, PWR)
6
CONTINUOUS
10
156.2096329999999966
20
-96.0993129999999951
11
156.2733989999999835
21
-96.2532580000000024
0
LINE
8
L1 (Sig, PWR)
6
CONTINUOUS
10
156.2733989999999835
20
-96.2532580000000024
11
156.2826969999999847
21
-96.2999999999999972
0
LINE
8
L1 (Sig, PWR)
6
CONTINUOUS
10
156.2826969999999847
20
-96.2999999999999972
11
157.1773029999999949
21
-96.2999999999999972
0
LINE
8
L1 (Sig, PWR)
6
CONTINUOUS
10
157.1773029999999949
20
-96.2999999999999972
11
157.186600999999996
21
-96.2532580000000024
0
LINE
8
L1 (Sig, PWR)
6
CONTINUOUS
10
157.186600999999996
20
-96.2532580000000024
11
157.2503669999999829
21
-96.0993129999999951
0
LINE
8
L1 (Sig, PWR)
6
CONTINUOUS
10
157.2503669999999829
20
-96.0993129999999951
11
157.3429409999999962
21
-95.9607659999999925
0
LINE
8
L1 (Sig, PWR)
6
CONTINUOUS
10
157.3429409999999962
20
-95.9607659999999925
11
157.4607660000000067
21
-95.8429409999999962
0
LINE
8
L1 (Sig, PWR)
6
CONTINUOUS
10
157.4607660000000067
20
-95.8429409999999962
11
157.5993129999999951
21
-95.7503669999999971
0
LINE
8
L1 (Sig, PWR)
6
CONTINUOUS
10
157.5993129999999951
20
-95.7503669999999971
11
157.7532579999999882
21
-95.686600999999996
0
LINE
8
L1 (Sig, PWR)
6
CONTINUOUS
10
157.7532579999999882
20
-95.686600999999996
11
157.7999999999999829
21
-95.6773029999999949
0
LINE
8
L1 (Sig, PWR)
6
CONTINUOUS
10
157.7999999999999829
20
-95.6773029999999949
11
157.7999999999999829
21
-94.7826960000000014
0
LINE
8
L1 (Sig, PWR)
6
CONTINUOUS
10
157.7999999999999829
20
-94.7826960000000014
11
157.7532579999999882
21
-94.7733989999999977
0
LINE
8
L1 (Sig, PWR)
6
CONTINUOUS
10
157.7532579999999882
20
-94.7733989999999977
11
157.5993129999999951
21
-94.7096329999999966
0
LINE
8
L1 (Sig, PWR)
6
CONTINUOUS
10
157.5993129999999951
20
-94.7096329999999966
11
157.4607660000000067
21
-94.6170589999999976
0
LINE
8
L1 (Sig, PWR)
6
CONTINUOUS
10
157.4607660000000067
20
-94.6170589999999976
11
157.3429409999999962
21
-94.4992340000000013
0
LINE
8
L1 (Sig, PWR)
6
CONTINUOUS
10
157.3429409999999962
20
-94.4992340000000013
11
157.2503669999999829
21
-94.3606869999999986
0
LINE
8
L1 (Sig, PWR)
6
CONTINUOUS
10
157.2503669999999829
20
-94.3606869999999986
11
157.186600999999996
21
-94.2067419999999913
0
LINE
8
L1 (Sig, PWR)
6
CONTINUOUS
10
157.186600999999996
20
-94.2067419999999913
11
157.1773029999999949
21
-94.1599999999999966
0
LINE
8
L1 (Sig, PWR)
6
CONTINUOUS
10
157.1773029999999949
20
-94.1599999999999966
11
156.3100000000000023
21
-94.1599999999999966
0
LINE
8
L1 (Sig, PWR)
6
CONTINUOUS
10
146.0456709999999987
20
-96.4190299999999922
11
146.1267770000000041
21
-96.4732229999999902
0
LINE
8
L1 (Sig, PWR)
6
CONTINUOUS
10
146.1267770000000041
20
-96.4732229999999902
11
146.1809700000000021
21
-96.5543289999999956
0
LINE
8
L1 (Sig, PWR)
6
CONTINUOUS
10
146.1809700000000021
20
-96.5543289999999956
11
146.1999999999999886
21
-96.6499999999999915
0
LINE
8
L1 (Sig, PWR)
6
CONTINUOUS
10
146.1999999999999886
20
-96.6499999999999915
11
146.1999999999999886
21
-97.3499999999999943
0
LINE
8
L1 (Sig, PWR)
6
CONTINUOUS
10
146.1999999999999886
20
-97.3499999999999943
11
146.1809700000000021
21
-97.4456709999999902
0
LINE
8
L1 (Sig, PWR)
6
CONTINUOUS
10
146.1809700000000021
20
-97.4456709999999902
11
146.1267770000000041
21
-97.5267769999999956
0
LINE
8
L1 (Sig, PWR)
6
CONTINUOUS
10
146.1267770000000041
20
-97.5267769999999956
11
146.0456709999999987
21
-97.5809699999999935
0
LINE
8
L1 (Sig, PWR)
6
CONTINUOUS
10
146.0456709999999987
20
-97.5809699999999935
11
145.9499999999999886
21
-97.5999999999999943
0
LINE
8
L1 (Sig, PWR)
6
CONTINUOUS
10
145.9499999999999886
20
-97.5999999999999943
11
145.0499999999999829
21
-97.5999999999999943
0
LINE
8
L1 (Sig, PWR)
6
CONTINUOUS
10
145.0499999999999829
20
-97.5999999999999943
11
144.9543290000000013
21
-97.5809699999999935
0
LINE
8
L1 (Sig, PWR)
6
CONTINUOUS
10
144.9543290000000013
20
-97.5809699999999935
11
144.8732229999999959
21
-97.5267769999999956
0
LINE
8
L1 (Sig, PWR)
6
CONTINUOUS
10
144.8732229999999959
20
-97.5267769999999956
11
144.8190299999999979
21
-97.4456709999999902
0
LINE
8
L1 (Sig, PWR)
6
CONTINUOUS
10
144.8190299999999979
20
-97.4456709999999902
11
144.7999999999999829
21
-97.3499999999999943
0
LINE
8
L1 (Sig, PWR)
6
CONTINUOUS
10
144.7999999999999829
20
-97.3499999999999943
11
144.7999999999999829
21
-97.1999999999999886
0
LINE
8
L1 (Sig, PWR)
6
CONTINUOUS
10
144.7999999999999829
20
-97.1999999999999886
11
143.0828429999999969
21
-97.1999999999999886
0
LINE
8
L1 (Sig, PWR)
6
CONTINUOUS
10
143.0828429999999969
20
-97.1999999999999886
11
142.1414209999999798
21
-98.141420999999994
0
LINE
8
L1 (Sig, PWR)
6
CONTINUOUS
10
142.1414209999999798
20
-98.141420999999994
11
142.1111139999999864
21
-98.1662939999999935
0
LINE
8
L1 (Sig, PWR)
6
CONTINUOUS
10
142.1111139999999864
20
-98.1662939999999935
11
142.0390179999999987
21
-98.1961569999999995
0
LINE
8
L1 (Sig, PWR)
6
CONTINUOUS
10
142.0390179999999987
20
-98.1961569999999995
11
142.
21
-98.1999999999999886
0
LINE
8
L1 (Sig, PWR)
6
CONTINUOUS
10
142.
20
-98.1999999999999886
11
136.675027
21
-98.1999999999999886
0
LINE
8
L1 (Sig, PWR)
6
CONTINUOUS
10
136.675027
20
-98.1999999999999886
11
136.6666789999999878
21
-98.2419699999999949
0
LINE
8
L1 (Sig, PWR)
6
CONTINUOUS
10
136.6666789999999878
20
-98.2419699999999949
11
136.6287439999999833
21
-98.2987439999999992
0
LINE
8
L1 (Sig, PWR)
6
CONTINUOUS
10
136.6287439999999833
20
-98.2987439999999992
11
136.5719699999999932
21
-98.3366789999999895
0
LINE
8
L1 (Sig, PWR)
6
CONTINUOUS
10
136.5719699999999932
20
-98.3366789999999895
11
136.5049999999999955
21
-98.3499999999999943
0
LINE
8
L1 (Sig, PWR)
6
CONTINUOUS
10
136.5049999999999955
20
-98.3499999999999943
11
135.6550000000000011
21
-98.3499999999999943
0
LINE
8
L1 (Sig, PWR)
6
CONTINUOUS
10
135.6550000000000011
20
-98.3499999999999943
11
135.5880300000000034
21
-98.3366789999999895
0
LINE
8
L1 (Sig, PWR)
6
CONTINUOUS
10
135.5880300000000034
20
-98.3366789999999895
11
135.5312559999999849
21
-98.2987439999999992
0
LINE
8
L1 (Sig, PWR)
6
CONTINUOUS
10
135.5312559999999849
20
-98.2987439999999992
11
135.4933209999999804
21
-98.2419699999999949
0
LINE
8
L1 (Sig, PWR)
6
CONTINUOUS
10
135.4933209999999804
20
-98.2419699999999949
11
135.4799999999999898
21
-98.1749999999999972
0
LINE
8
L1 (Sig, PWR)
6
CONTINUOUS
10
135.4799999999999898
20
-98.1749999999999972
11
135.4799999999999898
21
-97.8249999999999886
0
LINE
8
L1 (Sig, PWR)
6
CONTINUOUS
10
135.4799999999999898
20
-97.8249999999999886
11
135.4933209999999804
21
-97.7580299999999909
0
LINE
8
L1 (Sig, PWR)
6
CONTINUOUS
10
135.4933209999999804
20
-97.7580299999999909
11
135.5312559999999849
21
-97.7012560000000008
0
LINE
8
L1 (Sig, PWR)
6
CONTINUOUS
10
135.5312559999999849
20
-97.7012560000000008
11
135.5880300000000034
21
-97.6633209999999963
0
LINE
8
L1 (Sig, PWR)
6
CONTINUOUS
10
135.5880300000000034
20
-97.6633209999999963
11
135.6550000000000011
21
-97.6499999999999915
0
LINE
8
L1 (Sig, PWR)
6
CONTINUOUS
10
135.6550000000000011
20
-97.6499999999999915
11
136.5049999999999955
21
-97.6499999999999915
0
LINE
8
L1 (Sig, PWR)
6
CONTINUOUS
10
136.5049999999999955
20
-97.6499999999999915
11
136.5719699999999932
21
-97.6633209999999963
0
LINE
8
L1 (Sig, PWR)
6
CONTINUOUS
10
136.5719699999999932
20
-97.6633209999999963
11
136.6287439999999833
21
-97.7012560000000008
0
LINE
8
L1 (Sig, PWR)
6
CONTINUOUS
10
136.6287439999999833
20
-97.7012560000000008
11
136.6666789999999878
21
-97.7580299999999909
0
LINE
8
L1 (Sig, PWR)
6
CONTINUOUS
10
136.6666789999999878
20
-97.7580299999999909
11
136.675027
21
-97.7999999999999972
0
LINE
8
L1 (Sig, PWR)
6
CONTINUOUS
10
136.675027
20
-97.7999999999999972
11
141.9171580000000006
21
-97.7999999999999972
0
LINE
8
L1 (Sig, PWR)
6
CONTINUOUS
10
141.9171580000000006
20
-97.7999999999999972
11
142.8585789999999918
21
-96.8585779999999943
0
LINE
8
L1 (Sig, PWR)
6
CONTINUOUS
10
142.8585789999999918
20
-96.8585779999999943
11
142.8888859999999852
21
-96.8337059999999923
0
LINE
8
L1 (Sig, PWR)
6
CONTINUOUS
10
142.8888859999999852
20
-96.8337059999999923
11
142.9609820000000013
21
-96.8038430000000005
0
LINE
8
L1 (Sig, PWR)
6
CONTINUOUS
10
142.9609820000000013
20
-96.8038430000000005
11
143.
21
-96.7999999999999972
0
LINE
8
L1 (Sig, PWR)
6
CONTINUOUS
10
143.
20
-96.7999999999999972
11
144.7999999999999829
21
-96.7999999999999972
0
LINE
8
L1 (Sig, PWR)
6
CONTINUOUS
10
144.7999999999999829
20
-96.7999999999999972
11
144.7999999999999829
21
-96.6499999999999915
0
LINE
8
L1 (Sig, PWR)
6
CONTINUOUS
10
144.7999999999999829
20
-96.6499999999999915
11
144.8190299999999979
21
-96.5543289999999956
0
LINE
8
L1 (Sig, PWR)
6
CONTINUOUS
10
144.8190299999999979
20
-96.5543289999999956
11
144.8732229999999959
21
-96.4732229999999902
0
LINE
8
L1 (Sig, PWR)
6
CONTINUOUS
10
144.8732229999999959
20
-96.4732229999999902
11
144.9543290000000013
21
-96.4190299999999922
0
LINE
8
L1 (Sig, PWR)
6
CONTINUOUS
10
144.9543290000000013
20
-96.4190299999999922
11
145.0499999999999829
21
-96.3999999999999915
0
LINE
8
L1 (Sig, PWR)
6
CONTINUOUS
10
145.0499999999999829
20
-96.3999999999999915
11
145.9499999999999886
21
-96.3999999999999915
0
LINE
8
L1 (Sig, PWR)
6
CONTINUOUS
10
145.9499999999999886
20
-96.3999999999999915
11
146.0456709999999987
21
-96.4190299999999922
0
LINE
8
L1 (Sig, PWR)
6
CONTINUOUS
10
141.5456709999999987
20
-96.4190299999999922
11
141.6267770000000041
21
-96.4732229999999902
0
LINE
8
L1 (Sig, PWR)
6
CONTINUOUS
10
141.6267770000000041
20
-96.4732229999999902
11
141.6809700000000021
21
-96.5543289999999956
0
LINE
8
L1 (Sig, PWR)
6
CONTINUOUS
10
141.6809700000000021
20
-96.5543289999999956
11
141.6999999999999886
21
-96.6499999999999915
0
LINE
8
L1 (Sig, PWR)
6
CONTINUOUS
10
141.6999999999999886
20
-96.6499999999999915
11
141.6999999999999886
21
-97.3499999999999943
0
LINE
8
L1 (Sig, PWR)
6
CONTINUOUS
10
141.6999999999999886
20
-97.3499999999999943
11
141.6809700000000021
21
-97.4456709999999902
0
LINE
8
L1 (Sig, PWR)
6
CONTINUOUS
10
141.6809700000000021
20
-97.4456709999999902
11
141.6267770000000041
21
-97.5267769999999956
0
LINE
8
L1 (Sig, PWR)
6
CONTINUOUS
10
141.6267770000000041
20
-97.5267769999999956
11
141.5456709999999987
21
-97.5809699999999935
0
LINE
8
L1 (Sig, PWR)
6
CONTINUOUS
10
141.5456709999999987
20
-97.5809699999999935
11
141.4499999999999886
21
-97.5999999999999943
0
LINE
8
L1 (Sig, PWR)
6
CONTINUOUS
10
141.4499999999999886
20
-97.5999999999999943
11
140.5499999999999829
21
-97.5999999999999943
0
LINE
8
L1 (Sig, PWR)
6
CONTINUOUS
10
140.5499999999999829
20
-97.5999999999999943
11
140.4543290000000013
21
-97.5809699999999935
0
LINE
8
L1 (Sig, PWR)
6
CONTINUOUS
10
140.4543290000000013
20
-97.5809699999999935
11
140.3732229999999959
21
-97.5267769999999956
0
LINE
8
L1 (Sig, PWR)
6
CONTINUOUS
10
140.3732229999999959
20
-97.5267769999999956
11
140.3190299999999979
21
-97.4456709999999902
0
LINE
8
L1 (Sig, PWR)
6
CONTINUOUS
10
140.3190299999999979
20
-97.4456709999999902
11
140.2999999999999829
21
-97.3499999999999943
0
LINE
8
L1 (Sig, PWR)
6
CONTINUOUS
10
140.2999999999999829
20
-97.3499999999999943
11
140.2999999999999829
21
-97.1999999999999886
0
LINE
8
L1 (Sig, PWR)
6
CONTINUOUS
10
140.2999999999999829
20
-97.1999999999999886
11
136.675027
21
-97.1999999999999886
0
LINE
8
L1 (Sig, PWR)
6
CONTINUOUS
10
136.675027
20
-97.1999999999999886
11
136.6666789999999878
21
-97.2419699999999949
0
LINE
8
L1 (Sig, PWR)
6
CONTINUOUS
10
136.6666789999999878
20
-97.2419699999999949
11
136.6287439999999833
21
-97.2987439999999992
0
LINE
8
L1 (Sig, PWR)
6
CONTINUOUS
10
136.6287439999999833
20
-97.2987439999999992
11
136.5719699999999932
21
-97.3366789999999895
0
LINE
8
L1 (Sig, PWR)
6
CONTINUOUS
10
136.5719699999999932
20
-97.3366789999999895
11
136.5049999999999955
21
-97.3499999999999943
0
LINE
8
L1 (Sig, PWR)
6
CONTINUOUS
10
136.5049999999999955
20
-97.3499999999999943
11
135.6550000000000011
21
-97.3499999999999943
0
LINE
8
L1 (Sig, PWR)
6
CONTINUOUS
10
135.6550000000000011
20
-97.3499999999999943
11
135.5880300000000034
21
-97.3366789999999895
0
LINE
8
L1 (Sig, PWR)
6
CONTINUOUS
10
135.5880300000000034
20
-97.3366789999999895
11
135.5312559999999849
21
-97.2987439999999992
0
LINE
8
L1 (Sig, PWR)
6
CONTINUOUS
10
135.5312559999999849
20
-97.2987439999999992
11
135.4933209999999804
21
-97.2419699999999949
0
LINE
8
L1 (Sig, PWR)
6
CONTINUOUS
10
135.4933209999999804
20
-97.2419699999999949
11
135.4799999999999898
21
-97.1749999999999972
0
LINE
8
L1 (Sig, PWR)
6
CONTINUOUS
10
135.4799999999999898
20
-97.1749999999999972
11
135.4799999999999898
21
-96.8249999999999886
0
LINE
8
L1 (Sig, PWR)
6
CONTINUOUS
10
135.4799999999999898
20
-96.8249999999999886
11
135.4933209999999804
21
-96.7580299999999909
0
LINE
8
L1 (Sig, PWR)
6
CONTINUOUS
10
135.4933209999999804
20
-96.7580299999999909
11
135.5312559999999849
21
-96.7012560000000008
0
LINE
8
L1 (Sig, PWR)
6
CONTINUOUS
10
135.5312559999999849
20
-96.7012560000000008
11
135.5880300000000034
21
-96.6633209999999963
0
LINE
8
L1 (Sig, PWR)
6
CONTINUOUS
10
135.5880300000000034
20
-96.6633209999999963
11
135.6550000000000011
21
-96.6499999999999915
0
LINE
8
L1 (Sig, PWR)
6
CONTINUOUS
10
135.6550000000000011
20
-96.6499999999999915
11
136.5049999999999955
21
-96.6499999999999915
0
LINE
8
L1 (Sig, PWR)
6
CONTINUOUS
10
136.5049999999999955
20
-96.6499999999999915
11
136.5719699999999932
21
-96.6633209999999963
0
LINE
8
L1 (Sig, PWR)
6
CONTINUOUS
10
136.5719699999999932
20
-96.6633209999999963
11
136.6287439999999833
21
-96.7012560000000008
0
LINE
8
L1 (Sig, PWR)
6
CONTINUOUS
10
136.6287439999999833
20
-96.7012560000000008
11
136.6666789999999878
21
-96.7580299999999909
0
LINE
8
L1 (Sig, PWR)
6
CONTINUOUS
10
136.6666789999999878
20
-96.7580299999999909
11
136.675027
21
-96.7999999999999972
0
LINE
8
L1 (Sig, PWR)
6
CONTINUOUS
10
136.675027
20
-96.7999999999999972
11
140.2999999999999829
21
-96.7999999999999972
0
LINE
8
L1 (Sig, PWR)
6
CONTINUOUS
10
140.2999999999999829
20
-96.7999999999999972
11
140.2999999999999829
21
-96.6499999999999915
0
LINE
8
L1 (Sig, PWR)
6
CONTINUOUS
10
140.2999999999999829
20
-96.6499999999999915
11
140.3190299999999979
21
-96.5543289999999956
0
LINE
8
L1 (Sig, PWR)
6
CONTINUOUS
10
140.3190299999999979
20
-96.5543289999999956
11
140.3732229999999959
21
-96.4732229999999902
0
LINE
8
L1 (Sig, PWR)
6
CONTINUOUS
10
140.3732229999999959
20
-96.4732229999999902
11
140.4543290000000013
21
-96.4190299999999922
0
LINE
8
L1 (Sig, PWR)
6
CONTINUOUS
10
140.4543290000000013
20
-96.4190299999999922
11
140.5499999999999829
21
-96.3999999999999915
0
LINE
8
L1 (Sig, PWR)
6
CONTINUOUS
10
140.5499999999999829
20
-96.3999999999999915
11
141.4499999999999886
21
-96.3999999999999915
0
LINE
8
L1 (Sig, PWR)
6
CONTINUOUS
10
141.4499999999999886
20
-96.3999999999999915
11
141.5456709999999987
21
-96.4190299999999922
0
LINE
8
L1 (Sig, PWR)
6
CONTINUOUS
10
151.7177140000000009
20
-92.2822949999999906
11
151.8535479999999893
21
-92.3385589999999894
0
LINE
8
L1 (Sig, PWR)
6
CONTINUOUS
10
151.8535479999999893
20
-92.3385589999999894
11
151.9757950000000051
21
-92.4202420000000018
0
LINE
8
L1 (Sig, PWR)
6
CONTINUOUS
10
151.9757950000000051
20
-92.4202420000000018
11
152.0797579999999982
21
-92.5242049999999949
0
LINE
8
L1 (Sig, PWR)
6
CONTINUOUS
10
152.0797579999999982
20
-92.5242049999999949
11
152.1614409999999964
21
-92.6464519999999965
0
LINE
8
L1 (Sig, PWR)
6
CONTINUOUS
10
152.1614409999999964
20
-92.6464519999999965
11
152.2177049999999952
21
-92.7822859999999991
0
LINE
8
L1 (Sig, PWR)
6
CONTINUOUS
10
152.2177049999999952
20
-92.7822859999999991
11
152.2463889999999935
21
-92.9264869999999945
0
LINE
8
L1 (Sig, PWR)
6
CONTINUOUS
10
152.2463889999999935
20
-92.9264869999999945
11
152.2463889999999935
21
-93.0735129999999913
0
LINE
8
L1 (Sig, PWR)
6
CONTINUOUS
10
152.2463889999999935
20
-93.0735129999999913
11
152.2177049999999952
21
-93.2177140000000009
0
LINE
8
L1 (Sig, PWR)
6
CONTINUOUS
10
152.2177049999999952
20
-93.2177140000000009
11
152.1614409999999964
21
-93.3535479999999893
0
LINE
8
L1 (Sig, PWR)
6
CONTINUOUS
10
152.1614409999999964
20
-93.3535479999999893
11
152.0797579999999982
21
-93.4757949999999909
0
LINE
8
L1 (Sig, PWR)
6
CONTINUOUS
10
152.0797579999999982
20
-93.4757949999999909
11
151.9757950000000051
21
-93.5797579999999982
0
LINE
8
L1 (Sig, PWR)
6
CONTINUOUS
10
151.9757950000000051
20
-93.5797579999999982
11
151.8535479999999893
21
-93.6614409999999964
0
LINE
8
L1 (Sig, PWR)
6
CONTINUOUS
10
151.8535479999999893
20
-93.6614409999999964
11
151.7177140000000009
21
-93.7177049999999952
0
LINE
8
L1 (Sig, PWR)
6
CONTINUOUS
10
151.7177140000000009
20
-93.7177049999999952
11
151.5735129999999913
21
-93.7463889999999935
0
LINE
8
L1 (Sig, PWR)
6
CONTINUOUS
10
151.5735129999999913
20
-93.7463889999999935
11
151.4264869999999803
21
-93.7463889999999935
0
LINE
8
L1 (Sig, PWR)
6
CONTINUOUS
10
151.4264869999999803
20
-93.7463889999999935
11
151.2822859999999991
21
-93.7177049999999952
0
LINE
8
L1 (Sig, PWR)
6
CONTINUOUS
10
151.2822859999999991
20
-93.7177049999999952
11
151.1464519999999823
21
-93.6614409999999964
0
LINE
8
L1 (Sig, PWR)
6
CONTINUOUS
10
151.1464519999999823
20
-93.6614409999999964
11
151.0242049999999949
21
-93.5797579999999982
0
LINE
8
L1 (Sig, PWR)
6
CONTINUOUS
10
151.0242049999999949
20
-93.5797579999999982
11
150.9202420000000018
21
-93.4757949999999909
0
LINE
8
L1 (Sig, PWR)
6
CONTINUOUS
10
150.9202420000000018
20
-93.4757949999999909
11
150.8385590000000036
21
-93.3535479999999893
0
LINE
8
L1 (Sig, PWR)
6
CONTINUOUS
10
150.8385590000000036
20
-93.3535479999999893
11
150.7822950000000048
21
-93.2177140000000009
0
LINE
8
L1 (Sig, PWR)
6
CONTINUOUS
10
150.7822950000000048
20
-93.2177140000000009
11
150.7536110000000065
21
-93.0735129999999913
0
LINE
8
L1 (Sig, PWR)
6
CONTINUOUS
10
150.7536110000000065
20
-93.0735129999999913
11
150.7536110000000065
21
-92.9264869999999945
0
LINE
8
L1 (Sig, PWR)
6
CONTINUOUS
10
150.7536110000000065
20
-92.9264869999999945
11
150.7822950000000048
21
-92.7822859999999991
0
LINE
8
L1 (Sig, PWR)
6
CONTINUOUS
10
150.7822950000000048
20
-92.7822859999999991
11
150.8385590000000036
21
-92.6464519999999965
0
LINE
8
L1 (Sig, PWR)
6
CONTINUOUS
10
150.8385590000000036
20
-92.6464519999999965
11
150.9202420000000018
21
-92.5242049999999949
0
LINE
8
L1 (Sig, PWR)
6
CONTINUOUS
10
150.9202420000000018
20
-92.5242049999999949
11
151.0242049999999949
21
-92.4202420000000018
0
LINE
8
L1 (Sig, PWR)
6
CONTINUOUS
10
151.0242049999999949
20
-92.4202420000000018
11
151.1464519999999823
21
-92.3385589999999894
0
LINE
8
L1 (Sig, PWR)
6
CONTINUOUS
10
151.1464519999999823
20
-92.3385589999999894
11
151.2822859999999991
21
-92.2822949999999906
0
LINE
8
L1 (Sig, PWR)
6
CONTINUOUS
10
151.2822859999999991
20
-92.2822949999999906
11
151.4264869999999803
21
-92.2536109999999923
0
LINE
8
L1 (Sig, PWR)
6
CONTINUOUS
10
151.4264869999999803
20
-92.2536109999999923
11
151.5735129999999913
21
-92.2536109999999923
0
LINE
8
L1 (Sig, PWR)
6
CONTINUOUS
10
151.5735129999999913
20
-92.2536109999999923
11
151.7177140000000009
21
-92.2822949999999906
0
LINE
8
L1 (Sig, PWR)
6
CONTINUOUS
10
158.0044179999999869
20
-91.2508160000000004
11
158.2401399999999967
21
-91.2676739999999995
0
LINE
8
L1 (Sig, PWR)
6
CONTINUOUS
10
158.2401399999999967
20
-91.2676739999999995
11
158.2576410000000067
21
-91.270190999999997
0
LINE
8
L1 (Sig, PWR)
6
CONTINUOUS
10
158.2576410000000067
20
-91.270190999999997
11
158.4842270000000042
21
-91.3194819999999936
0
LINE
8
L1 (Sig, PWR)
6
CONTINUOUS
10
158.4842270000000042
20
-91.3194819999999936
11
158.5011939999999981
21
-91.3244629999999944
0
LINE
8
L1 (Sig, PWR)
6
CONTINUOUS
10
158.5011939999999981
20
-91.3244629999999944
11
158.7184649999999806
21
-91.405501000000001
0
LINE
8
L1 (Sig, PWR)
6
CONTINUOUS
10
158.7184649999999806
20
-91.405501000000001
11
158.7345479999999895
21
-91.4128449999999901
0
LINE
8
L1 (Sig, PWR)
6
CONTINUOUS
10
158.7345479999999895
20
-91.4128449999999901
11
158.938067999999987
21
-91.5239770000000021
0
LINE
8
L1 (Sig, PWR)
6
CONTINUOUS
10
158.938067999999987
20
-91.5239770000000021
11
158.9529509999999846
21
-91.5335419999999971
0
LINE
8
L1 (Sig, PWR)
6
CONTINUOUS
10
158.9529509999999846
20
-91.5335419999999971
11
159.1385789999999929
21
-91.6725009999999969
0
LINE
8
L1 (Sig, PWR)
6
CONTINUOUS
10
159.1385789999999929
20
-91.6725009999999969
11
159.1519499999999994
21
-91.684086999999991
0
LINE
8
L1 (Sig, PWR)
6
CONTINUOUS
10
159.1519499999999994
20
-91.684086999999991
11
159.3159119999999973
21
-91.848048999999989
0
LINE
8
L1 (Sig, PWR)
6
CONTINUOUS
10
159.3159119999999973
20
-91.848048999999989
11
159.3274979999999914
21
-91.8614199999999954
0
LINE
8
L1 (Sig, PWR)
6
CONTINUOUS
10
159.3274979999999914
20
-91.8614199999999954
11
159.4664569999999912
21
-92.0470479999999895
0
LINE
8
L1 (Sig, PWR)
6
CONTINUOUS
10
159.4664569999999912
20
-92.0470479999999895
11
159.4760220000000004
21
-92.0619310000000013
0
LINE
8
L1 (Sig, PWR)
6
CONTINUOUS
10
159.4760220000000004
20
-92.0619310000000013
11
159.5871510000000058
21
-92.2654459999999972
0
LINE
8
L1 (Sig, PWR)
6
CONTINUOUS
10
159.5871510000000058
20
-92.2654459999999972
11
159.5945009999999797
21
-92.2815399999999926
0
LINE
8
L1 (Sig, PWR)
6
CONTINUOUS
10
159.5945009999999797
20
-92.2815399999999926
11
159.675533999999999
21
-92.4988010000000003
0
LINE
8
L1 (Sig, PWR)
6
CONTINUOUS
10
159.675533999999999
20
-92.4988010000000003
11
159.6805180000000064
21
-92.5157760000000025
0
LINE
8
L1 (Sig, PWR)
6
CONTINUOUS
10
159.6805180000000064
20
-92.5157760000000025
11
159.7298069999999939
21
-92.7423519999999968
0
LINE
8
L1 (Sig, PWR)
6
CONTINUOUS
10
159.7298069999999939
20
-92.7423519999999968
11
159.732325000000003
21
-92.7598639999999932
0
LINE
8
L1 (Sig, PWR)
6
CONTINUOUS
10
159.732325000000003
20
-92.7598639999999932
11
159.7491839999999854
21
-92.9955810000000014
0
LINE
8
L1 (Sig, PWR)
6
CONTINUOUS
10
159.7491839999999854
20
-92.9955810000000014
11
159.7494999999999834
21
-93.0044269999999926
0
LINE
8
L1 (Sig, PWR)
6
CONTINUOUS
10
159.7494999999999834
20
-93.0044269999999926
11
159.7494999999999834
21
-101.9955719999999957
0
LINE
8
L1 (Sig, PWR)
6
CONTINUOUS
10
159.7494999999999834
20
-101.9955719999999957
11
159.7491839999999854
21
-102.0044180000000011
0
LINE
8
L1 (Sig, PWR)
6
CONTINUOUS
10
159.7491839999999854
20
-102.0044180000000011
11
159.732325000000003
21
-102.2401349999999951
0
LINE
8
L1 (Sig, PWR)
6
CONTINUOUS
10
159.732325000000003
20
-102.2401349999999951
11
159.7298069999999939
21
-102.2576469999999915
0
LINE
8
L1 (Sig, PWR)
6
CONTINUOUS
10
159.7298069999999939
20
-102.2576469999999915
11
159.6805180000000064
21
-102.4842230000000001
0
LINE
8
L1 (Sig, PWR)
6
CONTINUOUS
10
159.6805180000000064
20
-102.4842230000000001
11
159.675533999999999
21
-102.5011980000000023
0
LINE
8
L1 (Sig, PWR)
6
CONTINUOUS
10
159.675533999999999
20
-102.5011980000000023
11
159.5945009999999797
21
-102.7184589999999957
0
LINE
8
L1 (Sig, PWR)
6
CONTINUOUS
10
159.5945009999999797
20
-102.7184589999999957
11
159.5871510000000058
21
-102.7345529999999911
0
LINE
8
L1 (Sig, PWR)
6
CONTINUOUS
10
159.5871510000000058
20
-102.7345529999999911
11
159.4760220000000004
21
-102.9380680000000012
0
LINE
8
L1 (Sig, PWR)
6
CONTINUOUS
10
159.4760220000000004
20
-102.9380680000000012
11
159.4664569999999912
21
-102.9529509999999988
0
LINE
8
L1 (Sig, PWR)
6
CONTINUOUS
10
159.4664569999999912
20
-102.9529509999999988
11
159.3274979999999914
21
-103.1385789999999929
0
LINE
8
L1 (Sig, PWR)
6
CONTINUOUS
10
159.3274979999999914
20
-103.1385789999999929
11
159.3159119999999973
21
-103.1519499999999994
0
LINE
8
L1 (Sig, PWR)
6
CONTINUOUS
10
159.3159119999999973
20
-103.1519499999999994
11
159.1519499999999994
21
-103.3159119999999973
0
LINE
8
L1 (Sig, PWR)
6
CONTINUOUS
10
159.1519499999999994
20
-103.3159119999999973
11
159.1385789999999929
21
-103.3274979999999914
0
LINE
8
L1 (Sig, PWR)
6
CONTINUOUS
10
159.1385789999999929
20
-103.3274979999999914
11
158.9529509999999846
21
-103.4664569999999912
0
LINE
8
L1 (Sig, PWR)
6
CONTINUOUS
10
158.9529509999999846
20
-103.4664569999999912
11
158.938067999999987
21
-103.4760220000000004
0
LINE
8
L1 (Sig, PWR)
6
CONTINUOUS
10
158.938067999999987
20
-103.4760220000000004
11
158.7345530000000053
21
-103.5871509999999915
0
LINE
8
L1 (Sig, PWR)
6
CONTINUOUS
10
158.7345530000000053
20
-103.5871509999999915
11
158.7184589999999957
21
-103.594500999999994
0
LINE
8
L1 (Sig, PWR)
6
CONTINUOUS
10
158.7184589999999957
20
-103.594500999999994
11
158.501197999999988
21
-103.675533999999999
0
LINE
8
L1 (Sig, PWR)
6
CONTINUOUS
10
158.501197999999988
20
-103.675533999999999
11
158.4842229999999859
21
-103.6805179999999922
0
LINE
8
L1 (Sig, PWR)
6
CONTINUOUS
10
158.4842229999999859
20
-103.6805179999999922
11
158.2576469999999915
21
-103.7298069999999939
0
LINE
8
L1 (Sig, PWR)
6
CONTINUOUS
10
158.2576469999999915
20
-103.7298069999999939
11
158.2401349999999809
21
-103.7323249999999888
0
LINE
8
L1 (Sig, PWR)
6
CONTINUOUS
10
158.2401349999999809
20
-103.7323249999999888
11
158.0044179999999869
21
-103.7491839999999996
0
LINE
8
L1 (Sig, PWR)
6
CONTINUOUS
10
158.0044179999999869
20
-103.7491839999999996
11
157.9955719999999815
21
-103.7494999999999976
0
LINE
8
L1 (Sig, PWR)
6
CONTINUOUS
10
157.9955719999999815
20
-103.7494999999999976
11
131.5044279999999901
21
-103.7494999999999976
0
LINE
8
L1 (Sig, PWR)
6
CONTINUOUS
10
131.5044279999999901
20
-103.7494999999999976
11
131.4955819999999846
21
-103.7491839999999996
0
LINE
8
L1 (Sig, PWR)
6
CONTINUOUS
10
131.4955819999999846
20
-103.7491839999999996
11
131.2598639999999932
21
-103.7323249999999888
0
LINE
8
L1 (Sig, PWR)
6
CONTINUOUS
10
131.2598639999999932
20
-103.7323249999999888
11
131.2423519999999826
21
-103.7298069999999939
0
LINE
8
L1 (Sig, PWR)
6
CONTINUOUS
10
131.2423519999999826
20
-103.7298069999999939
11
131.0157759999999882
21
-103.6805179999999922
0
LINE
8
L1 (Sig, PWR)
6
CONTINUOUS
10
131.0157759999999882
20
-103.6805179999999922
11
130.9988009999999861
21
-103.675533999999999
0
LINE
8
L1 (Sig, PWR)
6
CONTINUOUS
10
130.9988009999999861
20
-103.675533999999999
11
130.7815400000000068
21
-103.594500999999994
0
LINE
8
L1 (Sig, PWR)
6
CONTINUOUS
10
130.7815400000000068
20
-103.594500999999994
11
130.7654459999999972
21
-103.5871509999999915
0
LINE
8
L1 (Sig, PWR)
6
CONTINUOUS
10
130.7654459999999972
20
-103.5871509999999915
11
130.5619309999999871
21
-103.4760220000000004
0
LINE
8
L1 (Sig, PWR)
6
CONTINUOUS
10
130.5619309999999871
20
-103.4760220000000004
11
130.5470479999999895
21
-103.4664569999999912
0
LINE
8
L1 (Sig, PWR)
6
CONTINUOUS
10
130.5470479999999895
20
-103.4664569999999912
11
130.3614199999999812
21
-103.3274979999999914
0
LINE
8
L1 (Sig, PWR)
6
CONTINUOUS
10
130.3614199999999812
20
-103.3274979999999914
11
130.3480490000000032
21
-103.3159119999999973
0
LINE
8
L1 (Sig, PWR)
6
CONTINUOUS
10
130.3480490000000032
20
-103.3159119999999973
11
130.1840870000000052
21
-103.1519499999999994
0
LINE
8
L1 (Sig, PWR)
6
CONTINUOUS
10
130.1840870000000052
20
-103.1519499999999994
11
130.1725009999999827
21
-103.1385789999999929
0
LINE
8
L1 (Sig, PWR)
6
CONTINUOUS
10
130.1725009999999827
20
-103.1385789999999929
11
130.101458000000008
21
-103.0436770000000024
0
LINE
8
L1 (Sig, PWR)
6
CONTINUOUS
10
130.101458000000008
20
-103.0436770000000024
11
130.0335419999999829
21
-102.9529509999999988
0
LINE
8
L1 (Sig, PWR)
6
CONTINUOUS
10
130.0335419999999829
20
-102.9529509999999988
11
130.0239770000000021
21
-102.9380680000000012
0
LINE
8
L1 (Sig, PWR)
6
CONTINUOUS
10
130.0239770000000021
20
-102.9380680000000012
11
129.9128450000000043
21
-102.7345479999999895
0
LINE
8
L1 (Sig, PWR)
6
CONTINUOUS
10
129.9128450000000043
20
-102.7345479999999895
11
129.9055009999999868
21
-102.7184649999999948
0
LINE
8
L1 (Sig, PWR)
6
CONTINUOUS
10
129.9055009999999868
20
-102.7184649999999948
11
129.8244629999999802
21
-102.5011939999999981
0
LINE
8
L1 (Sig, PWR)
6
CONTINUOUS
10
129.8244629999999802
20
-102.5011939999999981
11
129.8194809999999961
21
-102.4842230000000001
0
LINE
8
L1 (Sig, PWR)
6
CONTINUOUS
10
129.8194809999999961
20
-102.4842230000000001
11
129.7701909999999828
21
-102.2576409999999925
0
LINE
8
L1 (Sig, PWR)
6
CONTINUOUS
10
129.7701909999999828
20
-102.2576409999999925
11
129.7676739999999995
21
-102.2401349999999951
0
LINE
8
L1 (Sig, PWR)
6
CONTINUOUS
10
129.7676739999999995
20
-102.2401349999999951
11
129.7671559999999999
21
-102.2328969999999941
0
LINE
8
L1 (Sig, PWR)
6
CONTINUOUS
10
129.7671559999999999
20
-102.2328969999999941
11
129.7508159999999862
21
-102.0044169999999895
0
LINE
8
L1 (Sig, PWR)
6
CONTINUOUS
10
129.7508159999999862
20
-102.0044169999999895
11
129.7504999999999882
21
-101.9955719999999957
0
LINE
8
L1 (Sig, PWR)
6
CONTINUOUS
10
129.7504999999999882
20
-101.9955719999999957
11
129.7504999999999882
21
-101.5699999999999932
0
LINE
8
L1 (Sig, PWR)
6
CONTINUOUS
10
129.7504999999999882
20
-101.5699999999999932
11
129.7504999999999882
21
-96.3282710000000009
0
LINE
8
L1 (Sig, PWR)
6
CONTINUOUS
10
129.7504999999999882
20
-96.3282710000000009
11
129.7504999999999882
21
-93.0044269999999926
0
LINE
8
L1 (Sig, PWR)
6
CONTINUOUS
10
129.7504999999999882
20
-93.0044269999999926
11
129.7508159999999862
21
-92.9955819999999989
0
LINE
8
L1 (Sig, PWR)
6
CONTINUOUS
10
129.7508159999999862
20
-92.9955819999999989
11
129.753754999999984
21
-92.9544860000000028
0
LINE
8
L1 (Sig, PWR)
6
CONTINUOUS
10
129.753754999999984
20
-92.9544860000000028
11
129.753754999999984
21
-92.9544849999999911
0
LINE
8
L1 (Sig, PWR)
6
CONTINUOUS
10
129.753754999999984
20
-92.9544849999999911
11
129.7555059999999969
21
-92.9299999999999926
0
LINE
8
L1 (Sig, PWR)
6
CONTINUOUS
10
129.7555059999999969
20
-92.9299999999999926
11
129.7676739999999995
21
-92.7598569999999967
0
LINE
8
L1 (Sig, PWR)
6
CONTINUOUS
10
129.7676739999999995
20
-92.7598569999999967
11
129.7701899999999853
21
-92.7423599999999908
0
LINE
8
L1 (Sig, PWR)
6
CONTINUOUS
10
129.7701899999999853
20
-92.7423599999999908
11
129.8194829999999911
21
-92.5157679999999942
0
LINE
8
L1 (Sig, PWR)
6
CONTINUOUS
10
129.8194829999999911
20
-92.5157679999999942
11
129.8244619999999827
21
-92.4988089999999943
0
LINE
8
L1 (Sig, PWR)
6
CONTINUOUS
10
129.8244619999999827
20
-92.4988089999999943
11
129.9055029999999817
21
-92.2815279999999944
0
LINE
8
L1 (Sig, PWR)
6
CONTINUOUS
10
129.9055029999999817
20
-92.2815279999999944
11
129.912842999999981
21
-92.2654560000000004
0
LINE
8
L1 (Sig, PWR)
6
CONTINUOUS
10
129.912842999999981
20
-92.2654560000000004
11
130.023980999999992
21
-92.0619239999999905
0
LINE
8
L1 (Sig, PWR)
6
CONTINUOUS
10
130.023980999999992
20
-92.0619239999999905
11
130.0335369999999955
21
-92.0470540000000028
0
LINE
8
L1 (Sig, PWR)
6
CONTINUOUS
10
130.0335369999999955
20
-92.0470540000000028
11
130.1725059999999985
21
-91.8614129999999989
0
LINE
8
L1 (Sig, PWR)
6
CONTINUOUS
10
130.1725059999999985
20
-91.8614129999999989
11
130.1840799999999945
21
-91.8480559999999997
0
LINE
8
L1 (Sig, PWR)
6
CONTINUOUS
10
130.1840799999999945
20
-91.8480559999999997
11
130.3480559999999855
21
-91.6840799999999945
0
LINE
8
L1 (Sig, PWR)
6
CONTINUOUS
10
130.3480559999999855
20
-91.6840799999999945
11
130.3614129999999989
21
-91.6725059999999985
0
LINE
8
L1 (Sig, PWR)
6
CONTINUOUS
10
130.3614129999999989
20
-91.6725059999999985
11
130.5470540000000028
21
-91.5335369999999955
0
LINE
8
L1 (Sig, PWR)
6
CONTINUOUS
10
130.5470540000000028
20
-91.5335369999999955
11
130.5619240000000048
21
-91.523980999999992
0
LINE
8
L1 (Sig, PWR)
6
CONTINUOUS
10
130.5619240000000048
20
-91.523980999999992
11
130.7654560000000004
21
-91.4128429999999952
0
LINE
8
L1 (Sig, PWR)
6
CONTINUOUS
10
130.7654560000000004
20
-91.4128429999999952
11
130.7815279999999802
21
-91.405502999999996
0
LINE
8
L1 (Sig, PWR)
6
CONTINUOUS
10
130.7815279999999802
20
-91.405502999999996
11
130.9988089999999943
21
-91.3244619999999969
0
LINE
8
L1 (Sig, PWR)
6
CONTINUOUS
10
130.9988089999999943
20
-91.3244619999999969
11
131.01576799999998
21
-91.3194829999999911
0
LINE
8
L1 (Sig, PWR)
6
CONTINUOUS
10
131.01576799999998
20
-91.3194829999999911
11
131.2423599999999908
21
-91.2701899999999995
0
LINE
8
L1 (Sig, PWR)
6
CONTINUOUS
10
131.2423599999999908
20
-91.2701899999999995
11
131.2598569999999825
21
-91.2676739999999995
0
LINE
8
L1 (Sig, PWR)
6
CONTINUOUS
10
131.2598569999999825
20
-91.2676739999999995
11
131.4955819999999846
21
-91.2508160000000004
0
LINE
8
L1 (Sig, PWR)
6
CONTINUOUS
10
131.4955819999999846
20
-91.2508160000000004
11
131.5044279999999901
21
-91.2505000000000024
0
LINE
8
L1 (Sig, PWR)
6
CONTINUOUS
10
131.5044279999999901
20
-91.2505000000000024
11
131.5441700000000083
21
-91.2505000000000024
0
LINE
8
L1 (Sig, PWR)
6
CONTINUOUS
10
131.5441700000000083
20
-91.2505000000000024
11
157.9558299999999917
21
-91.2505000000000024
0
LINE
8
L1 (Sig, PWR)
6
CONTINUOUS
10
157.9558299999999917
20
-91.2505000000000024
11
157.9955719999999815
21
-91.2505000000000024
0
LINE
8
L1 (Sig, PWR)
6
CONTINUOUS
10
157.9955719999999815
20
-91.2505000000000024
11
158.0044179999999869
21
-91.2508160000000004
0
LINE
8
L1 (Sig, PWR)
6
CONTINUOUS
10
139.9502369999999871
20
-101.1576809999999966
11
139.9502279999999814
21
-101.157675999999995
0
LINE
8
L1 (Sig, PWR)
6
CONTINUOUS
10
139.9502279999999814
20
-101.157675999999995
11
139.7772510000000068
21
-101.0860270000000014
0
LINE
8
L1 (Sig, PWR)
6
CONTINUOUS
10
139.7772510000000068
20
-101.0860270000000014
11
139.7772429999999986
21
-101.0860249999999922
0
LINE
8
L1 (Sig, PWR)
6
CONTINUOUS
10
139.7772429999999986
20
-101.0860249999999922
11
139.5936199999999872
21
-101.0494999999999948
0
LINE
8
L1 (Sig, PWR)
6
CONTINUOUS
10
139.5936199999999872
20
-101.0494999999999948
11
139.5936159999999973
21
-101.0494999999999948
0
LINE
8
L1 (Sig, PWR)
6
CONTINUOUS
10
139.5936159999999973
20
-101.0494999999999948
11
139.4063840000000027
21
-101.0494999999999948
0
LINE
8
L1 (Sig, PWR)
6
CONTINUOUS
10
139.4063840000000027
20
-101.0494999999999948
11
139.4063789999999869
21
-101.0494999999999948
0
LINE
8
L1 (Sig, PWR)
6
CONTINUOUS
10
139.4063789999999869
20
-101.0494999999999948
11
139.222756000000004
21
-101.0860249999999922
0
LINE
8
L1 (Sig, PWR)
6
CONTINUOUS
10
139.222756000000004
20
-101.0860249999999922
11
139.2227479999999957
21
-101.0860270000000014
0
LINE
8
L1 (Sig, PWR)
6
CONTINUOUS
10
139.2227479999999957
20
-101.0860270000000014
11
139.0497709999999927
21
-101.157675999999995
0
LINE
8
L1 (Sig, PWR)
6
CONTINUOUS
10
139.0497709999999927
20
-101.157675999999995
11
139.049761999999987
21
-101.1576809999999966
0
LINE
8
L1 (Sig, PWR)
6
CONTINUOUS
10
139.049761999999987
20
-101.1576809999999966
11
138.8940920000000006
21
-101.2616969999999981
0
LINE
8
L1 (Sig, PWR)
6
CONTINUOUS
10
138.8940920000000006
20
-101.2616969999999981
11
138.8940879999999822
21
-101.2616999999999905
0
LINE
8
L1 (Sig, PWR)
6
CONTINUOUS
10
138.8940879999999822
20
-101.2616999999999905
11
138.7616999999999905
21
-101.3940879999999964
0
LINE
8
L1 (Sig, PWR)
6
CONTINUOUS
10
138.7616999999999905
20
-101.3940879999999964
11
138.7616969999999981
21
-101.3940920000000006
0
LINE
8
L1 (Sig, PWR)
6
CONTINUOUS
10
138.7616969999999981
20
-101.3940920000000006
11
138.6576809999999966
21
-101.5497620000000012
0
LINE
8
L1 (Sig, PWR)
6
CONTINUOUS
10
138.6576809999999966
20
-101.5497620000000012
11
138.6576759999999808
21
-101.5497709999999927
0
LINE
8
L1 (Sig, PWR)
6
CONTINUOUS
10
138.6576759999999808
20
-101.5497709999999927
11
138.5860270000000014
21
-101.7227479999999957
0
LINE
8
L1 (Sig, PWR)
6
CONTINUOUS
10
138.5860270000000014
20
-101.7227479999999957
11
138.5860250000000065
21
-101.7227559999999897
0
LINE
8
L1 (Sig, PWR)
6
CONTINUOUS
10
138.5860250000000065
20
-101.7227559999999897
11
138.5494999999999948
21
-101.9063790000000012
0
LINE
8
L1 (Sig, PWR)
6
CONTINUOUS
10
138.5494999999999948
20
-101.9063790000000012
11
138.5494999999999948
21
-102.0936200000000014
0
LINE
8
L1 (Sig, PWR)
6
CONTINUOUS
10
138.5494999999999948
20
-102.0936200000000014
11
138.5860250000000065
21
-102.2772429999999986
0
LINE
8
L1 (Sig, PWR)
6
CONTINUOUS
10
138.5860250000000065
20
-102.2772429999999986
11
138.5860270000000014
21
-102.2772509999999926
0
LINE
8
L1 (Sig, PWR)
6
CONTINUOUS
10
138.5860270000000014
20
-102.2772509999999926
11
138.6576759999999808
21
-102.4502279999999956
0
LINE
8
L1 (Sig, PWR)
6
CONTINUOUS
10
138.6576759999999808
20
-102.4502279999999956
11
138.6576809999999966
21
-102.4502370000000013
0
LINE
8
L1 (Sig, PWR)
6
CONTINUOUS
10
138.6576809999999966
20
-102.4502370000000013
11
138.7616969999999981
21
-102.605907000000002
0
LINE
8
L1 (Sig, PWR)
6
CONTINUOUS
10
138.7616969999999981
20
-102.605907000000002
11
138.7616999999999905
21
-102.6059109999999919
0
LINE
8
L1 (Sig, PWR)
6
CONTINUOUS
10
138.7616999999999905
20
-102.6059109999999919
11
138.8940879999999822
21
-102.7382989999999978
0
LINE
8
L1 (Sig, PWR)
6
CONTINUOUS
10
138.8940879999999822
20
-102.7382989999999978
11
138.8940920000000006
21
-102.7383019999999902
0
LINE
8
L1 (Sig, PWR)
6
CONTINUOUS
10
138.8940920000000006
20
-102.7383019999999902
11
139.049761999999987
21
-102.8423179999999917
0
LINE
8
L1 (Sig, PWR)
6
CONTINUOUS
10
139.049761999999987
20
-102.8423179999999917
11
139.0497680000000003
21
-102.8423209999999983
0
LINE
8
L1 (Sig, PWR)
6
CONTINUOUS
10
139.0497680000000003
20
-102.8423209999999983
11
139.0497689999999977
21
-102.8423219999999958
0
LINE
8
L1 (Sig, PWR)
6
CONTINUOUS
10
139.0497689999999977
20
-102.8423219999999958
11
139.2227489999999932
21
-102.9139729999999986
0
LINE
8
L1 (Sig, PWR)
6
CONTINUOUS
10
139.2227489999999932
20
-102.9139729999999986
11
139.3438840000000027
21
-102.9380680000000012
0
LINE
8
L1 (Sig, PWR)
6
CONTINUOUS
10
139.3438840000000027
20
-102.9380680000000012
11
139.4063789999999869
21
-102.9504989999999935
0
LINE
8
L1 (Sig, PWR)
6
CONTINUOUS
10
139.4063789999999869
20
-102.9504989999999935
11
139.4063830000000053
21
-102.950499999999991
0
LINE
8
L1 (Sig, PWR)
6
CONTINUOUS
10
139.4063830000000053
20
-102.950499999999991
11
139.4063840000000027
21
-102.950499999999991
0
LINE
8
L1 (Sig, PWR)
6
CONTINUOUS
10
139.4063840000000027
20
-102.950499999999991
11
139.5936169999999947
21
-102.950499999999991
0
LINE
8
L1 (Sig, PWR)
6
CONTINUOUS
10
139.5936169999999947
20
-102.950499999999991
11
139.5936179999999922
21
-102.9504989999999935
0
LINE
8
L1 (Sig, PWR)
6
CONTINUOUS
10
139.5936179999999922
20
-102.9504989999999935
11
139.7772510000000068
21
-102.9139729999999986
0
LINE
8
L1 (Sig, PWR)
6
CONTINUOUS
10
139.7772510000000068
20
-102.9139729999999986
11
139.9502310000000023
21
-102.8423219999999958
0
LINE
8
L1 (Sig, PWR)
6
CONTINUOUS
10
139.9502310000000023
20
-102.8423219999999958
11
140.1059079999999994
21
-102.7383019999999902
0
LINE
8
L1 (Sig, PWR)
6
CONTINUOUS
10
140.1059079999999994
20
-102.7383019999999902
11
140.2383020000000045
21
-102.6059079999999994
0
LINE
8
L1 (Sig, PWR)
6
CONTINUOUS
10
140.2383020000000045
20
-102.6059079999999994
11
140.3423219999999958
21
-102.4502310000000023
0
LINE
8
L1 (Sig, PWR)
6
CONTINUOUS
10
140.3423219999999958
20
-102.4502310000000023
11
140.4139729999999986
21
-102.2772509999999926
0
LINE
8
L1 (Sig, PWR)
6
CONTINUOUS
10
140.4139729999999986
20
-102.2772509999999926
11
140.4505000000000052
21
-102.0936159999999973
0
LINE
8
L1 (Sig, PWR)
6
CONTINUOUS
10
140.4505000000000052
20
-102.0936159999999973
11
140.4505000000000052
21
-101.9063839999999885
0
LINE
8
L1 (Sig, PWR)
6
CONTINUOUS
10
140.4505000000000052
20
-101.9063839999999885
11
140.4245329999999967
21
-101.7758369999999957
0
LINE
8
L1 (Sig, PWR)
6
CONTINUOUS
10
140.4245329999999967
20
-101.7758369999999957
11
140.4139729999999986
21
-101.7227489999999932
0
LINE
8
L1 (Sig, PWR)
6
CONTINUOUS
10
140.4139729999999986
20
-101.7227489999999932
11
140.3423219999999958
21
-101.5497689999999977
0
LINE
8
L1 (Sig, PWR)
6
CONTINUOUS
10
140.3423219999999958
20
-101.5497689999999977
11
140.3423209999999983
21
-101.5497680000000003
0
LINE
8
L1 (Sig, PWR)
6
CONTINUOUS
10
140.3423209999999983
20
-101.5497680000000003
11
140.3423180000000059
21
-101.5497620000000012
0
LINE
8
L1 (Sig, PWR)
6
CONTINUOUS
10
140.3423180000000059
20
-101.5497620000000012
11
140.2383020000000045
21
-101.3940920000000006
0
LINE
8
L1 (Sig, PWR)
6
CONTINUOUS
10
140.2383020000000045
20
-101.3940920000000006
11
140.2382989999999836
21
-101.3940879999999964
0
LINE
8
L1 (Sig, PWR)
6
CONTINUOUS
10
140.2382989999999836
20
-101.3940879999999964
11
140.1059109999999919
21
-101.2616999999999905
0
LINE
8
L1 (Sig, PWR)
6
CONTINUOUS
10
140.1059109999999919
20
-101.2616999999999905
11
140.105907000000002
21
-101.2616969999999981
0
LINE
8
L1 (Sig, PWR)
6
CONTINUOUS
10
140.105907000000002
20
-101.2616969999999981
11
140.0497320000000059
21
-101.2241619999999926
0
LINE
8
L1 (Sig, PWR)
6
CONTINUOUS
10
140.0497320000000059
20
-101.2241619999999926
11
139.9502369999999871
21
-101.1576809999999966
0
LINE
8
L1 (Sig, PWR)
6
CONTINUOUS
10
154.6982820000000061
20
-102.6952689999999961
11
154.6982820000000061
21
-102.6952699999999936
0
LINE
8
L1 (Sig, PWR)
6
CONTINUOUS
10
154.6982820000000061
20
-102.6952699999999936
11
154.7524489999999844
21
-102.7346239999999966
0
LINE
8
L1 (Sig, PWR)
6
CONTINUOUS
10
154.7524489999999844
20
-102.7346239999999966
11
154.9417819999999892
21
-102.8310949999999906
0
LINE
8
L1 (Sig, PWR)
6
CONTINUOUS
10
154.9417819999999892
20
-102.8310949999999906
11
155.1438699999999926
21
-102.8967569999999938
0
LINE
8
L1 (Sig, PWR)
6
CONTINUOUS
10
155.1438699999999926
20
-102.8967569999999938
11
155.3537539999999808
21
-102.9299999999999926
0
LINE
8
L1 (Sig, PWR)
6
CONTINUOUS
10
155.3537539999999808
20
-102.9299999999999926
11
155.5662460000000067
21
-102.9299999999999926
0
LINE
8
L1 (Sig, PWR)
6
CONTINUOUS
10
155.5662460000000067
20
-102.9299999999999926
11
155.7761270000000025
21
-102.8967569999999938
0
LINE
8
L1 (Sig, PWR)
6
CONTINUOUS
10
155.7761270000000025
20
-102.8967569999999938
11
155.7761299999999949
21
-102.8967569999999938
0
LINE
8
L1 (Sig, PWR)
6
CONTINUOUS
10
155.7761299999999949
20
-102.8967569999999938
11
155.9782170000000008
21
-102.8310949999999906
0
LINE
8
L1 (Sig, PWR)
6
CONTINUOUS
10
155.9782170000000008
20
-102.8310949999999906
11
156.1675539999999955
21
-102.7346220000000017
0
LINE
8
L1 (Sig, PWR)
6
CONTINUOUS
10
156.1675539999999955
20
-102.7346220000000017
11
156.2217159999999865
21
-102.6952699999999936
0
LINE
8
L1 (Sig, PWR)
6
CONTINUOUS
10
156.2217159999999865
20
-102.6952699999999936
11
156.221716999999984
21
-102.6952699999999936
0
LINE
8
L1 (Sig, PWR)
6
CONTINUOUS
10
156.221716999999984
20
-102.6952699999999936
11
155.8574279999999987
21
-102.3309819999999917
0
LINE
8
L1 (Sig, PWR)
6
CONTINUOUS
10
155.8574279999999987
20
-102.3309819999999917
11
155.7067419999999913
21
-102.3933990000000023
0
LINE
8
L1 (Sig, PWR)
6
CONTINUOUS
10
155.7067419999999913
20
-102.3933990000000023
11
155.5433150000000069
21
-102.4259069999999952
0
LINE
8
L1 (Sig, PWR)
6
CONTINUOUS
10
155.5433150000000069
20
-102.4259069999999952
11
155.3766849999999806
21
-102.4259069999999952
0
LINE
8
L1 (Sig, PWR)
6
CONTINUOUS
10
155.3766849999999806
20
-102.4259069999999952
11
155.2132579999999962
21
-102.3933990000000023
0
LINE
8
L1 (Sig, PWR)
6
CONTINUOUS
10
155.2132579999999962
20
-102.3933990000000023
11
155.0625689999999963
21
-102.3309809999999942
0
LINE
8
L1 (Sig, PWR)
6
CONTINUOUS
10
155.0625689999999963
20
-102.3309809999999942
11
154.6982820000000061
21
-102.6952689999999961
0
LINE
8
L1 (Sig, PWR)
6
CONTINUOUS
10
157.2382819999999981
20
-102.6952689999999961
11
157.2382819999999981
21
-102.6952699999999936
0
LINE
8
L1 (Sig, PWR)
6
CONTINUOUS
10
157.2382819999999981
20
-102.6952699999999936
11
157.2924490000000048
21
-102.7346239999999966
0
LINE
8
L1 (Sig, PWR)
6
CONTINUOUS
10
157.2924490000000048
20
-102.7346239999999966
11
157.4817819999999813
21
-102.8310949999999906
0
LINE
8
L1 (Sig, PWR)
6
CONTINUOUS
10
157.4817819999999813
20
-102.8310949999999906
11
157.6838699999999847
21
-102.8967569999999938
0
LINE
8
L1 (Sig, PWR)
6
CONTINUOUS
10
157.6838699999999847
20
-102.8967569999999938
11
157.8937540000000013
21
-102.9299999999999926
0
LINE
8
L1 (Sig, PWR)
6
CONTINUOUS
10
157.8937540000000013
20
-102.9299999999999926
11
158.1062459999999987
21
-102.9299999999999926
0
LINE
8
L1 (Sig, PWR)
6
CONTINUOUS
10
158.1062459999999987
20
-102.9299999999999926
11
158.3161269999999945
21
-102.8967569999999938
0
LINE
8
L1 (Sig, PWR)
6
CONTINUOUS
10
158.3161269999999945
20
-102.8967569999999938
11
158.3161299999999869
21
-102.8967569999999938
0
LINE
8
L1 (Sig, PWR)
6
CONTINUOUS
10
158.3161299999999869
20
-102.8967569999999938
11
158.5182169999999928
21
-102.8310949999999906
0
LINE
8
L1 (Sig, PWR)
6
CONTINUOUS
10
158.5182169999999928
20
-102.8310949999999906
11
158.7075539999999876
21
-102.7346220000000017
0
LINE
8
L1 (Sig, PWR)
6
CONTINUOUS
10
158.7075539999999876
20
-102.7346220000000017
11
158.7617160000000069
21
-102.6952699999999936
0
LINE
8
L1 (Sig, PWR)
6
CONTINUOUS
10
158.7617160000000069
20
-102.6952699999999936
11
158.7617170000000044
21
-102.6952699999999936
0
LINE
8
L1 (Sig, PWR)
6
CONTINUOUS
10
158.7617170000000044
20
-102.6952699999999936
11
158.3974279999999908
21
-102.3309819999999917
0
LINE
8
L1 (Sig, PWR)
6
CONTINUOUS
10
158.3974279999999908
20
-102.3309819999999917
11
158.2467419999999834
21
-102.3933990000000023
0
LINE
8
L1 (Sig, PWR)
6
CONTINUOUS
10
158.2467419999999834
20
-102.3933990000000023
11
158.0833149999999989
21
-102.4259069999999952
0
LINE
8
L1 (Sig, PWR)
6
CONTINUOUS
10
158.0833149999999989
20
-102.4259069999999952
11
157.9166850000000011
21
-102.4259069999999952
0
LINE
8
L1 (Sig, PWR)
6
CONTINUOUS
10
157.9166850000000011
20
-102.4259069999999952
11
157.7532579999999882
21
-102.3933990000000023
0
LINE
8
L1 (Sig, PWR)
6
CONTINUOUS
10
157.7532579999999882
20
-102.3933990000000023
11
157.6025689999999884
21
-102.3309809999999942
0
LINE
8
L1 (Sig, PWR)
6
CONTINUOUS
10
157.6025689999999884
20
-102.3309809999999942
11
157.2382819999999981
21
-102.6952689999999961
0
LINE
8
L1 (Sig, PWR)
6
CONTINUOUS
10
130.8791569999999922
20
-102.0699999999999932
11
130.8903499999999838
21
-102.1262739999999951
0
LINE
8
L1 (Sig, PWR)
6
CONTINUOUS
10
130.8903499999999838
20
-102.1262739999999951
11
130.8903509999999812
21
-102.1262759999999901
0
LINE
8
L1 (Sig, PWR)
6
CONTINUOUS
10
130.8903509999999812
20
-102.1262759999999901
11
130.9694999999999823
21
-102.3173579999999987
0
LINE
8
L1 (Sig, PWR)
6
CONTINUOUS
10
130.9694999999999823
20
-102.3173579999999987
11
130.9695049999999981
21
-102.3173680000000019
0
LINE
8
L1 (Sig, PWR)
6
CONTINUOUS
10
130.9695049999999981
20
-102.3173680000000019
11
131.0844099999999912
21
-102.489334999999997
0
LINE
8
L1 (Sig, PWR)
6
CONTINUOUS
10
131.0844099999999912
20
-102.489334999999997
11
131.0844129999999836
21
-102.4893390000000011
0
LINE
8
L1 (Sig, PWR)
6
CONTINUOUS
10
131.0844129999999836
20
-102.4893390000000011
11
131.2306600000000003
21
-102.6355859999999893
0
LINE
8
L1 (Sig, PWR)
6
CONTINUOUS
10
131.2306600000000003
20
-102.6355859999999893
11
131.2306639999999902
21
-102.635588999999996
0
LINE
8
L1 (Sig, PWR)
6
CONTINUOUS
10
131.2306639999999902
20
-102.635588999999996
11
131.4026309999999853
21
-102.7504939999999891
0
LINE
8
L1 (Sig, PWR)
6
CONTINUOUS
10
131.4026309999999853
20
-102.7504939999999891
11
131.4026409999999885
21
-102.7504989999999907
0
LINE
8
L1 (Sig, PWR)
6
CONTINUOUS
10
131.4026409999999885
20
-102.7504989999999907
11
131.5937250000000063
21
-102.8296489999999892
0
LINE
8
L1 (Sig, PWR)
6
CONTINUOUS
10
131.5937250000000063
20
-102.8296489999999892
11
131.5937329999999861
21
-102.8296509999999984
0
LINE
8
L1 (Sig, PWR)
6
CONTINUOUS
10
131.5937329999999861
20
-102.8296509999999984
11
131.7965789999999799
21
-102.8699989999999929
0
LINE
8
L1 (Sig, PWR)
6
CONTINUOUS
10
131.7965789999999799
20
-102.8699989999999929
11
131.7965829999999983
21
-102.8699999999999903
0
LINE
8
L1 (Sig, PWR)
6
CONTINUOUS
10
131.7965829999999983
20
-102.8699999999999903
11
131.9499999999999886
21
-102.8699999999999903
0
LINE
8
L1 (Sig, PWR)
6
CONTINUOUS
10
131.9499999999999886
20
-102.8699999999999903
11
131.9499999999999886
21
-102.3699999999999903
0
LINE
8
L1 (Sig, PWR)
6
CONTINUOUS
10
131.9499999999999886
20
-102.3699999999999903
11
131.9000000000000057
21
-102.3699999999999903
0
LINE
8
L1 (Sig, PWR)
6
CONTINUOUS
10
131.9000000000000057
20
-102.3699999999999903
11
131.8282109999999818
21
-102.365294999999989
0
LINE
8
L1 (Sig, PWR)
6
CONTINUOUS
10
131.8282109999999818
20
-102.365294999999989
11
131.6895240000000058
21
-102.3281339999999915
0
LINE
8
L1 (Sig, PWR)
6
CONTINUOUS
10
131.6895240000000058
20
-102.3281339999999915
11
131.5651809999999955
21
-102.2563439999999986
0
LINE
8
L1 (Sig, PWR)
6
CONTINUOUS
10
131.5651809999999955
20
-102.2563439999999986
11
131.4636559999999861
21
-102.1548189999999892
0
LINE
8
L1 (Sig, PWR)
6
CONTINUOUS
10
131.4636559999999861
20
-102.1548189999999892
11
131.4146849999999915
21
-102.0699999999999932
0
LINE
8
L1 (Sig, PWR)
6
CONTINUOUS
10
131.4146849999999915
20
-102.0699999999999932
11
130.8791569999999922
21
-102.0699999999999932
0
LINE
8
L1 (Sig, PWR)
6
CONTINUOUS
10
132.9363439999999912
20
-102.1548189999999892
11
132.8348189999999818
21
-102.2563439999999986
0
LINE
8
L1 (Sig, PWR)
6
CONTINUOUS
10
132.8348189999999818
20
-102.2563439999999986
11
132.7104759999999999
21
-102.3281339999999915
0
LINE
8
L1 (Sig, PWR)
6
CONTINUOUS
10
132.7104759999999999
20
-102.3281339999999915
11
132.5717889999999954
21
-102.365294999999989
0
LINE
8
L1 (Sig, PWR)
6
CONTINUOUS
10
132.5717889999999954
20
-102.365294999999989
11
132.5
21
-102.3699999999999903
0
LINE
8
L1 (Sig, PWR)
6
CONTINUOUS
10
132.5
20
-102.3699999999999903
11
132.4499999999999886
21
-102.3699999999999903
0
LINE
8
L1 (Sig, PWR)
6
CONTINUOUS
10
132.4499999999999886
20
-102.3699999999999903
11
132.4499999999999886
21
-102.8699999999999903
0
LINE
8
L1 (Sig, PWR)
6
CONTINUOUS
10
132.4499999999999886
20
-102.8699999999999903
11
132.6034170000000074
21
-102.8699999999999903
0
LINE
8
L1 (Sig, PWR)
6
CONTINUOUS
10
132.6034170000000074
20
-102.8699999999999903
11
132.6034199999999998
21
-102.8699989999999929
0
LINE
8
L1 (Sig, PWR)
6
CONTINUOUS
10
132.6034199999999998
20
-102.8699989999999929
11
132.8062659999999937
21
-102.8296509999999984
0
LINE
8
L1 (Sig, PWR)
6
CONTINUOUS
10
132.8062659999999937
20
-102.8296509999999984
11
132.8062740000000019
21
-102.8296489999999892
0
LINE
8
L1 (Sig, PWR)
6
CONTINUOUS
10
132.8062740000000019
20
-102.8296489999999892
11
132.9973579999999913
21
-102.7504989999999907
0
LINE
8
L1 (Sig, PWR)
6
CONTINUOUS
10
132.9973579999999913
20
-102.7504989999999907
11
132.9973679999999945
21
-102.7504939999999891
0
LINE
8
L1 (Sig, PWR)
6
CONTINUOUS
10
132.9973679999999945
20
-102.7504939999999891
11
133.1693349999999896
21
-102.635588999999996
0
LINE
8
L1 (Sig, PWR)
6
CONTINUOUS
10
133.1693349999999896
20
-102.635588999999996
11
133.1693390000000079
21
-102.6355859999999893
0
LINE
8
L1 (Sig, PWR)
6
CONTINUOUS
10
133.1693390000000079
20
-102.6355859999999893
11
133.3155859999999961
21
-102.4893390000000011
0
LINE
8
L1 (Sig, PWR)
6
CONTINUOUS
10
133.3155859999999961
20
-102.4893390000000011
11
133.3155889999999886
21
-102.489334999999997
0
LINE
8
L1 (Sig, PWR)
6
CONTINUOUS
10
133.3155889999999886
20
-102.489334999999997
11
133.4304939999999817
21
-102.3173680000000019
0
LINE
8
L1 (Sig, PWR)
6
CONTINUOUS
10
133.4304939999999817
20
-102.3173680000000019
11
133.4304989999999975
21
-102.3173579999999987
0
LINE
8
L1 (Sig, PWR)
6
CONTINUOUS
10
133.4304989999999975
20
-102.3173579999999987
11
133.5096479999999985
21
-102.1262759999999901
0
LINE
8
L1 (Sig, PWR)
6
CONTINUOUS
10
133.5096479999999985
20
-102.1262759999999901
11
133.509648999999996
21
-102.1262739999999951
0
LINE
8
L1 (Sig, PWR)
6
CONTINUOUS
10
133.509648999999996
20
-102.1262739999999951
11
133.5208429999999851
21
-102.0699999999999932
0
LINE
8
L1 (Sig, PWR)
6
CONTINUOUS
10
133.5208429999999851
20
-102.0699999999999932
11
132.9853149999999857
21
-102.0699999999999932
0
LINE
8
L1 (Sig, PWR)
6
CONTINUOUS
10
132.9853149999999857
20
-102.0699999999999932
11
132.9363439999999912
21
-102.1548189999999892
0
LINE
8
L1 (Sig, PWR)
6
CONTINUOUS
10
134.6791570000000036
20
-102.0699999999999932
11
134.6903499999999951
21
-102.1262739999999951
0
LINE
8
L1 (Sig, PWR)
6
CONTINUOUS
10
134.6903499999999951
20
-102.1262739999999951
11
134.6903509999999926
21
-102.1262759999999901
0
LINE
8
L1 (Sig, PWR)
6
CONTINUOUS
10
134.6903509999999926
20
-102.1262759999999901
11
134.7694999999999936
21
-102.3173579999999987
0
LINE
8
L1 (Sig, PWR)
6
CONTINUOUS
10
134.7694999999999936
20
-102.3173579999999987
11
134.769504999999981
21
-102.3173680000000019
0
LINE
8
L1 (Sig, PWR)
6
CONTINUOUS
10
134.769504999999981
20
-102.3173680000000019
11
134.8844100000000026
21
-102.489334999999997
0
LINE
8
L1 (Sig, PWR)
6
CONTINUOUS
10
134.8844100000000026
20
-102.489334999999997
11
134.884412999999995
21
-102.4893390000000011
0
LINE
8
L1 (Sig, PWR)
6
CONTINUOUS
10
134.884412999999995
20
-102.4893390000000011
11
135.0306599999999833
21
-102.6355859999999893
0
LINE
8
L1 (Sig, PWR)
6
CONTINUOUS
10
135.0306599999999833
20
-102.6355859999999893
11
135.0306640000000016
21
-102.635588999999996
0
LINE
8
L1 (Sig, PWR)
6
CONTINUOUS
10
135.0306640000000016
20
-102.635588999999996
11
135.2026309999999967
21
-102.7504939999999891
0
LINE
8
L1 (Sig, PWR)
6
CONTINUOUS
10
135.2026309999999967
20
-102.7504939999999891
11
135.2026409999999998
21
-102.7504989999999907
0
LINE
8
L1 (Sig, PWR)
6
CONTINUOUS
10
135.2026409999999998
20
-102.7504989999999907
11
135.3937249999999892
21
-102.8296489999999892
0
LINE
8
L1 (Sig, PWR)
6
CONTINUOUS
10
135.3937249999999892
20
-102.8296489999999892
11
135.3937329999999974
21
-102.8296509999999984
0
LINE
8
L1 (Sig, PWR)
6
CONTINUOUS
10
135.3937329999999974
20
-102.8296509999999984
11
135.5965789999999913
21
-102.8699989999999929
0
LINE
8
L1 (Sig, PWR)
6
CONTINUOUS
10
135.5965789999999913
20
-102.8699989999999929
11
135.5965829999999812
21
-102.8699999999999903
0
LINE
8
L1 (Sig, PWR)
6
CONTINUOUS
10
135.5965829999999812
20
-102.8699999999999903
11
135.75
21
-102.8699999999999903
0
LINE
8
L1 (Sig, PWR)
6
CONTINUOUS
10
135.75
20
-102.8699999999999903
11
135.75
21
-102.3699999999999903
0
LINE
8
L1 (Sig, PWR)
6
CONTINUOUS
10
135.75
20
-102.3699999999999903
11
135.6999999999999886
21
-102.3699999999999903
0
LINE
8
L1 (Sig, PWR)
6
CONTINUOUS
10
135.6999999999999886
20
-102.3699999999999903
11
135.6282109999999932
21
-102.365294999999989
0
LINE
8
L1 (Sig, PWR)
6
CONTINUOUS
10
135.6282109999999932
20
-102.365294999999989
11
135.4895239999999887
21
-102.3281339999999915
0
LINE
8
L1 (Sig, PWR)
6
CONTINUOUS
10
135.4895239999999887
20
-102.3281339999999915
11
135.3651810000000069
21
-102.2563439999999986
0
LINE
8
L1 (Sig, PWR)
6
CONTINUOUS
10
135.3651810000000069
20
-102.2563439999999986
11
135.2636559999999974
21
-102.1548189999999892
0
LINE
8
L1 (Sig, PWR)
6
CONTINUOUS
10
135.2636559999999974
20
-102.1548189999999892
11
135.2146850000000029
21
-102.0699999999999932
0
LINE
8
L1 (Sig, PWR)
6
CONTINUOUS
10
135.2146850000000029
20
-102.0699999999999932
11
134.6791570000000036
21
-102.0699999999999932
0
LINE
8
L1 (Sig, PWR)
6
CONTINUOUS
10
136.7363440000000026
20
-102.1548189999999892
11
136.6348189999999931
21
-102.2563439999999986
0
LINE
8
L1 (Sig, PWR)
6
CONTINUOUS
10
136.6348189999999931
20
-102.2563439999999986
11
136.5104759999999828
21
-102.3281339999999915
0
LINE
8
L1 (Sig, PWR)
6
CONTINUOUS
10
136.5104759999999828
20
-102.3281339999999915
11
136.3717890000000068
21
-102.365294999999989
0
LINE
8
L1 (Sig, PWR)
6
CONTINUOUS
10
136.3717890000000068
20
-102.365294999999989
11
136.2999999999999829
21
-102.3699999999999903
0
LINE
8
L1 (Sig, PWR)
6
CONTINUOUS
10
136.2999999999999829
20
-102.3699999999999903
11
136.25
21
-102.3699999999999903
0
LINE
8
L1 (Sig, PWR)
6
CONTINUOUS
10
136.25
20
-102.3699999999999903
11
136.25
21
-102.8699999999999903
0
LINE
8
L1 (Sig, PWR)
6
CONTINUOUS
10
136.25
20
-102.8699999999999903
11
136.4034169999999904
21
-102.8699999999999903
0
LINE
8
L1 (Sig, PWR)
6
CONTINUOUS
10
136.4034169999999904
20
-102.8699999999999903
11
136.4034199999999828
21
-102.8699989999999929
0
LINE
8
L1 (Sig, PWR)
6
CONTINUOUS
10
136.4034199999999828
20
-102.8699989999999929
11
136.6062660000000051
21
-102.8296509999999984
0
LINE
8
L1 (Sig, PWR)
6
CONTINUOUS
10
136.6062660000000051
20
-102.8296509999999984
11
136.6062739999999849
21
-102.8296489999999892
0
LINE
8
L1 (Sig, PWR)
6
CONTINUOUS
10
136.6062739999999849
20
-102.8296489999999892
11
136.7973580000000027
21
-102.7504989999999907
0
LINE
8
L1 (Sig, PWR)
6
CONTINUOUS
10
136.7973580000000027
20
-102.7504989999999907
11
136.7973680000000058
21
-102.7504939999999891
0
LINE
8
L1 (Sig, PWR)
6
CONTINUOUS
10
136.7973680000000058
20
-102.7504939999999891
11
136.9693350000000009
21
-102.635588999999996
0
LINE
8
L1 (Sig, PWR)
6
CONTINUOUS
10
136.9693350000000009
20
-102.635588999999996
11
136.9693389999999908
21
-102.6355859999999893
0
LINE
8
L1 (Sig, PWR)
6
CONTINUOUS
10
136.9693389999999908
20
-102.6355859999999893
11
137.1155860000000075
21
-102.4893390000000011
0
LINE
8
L1 (Sig, PWR)
6
CONTINUOUS
10
137.1155860000000075
20
-102.4893390000000011
11
137.1155889999999999
21
-102.489334999999997
0
LINE
8
L1 (Sig, PWR)
6
CONTINUOUS
10
137.1155889999999999
20
-102.489334999999997
11
137.2304939999999931
21
-102.3173680000000019
0
LINE
8
L1 (Sig, PWR)
6
CONTINUOUS
10
137.2304939999999931
20
-102.3173680000000019
11
137.2304989999999805
21
-102.3173579999999987
0
LINE
8
L1 (Sig, PWR)
6
CONTINUOUS
10
137.2304989999999805
20
-102.3173579999999987
11
137.3096479999999815
21
-102.1262759999999901
0
LINE
8
L1 (Sig, PWR)
6
CONTINUOUS
10
137.3096479999999815
20
-102.1262759999999901
11
137.3096490000000074
21
-102.1262739999999951
0
LINE
8
L1 (Sig, PWR)
6
CONTINUOUS
10
137.3096490000000074
20
-102.1262739999999951
11
137.3208429999999964
21
-102.0699999999999932
0
LINE
8
L1 (Sig, PWR)
6
CONTINUOUS
10
137.3208429999999964
20
-102.0699999999999932
11
136.7853149999999971
21
-102.0699999999999932
0
LINE
8
L1 (Sig, PWR)
6
CONTINUOUS
10
136.7853149999999971
20
-102.0699999999999932
11
136.7363440000000026
21
-102.1548189999999892
0
LINE
8
L1 (Sig, PWR)
6
CONTINUOUS
10
151.6748130000000003
20
-101.6787369999999981
11
151.7177049999999952
21
-101.7822859999999991
0
LINE
8
L1 (Sig, PWR)
6
CONTINUOUS
10
151.7177049999999952
20
-101.7822859999999991
11
151.7463889999999935
21
-101.9264869999999945
0
LINE
8
L1 (Sig, PWR)
6
CONTINUOUS
10
151.7463889999999935
20
-101.9264869999999945
11
151.7463889999999935
21
-102.0735129999999913
0
LINE
8
L1 (Sig, PWR)
6
CONTINUOUS
10
151.7463889999999935
20
-102.0735129999999913
11
151.7177049999999952
21
-102.2177140000000009
0
LINE
8
L1 (Sig, PWR)
6
CONTINUOUS
10
151.7177049999999952
20
-102.2177140000000009
11
151.6748139999999978
21
-102.3212619999999902
0
LINE
8
L1 (Sig, PWR)
6
CONTINUOUS
10
151.6748139999999978
20
-102.3212619999999902
11
152.0436779999999999
21
-102.6901259999999922
0
LINE
8
L1 (Sig, PWR)
6
CONTINUOUS
10
152.0436779999999999
20
-102.6901259999999922
11
152.0436779999999999
21
-102.6901249999999948
0
LINE
8
L1 (Sig, PWR)
6
CONTINUOUS
10
152.0436779999999999
20
-102.6901249999999948
11
152.0690969999999993
21
-102.6551410000000004
0
LINE
8
L1 (Sig, PWR)
6
CONTINUOUS
10
152.0690969999999993
20
-102.6551410000000004
11
152.1014129999999795
21
-102.5917169999999885
0
LINE
8
L1 (Sig, PWR)
6
CONTINUOUS
10
152.1014129999999795
20
-102.5917169999999885
11
152.1014129999999795
21
-102.591715999999991
0
LINE
8
L1 (Sig, PWR)
6
CONTINUOUS
10
152.1014129999999795
20
-102.591715999999991
11
152.1584179999999833
21
-102.4798349999999942
0
LINE
8
L1 (Sig, PWR)
6
CONTINUOUS
10
152.1584179999999833
20
-102.4798349999999942
11
152.2192210000000046
21
-102.292704999999998
0
LINE
8
L1 (Sig, PWR)
6
CONTINUOUS
10
152.2192210000000046
20
-102.292704999999998
11
152.25
21
-102.0983820000000009
0
LINE
8
L1 (Sig, PWR)
6
CONTINUOUS
10
152.25
20
-102.0983820000000009
11
152.25
21
-101.9016170000000017
0
LINE
8
L1 (Sig, PWR)
6
CONTINUOUS
10
152.25
20
-101.9016170000000017
11
152.2192210000000046
21
-101.7072939999999903
0
LINE
8
L1 (Sig, PWR)
6
CONTINUOUS
10
152.2192210000000046
20
-101.7072939999999903
11
152.1584179999999833
21
-101.5201639999999941
0
LINE
8
L1 (Sig, PWR)
6
CONTINUOUS
10
152.1584179999999833
20
-101.5201639999999941
11
152.0690960000000018
21
-101.3448580000000021
0
LINE
8
L1 (Sig, PWR)
6
CONTINUOUS
10
152.0690960000000018
20
-101.3448580000000021
11
152.0436779999999999
21
-101.3098729999999961
0
LINE
8
L1 (Sig, PWR)
6
CONTINUOUS
10
152.0436779999999999
20
-101.3098729999999961
11
152.0436770000000024
21
-101.3098729999999961
0
LINE
8
L1 (Sig, PWR)
6
CONTINUOUS
10
152.0436770000000024
20
-101.3098729999999961
11
151.6748130000000003
21
-101.6787369999999981
0
LINE
8
L1 (Sig, PWR)
6
CONTINUOUS
10
148.308493999999996
20
-101.8598719999999958
11
148.3084969999999885
21
-101.8598609999999951
0
LINE
8
L1 (Sig, PWR)
6
CONTINUOUS
10
148.3084969999999885
20
-101.8598609999999951
11
148.3139569999999878
21
-101.842337999999998
0
LINE
8
L1 (Sig, PWR)
6
CONTINUOUS
10
148.3139569999999878
20
-101.842337999999998
11
148.3199999999999932
21
-101.7758369999999957
0
LINE
8
L1 (Sig, PWR)
6
CONTINUOUS
10
148.3199999999999932
20
-101.7758369999999957
11
148.3199999999999932
21
-101.75
0
LINE
8
L1 (Sig, PWR)
6
CONTINUOUS
10
148.3199999999999932
20
-101.75
11
147.8145299999999907
21
-101.75
0
LINE
8
L1 (Sig, PWR)
6
CONTINUOUS
10
147.8145299999999907
20
-101.75
11
147.8078209999999899
21
-101.7837289999999939
0
LINE
8
L1 (Sig, PWR)
6
CONTINUOUS
10
147.8078209999999899
20
-101.7837289999999939
11
147.7731369999999913
21
-101.8356369999999913
0
LINE
8
L1 (Sig, PWR)
6
CONTINUOUS
10
147.7731369999999913
20
-101.8356369999999913
11
147.75
21
-101.8510959999999983
0
LINE
8
L1 (Sig, PWR)
6
CONTINUOUS
10
147.75
20
-101.8510959999999983
11
147.75
21
-102.3791679999999928
0
LINE
8
L1 (Sig, PWR)
6
CONTINUOUS
10
147.75
20
-102.3791679999999928
11
147.7798379999999838
21
-102.3764579999999995
0
LINE
8
L1 (Sig, PWR)
6
CONTINUOUS
10
147.7798379999999838
20
-102.3764579999999995
11
147.7798439999999971
21
-102.3764559999999904
0
LINE
8
L1 (Sig, PWR)
6
CONTINUOUS
10
147.7798439999999971
20
-102.3764559999999904
11
147.9328610000000026
21
-102.3287739999999957
0
LINE
8
L1 (Sig, PWR)
6
CONTINUOUS
10
147.9328610000000026
20
-102.3287739999999957
11
147.9328629999999976
21
-102.3287729999999982
0
LINE
8
L1 (Sig, PWR)
6
CONTINUOUS
10
147.9328629999999976
20
-102.3287729999999982
11
148.0700190000000021
21
-102.2458599999999933
0
LINE
8
L1 (Sig, PWR)
6
CONTINUOUS
10
148.0700190000000021
20
-102.2458599999999933
11
148.070022999999992
21
-102.2458570000000009
0
LINE
8
L1 (Sig, PWR)
6
CONTINUOUS
10
148.070022999999992
20
-102.2458570000000009
11
148.1833570000000009
21
-102.132522999999992
0
LINE
8
L1 (Sig, PWR)
6
CONTINUOUS
10
148.1833570000000009
20
-102.132522999999992
11
148.1833599999999933
21
-102.1325190000000021
0
LINE
8
L1 (Sig, PWR)
6
CONTINUOUS
10
148.1833599999999933
20
-102.1325190000000021
11
148.266272999999984
21
-101.9953629999999976
0
LINE
8
L1 (Sig, PWR)
6
CONTINUOUS
10
148.266272999999984
20
-101.9953629999999976
11
148.2662750000000074
21
-101.9953589999999934
0
LINE
8
L1 (Sig, PWR)
6
CONTINUOUS
10
148.2662750000000074
20
-101.9953589999999934
11
148.2954859999999826
21
-101.9016170000000017
0
LINE
8
L1 (Sig, PWR)
6
CONTINUOUS
10
148.2954859999999826
20
-101.9016170000000017
11
148.308493999999996
21
-101.8598719999999958
0
LINE
8
L1 (Sig, PWR)
6
CONTINUOUS
10
156.2109810000000039
20
-101.1825690000000009
11
156.2733989999999835
21
-101.3332580000000007
0
LINE
8
L1 (Sig, PWR)
6
CONTINUOUS
10
156.2733989999999835
20
-101.3332580000000007
11
156.3059069999999906
21
-101.4966849999999994
0
LINE
8
L1 (Sig, PWR)
6
CONTINUOUS
10
156.3059069999999906
20
-101.4966849999999994
11
156.3059069999999906
21
-101.6633149999999972
0
LINE
8
L1 (Sig, PWR)
6
CONTINUOUS
10
156.3059069999999906
20
-101.6633149999999972
11
156.2733989999999835
21
-101.8267419999999959
0
LINE
8
L1 (Sig, PWR)
6
CONTINUOUS
10
156.2733989999999835
20
-101.8267419999999959
11
156.2109820000000013
21
-101.9774279999999891
0
LINE
8
L1 (Sig, PWR)
6
CONTINUOUS
10
156.2109820000000013
20
-101.9774279999999891
11
156.5752699999999891
21
-102.3417169999999885
0
LINE
8
L1 (Sig, PWR)
6
CONTINUOUS
10
156.5752699999999891
20
-102.3417169999999885
11
156.5752699999999891
21
-102.341715999999991
0
LINE
8
L1 (Sig, PWR)
6
CONTINUOUS
10
156.5752699999999891
20
-102.341715999999991
11
156.6146219999999971
21
-102.2875540000000001
0
LINE
8
L1 (Sig, PWR)
6
CONTINUOUS
10
156.6146219999999971
20
-102.2875540000000001
11
156.619513999999981
21
-102.277953999999994
0
LINE
8
L1 (Sig, PWR)
6
CONTINUOUS
10
156.619513999999981
20
-102.277953999999994
11
156.6674879999999916
21
-102.2271569999999912
0
LINE
8
L1 (Sig, PWR)
6
CONTINUOUS
10
156.6674879999999916
20
-102.2271569999999912
11
156.7353080000000034
21
-102.2103609999999918
0
LINE
8
L1 (Sig, PWR)
6
CONTINUOUS
10
156.7353080000000034
20
-102.2103609999999918
11
156.8014440000000036
21
-102.2328969999999941
0
LINE
8
L1 (Sig, PWR)
6
CONTINUOUS
10
156.8014440000000036
20
-102.2328969999999941
11
156.8404859999999985
21
-102.277953999999994
0
LINE
8
L1 (Sig, PWR)
6
CONTINUOUS
10
156.8404859999999985
20
-102.277953999999994
11
156.84537499999999
21
-102.287549999999996
0
LINE
8
L1 (Sig, PWR)
6
CONTINUOUS
10
156.84537499999999
20
-102.287549999999996
11
156.8847279999999955
21
-102.341715999999991
0
LINE
8
L1 (Sig, PWR)
6
CONTINUOUS
10
156.8847279999999955
20
-102.341715999999991
11
157.2490159999999833
21
-101.9774269999999916
0
LINE
8
L1 (Sig, PWR)
6
CONTINUOUS
10
157.2490159999999833
20
-101.9774269999999916
11
157.186600999999996
21
-101.8267419999999959
0
LINE
8
L1 (Sig, PWR)
6
CONTINUOUS
10
157.186600999999996
20
-101.8267419999999959
11
157.1540929999999889
21
-101.6633149999999972
0
LINE
8
L1 (Sig, PWR)
6
CONTINUOUS
10
157.1540929999999889
20
-101.6633149999999972
11
157.1540929999999889
21
-101.4966849999999994
0
LINE
8
L1 (Sig, PWR)
6
CONTINUOUS
10
157.1540929999999889
20
-101.4966849999999994
11
157.186600999999996
21
-101.3332580000000007
0
LINE
8
L1 (Sig, PWR)
6
CONTINUOUS
10
157.186600999999996
20
-101.3332580000000007
11
157.2490169999999807
21
-101.1825709999999958
0
LINE
8
L1 (Sig, PWR)
6
CONTINUOUS
10
157.2490169999999807
20
-101.1825709999999958
11
156.8847279999999955
21
-100.8182819999999964
0
LINE
8
L1 (Sig, PWR)
6
CONTINUOUS
10
156.8847279999999955
20
-100.8182819999999964
11
156.884726999999998
21
-100.8182819999999964
0
LINE
8
L1 (Sig, PWR)
6
CONTINUOUS
10
156.884726999999998
20
-100.8182819999999964
11
156.8453800000000058
21
-100.8724399999999974
0
LINE
8
L1 (Sig, PWR)
6
CONTINUOUS
10
156.8453800000000058
20
-100.8724399999999974
11
156.8404830000000061
21
-100.8820509999999899
0
LINE
8
L1 (Sig, PWR)
6
CONTINUOUS
10
156.8404830000000061
20
-100.8820509999999899
11
156.792506000000003
21
-100.9328450000000004
0
LINE
8
L1 (Sig, PWR)
6
CONTINUOUS
10
156.792506000000003
20
-100.9328450000000004
11
156.7246839999999963
21
-100.9496379999999931
0
LINE
8
L1 (Sig, PWR)
6
CONTINUOUS
10
156.7246839999999963
20
-100.9496379999999931
11
156.6585499999999911
21
-100.9270980000000009
0
LINE
8
L1 (Sig, PWR)
6
CONTINUOUS
10
156.6585499999999911
20
-100.9270980000000009
11
156.6195160000000044
21
-100.8820479999999975
0
LINE
8
L1 (Sig, PWR)
6
CONTINUOUS
10
156.6195160000000044
20
-100.8820479999999975
11
156.614625999999987
21
-100.8724519999999956
0
LINE
8
L1 (Sig, PWR)
6
CONTINUOUS
10
156.614625999999987
20
-100.8724519999999956
11
156.5752699999999891
21
-100.8182819999999964
0
LINE
8
L1 (Sig, PWR)
6
CONTINUOUS
10
156.5752699999999891
20
-100.8182819999999964
11
156.5752689999999916
21
-100.8182819999999964
0
LINE
8
L1 (Sig, PWR)
6
CONTINUOUS
10
156.5752689999999916
20
-100.8182819999999964
11
156.2109810000000039
21
-101.1825690000000009
0
LINE
8
L1 (Sig, PWR)
6
CONTINUOUS
10
158.7509809999999959
20
-101.1825690000000009
11
158.813399000000004
21
-101.3332580000000007
0
LINE
8
L1 (Sig, PWR)
6
CONTINUOUS
10
158.813399000000004
20
-101.3332580000000007
11
158.8459069999999826
21
-101.4966849999999994
0
LINE
8
L1 (Sig, PWR)
6
CONTINUOUS
10
158.8459069999999826
20
-101.4966849999999994
11
158.8459069999999826
21
-101.6633149999999972
0
LINE
8
L1 (Sig, PWR)
6
CONTINUOUS
10
158.8459069999999826
20
-101.6633149999999972
11
158.813399000000004
21
-101.8267419999999959
0
LINE
8
L1 (Sig, PWR)
6
CONTINUOUS
10
158.813399000000004
20
-101.8267419999999959
11
158.7509819999999934
21
-101.9774279999999891
0
LINE
8
L1 (Sig, PWR)
6
CONTINUOUS
10
158.7509819999999934
20
-101.9774279999999891
11
159.1152699999999811
21
-102.3417169999999885
0
LINE
8
L1 (Sig, PWR)
6
CONTINUOUS
10
159.1152699999999811
20
-102.3417169999999885
11
159.1152699999999811
21
-102.341715999999991
0
LINE
8
L1 (Sig, PWR)
6
CONTINUOUS
10
159.1152699999999811
20
-102.341715999999991
11
159.1546219999999892
21
-102.2875540000000001
0
LINE
8
L1 (Sig, PWR)
6
CONTINUOUS
10
159.1546219999999892
20
-102.2875540000000001
11
159.2510949999999923
21
-102.0982169999999911
0
LINE
8
L1 (Sig, PWR)
6
CONTINUOUS
10
159.2510949999999923
20
-102.0982169999999911
11
159.3167569999999955
21
-101.8961299999999994
0
LINE
8
L1 (Sig, PWR)
6
CONTINUOUS
10
159.3167569999999955
20
-101.8961299999999994
11
159.3167569999999955
21
-101.8961269999999928
0
LINE
8
L1 (Sig, PWR)
6
CONTINUOUS
10
159.3167569999999955
20
-101.8961269999999928
11
159.3499999999999943
21
-101.686245999999997
0
LINE
8
L1 (Sig, PWR)
6
CONTINUOUS
10
159.3499999999999943
20
-101.686245999999997
11
159.3499999999999943
21
-101.4737530000000021
0
LINE
8
L1 (Sig, PWR)
6
CONTINUOUS
10
159.3499999999999943
20
-101.4737530000000021
11
159.3167569999999955
21
-101.2638719999999921
0
LINE
8
L1 (Sig, PWR)
6
CONTINUOUS
10
159.3167569999999955
20
-101.2638719999999921
11
159.3167569999999955
21
-101.2638689999999997
0
LINE
8
L1 (Sig, PWR)
6
CONTINUOUS
10
159.3167569999999955
20
-101.2638689999999997
11
159.2510949999999923
21
-101.0617819999999938
0
LINE
8
L1 (Sig, PWR)
6
CONTINUOUS
10
159.2510949999999923
20
-101.0617819999999938
11
159.1546239999999841
21
-100.8724489999999889
0
LINE
8
L1 (Sig, PWR)
6
CONTINUOUS
10
159.1546239999999841
20
-100.8724489999999889
11
159.1152699999999811
21
-100.8182819999999964
0
LINE
8
L1 (Sig, PWR)
6
CONTINUOUS
10
159.1152699999999811
20
-100.8182819999999964
11
159.1152689999999836
21
-100.8182819999999964
0
LINE
8
L1 (Sig, PWR)
6
CONTINUOUS
10
159.1152689999999836
20
-100.8182819999999964
11
158.7509809999999959
21
-101.1825690000000009
0
LINE
8
L1 (Sig, PWR)
6
CONTINUOUS
10
154.3053799999999853
20
-100.872439
11
154.2089039999999898
21
-101.0617819999999938
0
LINE
8
L1 (Sig, PWR)
6
CONTINUOUS
10
154.2089039999999898
20
-101.0617819999999938
11
154.1432419999999865
21
-101.2638689999999997
0
LINE
8
L1 (Sig, PWR)
6
CONTINUOUS
10
154.1432419999999865
20
-101.2638689999999997
11
154.1432419999999865
21
-101.2638719999999921
0
LINE
8
L1 (Sig, PWR)
6
CONTINUOUS
10
154.1432419999999865
20
-101.2638719999999921
11
154.1099999999999852
21
-101.4737530000000021
0
LINE
8
L1 (Sig, PWR)
6
CONTINUOUS
10
154.1099999999999852
20
-101.4737530000000021
11
154.1099999999999852
21
-101.686245999999997
0
LINE
8
L1 (Sig, PWR)
6
CONTINUOUS
10
154.1099999999999852
20
-101.686245999999997
11
154.1432419999999865
21
-101.8961269999999928
0
LINE
8
L1 (Sig, PWR)
6
CONTINUOUS
10
154.1432419999999865
20
-101.8961269999999928
11
154.1432419999999865
21
-101.8961299999999994
0
LINE
8
L1 (Sig, PWR)
6
CONTINUOUS
10
154.1432419999999865
20
-101.8961299999999994
11
154.2089039999999898
21
-102.0982169999999911
0
LINE
8
L1 (Sig, PWR)
6
CONTINUOUS
10
154.2089039999999898
20
-102.0982169999999911
11
154.305374999999998
21
-102.287549999999996
0
LINE
8
L1 (Sig, PWR)
6
CONTINUOUS
10
154.305374999999998
20
-102.287549999999996
11
154.3447280000000035
21
-102.341715999999991
0
LINE
8
L1 (Sig, PWR)
6
CONTINUOUS
10
154.3447280000000035
20
-102.341715999999991
11
154.7090159999999912
21
-101.9774269999999916
0
LINE
8
L1 (Sig, PWR)
6
CONTINUOUS
10
154.7090159999999912
20
-101.9774269999999916
11
154.646601000000004
21
-101.8267419999999959
0
LINE
8
L1 (Sig, PWR)
6
CONTINUOUS
10
154.646601000000004
20
-101.8267419999999959
11
154.6140929999999969
21
-101.6633149999999972
0
LINE
8
L1 (Sig, PWR)
6
CONTINUOUS
10
154.6140929999999969
20
-101.6633149999999972
11
154.6140929999999969
21
-101.4966849999999994
0
LINE
8
L1 (Sig, PWR)
6
CONTINUOUS
10
154.6140929999999969
20
-101.4966849999999994
11
154.646601000000004
21
-101.3332580000000007
0
LINE
8
L1 (Sig, PWR)
6
CONTINUOUS
10
154.646601000000004
20
-101.3332580000000007
11
154.7090169999999887
21
-101.1825709999999958
0
LINE
8
L1 (Sig, PWR)
6
CONTINUOUS
10
154.7090169999999887
20
-101.1825709999999958
11
154.3447280000000035
21
-100.8182819999999964
0
LINE
8
L1 (Sig, PWR)
6
CONTINUOUS
10
154.3447280000000035
20
-100.8182819999999964
11
154.344727000000006
21
-100.8182819999999964
0
LINE
8
L1 (Sig, PWR)
6
CONTINUOUS
10
154.344727000000006
20
-100.8182819999999964
11
154.3053799999999853
21
-100.872439
0
LINE
8
L1 (Sig, PWR)
6
CONTINUOUS
10
136.6647759999999892
20
-100.5265369999999905
11
136.621420999999998
21
-100.5914209999999969
0
LINE
8
L1 (Sig, PWR)
6
CONTINUOUS
10
136.621420999999998
20
-100.5914209999999969
11
136.5565369999999916
21
-100.6347760000000022
0
LINE
8
L1 (Sig, PWR)
6
CONTINUOUS
10
136.5565369999999916
20
-100.6347760000000022
11
136.4799999999999898
21
-100.6499999999999915
0
LINE
8
L1 (Sig, PWR)
6
CONTINUOUS
10
136.4799999999999898
20
-100.6499999999999915
11
136.3299999999999841
21
-100.6499999999999915
0
LINE
8
L1 (Sig, PWR)
6
CONTINUOUS
10
136.3299999999999841
20
-100.6499999999999915
11
136.3299999999999841
21
-101.1559999999999917
0
LINE
8
L1 (Sig, PWR)
6
CONTINUOUS
10
136.3299999999999841
20
-101.1559999999999917
11
136.3205519999999922
21
-101.1881729999999919
0
LINE
8
L1 (Sig, PWR)
6
CONTINUOUS
10
136.3205519999999922
20
-101.1881729999999919
11
136.3118429999999819
21
-101.220601000000002
0
LINE
8
L1 (Sig, PWR)
6
CONTINUOUS
10
136.3118429999999819
20
-101.220601000000002
11
136.3105829999999798
21
-101.2221239999999938
0
LINE
8
L1 (Sig, PWR)
6
CONTINUOUS
10
136.3105829999999798
20
-101.2221239999999938
11
136.3103150000000028
21
-101.223039
0
LINE
8
L1 (Sig, PWR)
6
CONTINUOUS
10
136.3103150000000028
20
-101.223039
11
136.3085959999999943
21
-101.2245269999999948
0
LINE
8
L1 (Sig, PWR)
6
CONTINUOUS
10
136.3085959999999943
20
-101.2245269999999948
11
136.2893550000000005
21
-101.2478040000000021
0
LINE
8
L1 (Sig, PWR)
6
CONTINUOUS
10
136.2893550000000005
20
-101.2478040000000021
11
136.2800000000000011
21
-101.256298000000001
0
LINE
8
L1 (Sig, PWR)
6
CONTINUOUS
10
136.2800000000000011
20
-101.256298000000001
11
136.2800000000000011
21
-101.269999999999996
0
LINE
8
L1 (Sig, PWR)
6
CONTINUOUS
10
136.2800000000000011
20
-101.269999999999996
11
136.2999999999999829
21
-101.269999999999996
0
LINE
8
L1 (Sig, PWR)
6
CONTINUOUS
10
136.2999999999999829
20
-101.269999999999996
11
136.3717890000000068
21
-101.2747049999999973
0
LINE
8
L1 (Sig, PWR)
6
CONTINUOUS
10
136.3717890000000068
20
-101.2747049999999973
11
136.5104759999999828
21
-101.3118659999999949
0
LINE
8
L1 (Sig, PWR)
6
CONTINUOUS
10
136.5104759999999828
20
-101.3118659999999949
11
136.6348189999999931
21
-101.383656000000002
0
LINE
8
L1 (Sig, PWR)
6
CONTINUOUS
10
136.6348189999999931
20
-101.383656000000002
11
136.7363440000000026
21
-101.4851809999999972
0
LINE
8
L1 (Sig, PWR)
6
CONTINUOUS
10
136.7363440000000026
20
-101.4851809999999972
11
136.7853149999999971
21
-101.5699999999999932
0
LINE
8
L1 (Sig, PWR)
6
CONTINUOUS
10
136.7853149999999971
20
-101.5699999999999932
11
137.3208429999999964
21
-101.5699999999999932
0
LINE
8
L1 (Sig, PWR)
6
CONTINUOUS
10
137.3208429999999964
20
-101.5699999999999932
11
137.3096490000000074
21
-101.5137249999999938
0
LINE
8
L1 (Sig, PWR)
6
CONTINUOUS
10
137.3096490000000074
20
-101.5137249999999938
11
137.3096479999999815
21
-101.5137229999999988
0
LINE
8
L1 (Sig, PWR)
6
CONTINUOUS
10
137.3096479999999815
20
-101.5137229999999988
11
137.2304989999999805
21
-101.3226409999999902
0
LINE
8
L1 (Sig, PWR)
6
CONTINUOUS
10
137.2304989999999805
20
-101.3226409999999902
11
137.2304939999999931
21
-101.3226310000000012
0
LINE
8
L1 (Sig, PWR)
6
CONTINUOUS
10
137.2304939999999931
20
-101.3226310000000012
11
137.1155889999999999
21
-101.1506639999999919
0
LINE
8
L1 (Sig, PWR)
6
CONTINUOUS
10
137.1155889999999999
20
-101.1506639999999919
11
137.1155860000000075
21
-101.150660000000002
0
LINE
8
L1 (Sig, PWR)
6
CONTINUOUS
10
137.1155860000000075
20
-101.150660000000002
11
137.0301179999999874
21
-101.0651919999999961
0
LINE
8
L1 (Sig, PWR)
6
CONTINUOUS
10
137.0301179999999874
20
-101.0651919999999961
11
136.9966330000000028
21
-101.0038689999999946
0
LINE
8
L1 (Sig, PWR)
6
CONTINUOUS
10
136.9966330000000028
20
-101.0038689999999946
11
137.0016169999999818
21
-100.9341769999999912
0
LINE
8
L1 (Sig, PWR)
6
CONTINUOUS
10
137.0016169999999818
20
-100.9341769999999912
11
137.0301259999999957
21
-100.8898209999999978
0
LINE
8
L1 (Sig, PWR)
6
CONTINUOUS
10
137.0301259999999957
20
-100.8898209999999978
11
137.0350750000000062
21
-100.8848720000000014
0
LINE
8
L1 (Sig, PWR)
6
CONTINUOUS
10
137.0350750000000062
20
-100.8848720000000014
11
137.1230189999999993
21
-100.7393950000000018
0
LINE
8
L1 (Sig, PWR)
6
CONTINUOUS
10
137.1230189999999993
20
-100.7393950000000018
11
137.1735899999999901
21
-100.5771060000000006
0
LINE
8
L1 (Sig, PWR)
6
CONTINUOUS
10
137.1735899999999901
20
-100.5771060000000006
11
137.1800000000000068
21
-100.5065719999999914
0
LINE
8
L1 (Sig, PWR)
6
CONTINUOUS
10
137.1800000000000068
20
-100.5065719999999914
11
137.1800000000000068
21
-100.5
0
LINE
8
L1 (Sig, PWR)
6
CONTINUOUS
10
137.1800000000000068
20
-100.5
11
136.6700539999999933
21
-100.5
0
LINE
8
L1 (Sig, PWR)
6
CONTINUOUS
10
136.6700539999999933
20
-100.5
11
136.6647759999999892
21
-100.5265369999999905
0
LINE
8
L1 (Sig, PWR)
6
CONTINUOUS
10
133.509648999999996
20
-101.5137249999999938
11
133.5096479999999985
21
-101.5137229999999988
0
LINE
8
L1 (Sig, PWR)
6
CONTINUOUS
10
133.5096479999999985
20
-101.5137229999999988
11
133.4304989999999975
21
-101.3226409999999902
0
LINE
8
L1 (Sig, PWR)
6
CONTINUOUS
10
133.4304989999999975
20
-101.3226409999999902
11
133.4304939999999817
21
-101.3226310000000012
0
LINE
8
L1 (Sig, PWR)
6
CONTINUOUS
10
133.4304939999999817
20
-101.3226310000000012
11
133.3155889999999886
21
-101.1506639999999919
0
LINE
8
L1 (Sig, PWR)
6
CONTINUOUS
10
133.3155889999999886
20
-101.1506639999999919
11
133.3155859999999961
21
-101.150660000000002
0
LINE
8
L1 (Sig, PWR)
6
CONTINUOUS
10
133.3155859999999961
20
-101.150660000000002
11
133.1693390000000079
21
-101.0044129999999996
0
LINE
8
L1 (Sig, PWR)
6
CONTINUOUS
10
133.1693390000000079
20
-101.0044129999999996
11
133.1693349999999896
21
-101.0044099999999929
0
LINE
8
L1 (Sig, PWR)
6
CONTINUOUS
10
133.1693349999999896
20
-101.0044099999999929
11
132.9973679999999945
21
-100.8895049999999998
0
LINE
8
L1 (Sig, PWR)
6
CONTINUOUS
10
132.9973679999999945
20
-100.8895049999999998
11
132.9973579999999913
21
-100.8894999999999982
0
LINE
8
L1 (Sig, PWR)
6
CONTINUOUS
10
132.9973579999999913
20
-100.8894999999999982
11
132.8062740000000019
21
-100.8103499999999997
0
LINE
8
L1 (Sig, PWR)
6
CONTINUOUS
10
132.8062740000000019
20
-100.8103499999999997
11
132.8062659999999937
21
-100.8103479999999905
0
LINE
8
L1 (Sig, PWR)
6
CONTINUOUS
10
132.8062659999999937
20
-100.8103479999999905
11
132.6034199999999998
21
-100.769999999999996
0
LINE
8
L1 (Sig, PWR)
6
CONTINUOUS
10
132.6034199999999998
20
-100.769999999999996
11
132.4499999999999886
21
-100.769999999999996
0
LINE
8
L1 (Sig, PWR)
6
CONTINUOUS
10
132.4499999999999886
20
-100.769999999999996
11
132.4499999999999886
21
-101.269999999999996
0
LINE
8
L1 (Sig, PWR)
6
CONTINUOUS
10
132.4499999999999886
20
-101.269999999999996
11
132.5
21
-101.269999999999996
0
LINE
8
L1 (Sig, PWR)
6
CONTINUOUS
10
132.5
20
-101.269999999999996
11
132.5717889999999954
21
-101.2747049999999973
0
LINE
8
L1 (Sig, PWR)
6
CONTINUOUS
10
132.5717889999999954
20
-101.2747049999999973
11
132.7104759999999999
21
-101.3118659999999949
0
LINE
8
L1 (Sig, PWR)
6
CONTINUOUS
10
132.7104759999999999
20
-101.3118659999999949
11
132.8348189999999818
21
-101.383656000000002
0
LINE
8
L1 (Sig, PWR)
6
CONTINUOUS
10
132.8348189999999818
20
-101.383656000000002
11
132.9363439999999912
21
-101.4851809999999972
0
LINE
8
L1 (Sig, PWR)
6
CONTINUOUS
10
132.9363439999999912
20
-101.4851809999999972
11
132.9853149999999857
21
-101.5699999999999932
0
LINE
8
L1 (Sig, PWR)
6
CONTINUOUS
10
132.9853149999999857
20
-101.5699999999999932
11
133.5208429999999851
21
-101.5699999999999932
0
LINE
8
L1 (Sig, PWR)
6
CONTINUOUS
10
133.5208429999999851
20
-101.5699999999999932
11
133.509648999999996
21
-101.5137249999999938
0
LINE
8
L1 (Sig, PWR)
6
CONTINUOUS
10
155.7067419999999913
20
-99.853398999999996
11
155.5433150000000069
21
-99.8859069999999889
0
LINE
8
L1 (Sig, PWR)
6
CONTINUOUS
10
155.5433150000000069
20
-99.8859069999999889
11
155.3766849999999806
21
-99.8859069999999889
0
LINE
8
L1 (Sig, PWR)
6
CONTINUOUS
10
155.3766849999999806
20
-99.8859069999999889
11
155.2132579999999962
21
-99.853398999999996
0
LINE
8
L1 (Sig, PWR)
6
CONTINUOUS
10
155.2132579999999962
20
-99.853398999999996
11
155.0625699999999938
21
-99.7909819999999996
0
LINE
8
L1 (Sig, PWR)
6
CONTINUOUS
10
155.0625699999999938
20
-99.7909819999999996
11
154.7299710000000061
21
-100.1235810000000015
0
LINE
8
L1 (Sig, PWR)
6
CONTINUOUS
10
154.7299710000000061
20
-100.1235810000000015
11
154.8087109999999882
21
-100.2408949999999948
0
LINE
8
L1 (Sig, PWR)
6
CONTINUOUS
10
154.8087109999999882
20
-100.2408949999999948
11
154.8099200000000053
21
-100.2447289999999924
0
LINE
8
L1 (Sig, PWR)
6
CONTINUOUS
10
154.8099200000000053
20
-100.2447289999999924
11
154.8128439999999841
21
-100.2474909999999966
0
LINE
8
L1 (Sig, PWR)
6
CONTINUOUS
10
154.8128439999999841
20
-100.2474909999999966
11
154.8203429999999798
21
-100.2777779999999979
0
LINE
8
L1 (Sig, PWR)
6
CONTINUOUS
10
154.8203429999999798
20
-100.2777779999999979
11
154.8297269999999912
21
-100.3075290000000024
0
LINE
8
L1 (Sig, PWR)
6
CONTINUOUS
10
154.8297269999999912
20
-100.3075290000000024
11
154.8286709999999857
21
-100.3114080000000001
0
LINE
8
L1 (Sig, PWR)
6
CONTINUOUS
10
154.8286709999999857
20
-100.3114080000000001
11
154.8296379999999886
21
-100.3153119999999916
0
LINE
8
L1 (Sig, PWR)
6
CONTINUOUS
10
154.8296379999999886
20
-100.3153119999999916
11
154.8195729999999912
21
-100.3448439999999948
0
LINE
8
L1 (Sig, PWR)
6
CONTINUOUS
10
154.8195729999999912
20
-100.3448439999999948
11
154.8113830000000064
21
-100.3749469999999917
0
LINE
8
L1 (Sig, PWR)
6
CONTINUOUS
10
154.8113830000000064
20
-100.3749469999999917
11
154.8083969999999852
21
-100.3776399999999995
0
LINE
8
L1 (Sig, PWR)
6
CONTINUOUS
10
154.8083969999999852
20
-100.3776399999999995
11
154.8070999999999913
21
-100.3814469999999943
0
LINE
8
L1 (Sig, PWR)
6
CONTINUOUS
10
154.8070999999999913
20
-100.3814469999999943
11
154.7620509999999854
21
-100.4204829999999902
0
LINE
8
L1 (Sig, PWR)
6
CONTINUOUS
10
154.7620509999999854
20
-100.4204829999999902
11
154.7524400000000071
21
-100.4253799999999899
0
LINE
8
L1 (Sig, PWR)
6
CONTINUOUS
10
154.7524400000000071
20
-100.4253799999999899
11
154.6982820000000061
21
-100.4647269999999963
0
LINE
8
L1 (Sig, PWR)
6
CONTINUOUS
10
154.6982820000000061
20
-100.4647269999999963
11
154.6982820000000061
21
-100.4647279999999938
0
LINE
8
L1 (Sig, PWR)
6
CONTINUOUS
10
154.6982820000000061
20
-100.4647279999999938
11
155.0625709999999913
21
-100.8290169999999932
0
LINE
8
L1 (Sig, PWR)
6
CONTINUOUS
10
155.0625709999999913
20
-100.8290169999999932
11
155.2132579999999962
21
-100.7666009999999943
0
LINE
8
L1 (Sig, PWR)
6
CONTINUOUS
10
155.2132579999999962
20
-100.7666009999999943
11
155.3766849999999806
21
-100.7340930000000014
0
LINE
8
L1 (Sig, PWR)
6
CONTINUOUS
10
155.3766849999999806
20
-100.7340930000000014
11
155.5433150000000069
21
-100.7340930000000014
0
LINE
8
L1 (Sig, PWR)
6
CONTINUOUS
10
155.5433150000000069
20
-100.7340930000000014
11
155.7067419999999913
21
-100.7666009999999943
0
LINE
8
L1 (Sig, PWR)
6
CONTINUOUS
10
155.7067419999999913
20
-100.7666009999999943
11
155.8574279999999987
21
-100.8290169999999932
0
LINE
8
L1 (Sig, PWR)
6
CONTINUOUS
10
155.8574279999999987
20
-100.8290169999999932
11
156.2217159999999865
21
-100.4647279999999938
0
LINE
8
L1 (Sig, PWR)
6
CONTINUOUS
10
156.2217159999999865
20
-100.4647279999999938
11
156.1675500000000056
21
-100.4253750000000025
0
LINE
8
L1 (Sig, PWR)
6
CONTINUOUS
10
156.1675500000000056
20
-100.4253750000000025
11
156.1579539999999895
21
-100.4204859999999968
0
LINE
8
L1 (Sig, PWR)
6
CONTINUOUS
10
156.1579539999999895
20
-100.4204859999999968
11
156.1071570000000008
21
-100.3725120000000004
0
LINE
8
L1 (Sig, PWR)
6
CONTINUOUS
10
156.1071570000000008
20
-100.3725120000000004
11
156.0903610000000015
21
-100.3046919999999886
0
LINE
8
L1 (Sig, PWR)
6
CONTINUOUS
10
156.0903610000000015
20
-100.3046919999999886
11
156.1112880000000018
21
-100.2408949999999948
0
LINE
8
L1 (Sig, PWR)
6
CONTINUOUS
10
156.1112880000000018
20
-100.2408949999999948
11
156.1900269999999864
21
-100.1235810000000015
0
LINE
8
L1 (Sig, PWR)
6
CONTINUOUS
10
156.1900269999999864
20
-100.1235810000000015
11
155.8574279999999987
21
-99.7909819999999996
0
LINE
8
L1 (Sig, PWR)
6
CONTINUOUS
10
155.8574279999999987
20
-99.7909819999999996
11
155.7067419999999913
21
-99.853398999999996
0
LINE
8
L1 (Sig, PWR)
6
CONTINUOUS
10
157.2382819999999981
20
-100.1552689999999899
11
157.2382819999999981
21
-100.1552700000000016
0
LINE
8
L1 (Sig, PWR)
6
CONTINUOUS
10
157.2382819999999981
20
-100.1552700000000016
11
157.2924519999999973
21
-100.1946259999999995
0
LINE
8
L1 (Sig, PWR)
6
CONTINUOUS
10
157.2924519999999973
20
-100.1946259999999995
11
157.302047999999985
21
-100.1995159999999885
0
LINE
8
L1 (Sig, PWR)
6
CONTINUOUS
10
157.302047999999985
20
-100.1995159999999885
11
157.3528440000000046
21
-100.2474909999999966
0
LINE
8
L1 (Sig, PWR)
6
CONTINUOUS
10
157.3528440000000046
20
-100.2474909999999966
11
157.3696379999999806
21
-100.3153119999999916
0
LINE
8
L1 (Sig, PWR)
6
CONTINUOUS
10
157.3696379999999806
20
-100.3153119999999916
11
157.3470999999999833
21
-100.3814469999999943
0
LINE
8
L1 (Sig, PWR)
6
CONTINUOUS
10
157.3470999999999833
20
-100.3814469999999943
11
157.3020510000000058
21
-100.4204829999999902
0
LINE
8
L1 (Sig, PWR)
6
CONTINUOUS
10
157.3020510000000058
20
-100.4204829999999902
11
157.2924399999999991
21
-100.4253799999999899
0
LINE
8
L1 (Sig, PWR)
6
CONTINUOUS
10
157.2924399999999991
20
-100.4253799999999899
11
157.2382819999999981
21
-100.4647269999999963
0
LINE
8
L1 (Sig, PWR)
6
CONTINUOUS
10
157.2382819999999981
20
-100.4647269999999963
11
157.2382819999999981
21
-100.4647279999999938
0
LINE
8
L1 (Sig, PWR)
6
CONTINUOUS
10
157.2382819999999981
20
-100.4647279999999938
11
157.6025709999999833
21
-100.8290169999999932
0
LINE
8
L1 (Sig, PWR)
6
CONTINUOUS
10
157.6025709999999833
20
-100.8290169999999932
11
157.7532579999999882
21
-100.7666009999999943
0
LINE
8
L1 (Sig, PWR)
6
CONTINUOUS
10
157.7532579999999882
20
-100.7666009999999943
11
157.9166850000000011
21
-100.7340930000000014
0
LINE
8
L1 (Sig, PWR)
6
CONTINUOUS
10
157.9166850000000011
20
-100.7340930000000014
11
158.0833149999999989
21
-100.7340930000000014
0
LINE
8
L1 (Sig, PWR)
6
CONTINUOUS
10
158.0833149999999989
20
-100.7340930000000014
11
158.2467419999999834
21
-100.7666009999999943
0
LINE
8
L1 (Sig, PWR)
6
CONTINUOUS
10
158.2467419999999834
20
-100.7666009999999943
11
158.3974279999999908
21
-100.8290169999999932
0
LINE
8
L1 (Sig, PWR)
6
CONTINUOUS
10
158.3974279999999908
20
-100.8290169999999932
11
158.7617160000000069
21
-100.4647279999999938
0
LINE
8
L1 (Sig, PWR)
6
CONTINUOUS
10
158.7617160000000069
20
-100.4647279999999938
11
158.7075499999999977
21
-100.4253750000000025
0
LINE
8
L1 (Sig, PWR)
6
CONTINUOUS
10
158.7075499999999977
20
-100.4253750000000025
11
158.6979539999999815
21
-100.4204859999999968
0
LINE
8
L1 (Sig, PWR)
6
CONTINUOUS
10
158.6979539999999815
20
-100.4204859999999968
11
158.6471569999999929
21
-100.3725120000000004
0
LINE
8
L1 (Sig, PWR)
6
CONTINUOUS
10
158.6471569999999929
20
-100.3725120000000004
11
158.6303609999999935
21
-100.3046919999999886
0
LINE
8
L1 (Sig, PWR)
6
CONTINUOUS
10
158.6303609999999935
20
-100.3046919999999886
11
158.6528969999999958
21
-100.2385559999999884
0
LINE
8
L1 (Sig, PWR)
6
CONTINUOUS
10
158.6528969999999958
20
-100.2385559999999884
11
158.6979539999999815
21
-100.1995139999999935
0
LINE
8
L1 (Sig, PWR)
6
CONTINUOUS
10
158.6979539999999815
20
-100.1995139999999935
11
158.7075539999999876
21
-100.1946219999999954
0
LINE
8
L1 (Sig, PWR)
6
CONTINUOUS
10
158.7075539999999876
20
-100.1946219999999954
11
158.7617160000000069
21
-100.1552700000000016
0
LINE
8
L1 (Sig, PWR)
6
CONTINUOUS
10
158.7617160000000069
20
-100.1552700000000016
11
158.7617170000000044
21
-100.1552700000000016
0
LINE
8
L1 (Sig, PWR)
6
CONTINUOUS
10
158.7617170000000044
20
-100.1552700000000016
11
158.3974279999999908
21
-99.7909819999999996
0
LINE
8
L1 (Sig, PWR)
6
CONTINUOUS
10
158.3974279999999908
20
-99.7909819999999996
11
158.2467419999999834
21
-99.853398999999996
0
LINE
8
L1 (Sig, PWR)
6
CONTINUOUS
10
158.2467419999999834
20
-99.853398999999996
11
158.0833149999999989
21
-99.8859069999999889
0
LINE
8
L1 (Sig, PWR)
6
CONTINUOUS
10
158.0833149999999989
20
-99.8859069999999889
11
157.9166850000000011
21
-99.8859069999999889
0
LINE
8
L1 (Sig, PWR)
6
CONTINUOUS
10
157.9166850000000011
20
-99.8859069999999889
11
157.7532579999999882
21
-99.853398999999996
0
LINE
8
L1 (Sig, PWR)
6
CONTINUOUS
10
157.7532579999999882
20
-99.853398999999996
11
157.6025689999999884
21
-99.7909810000000022
0
LINE
8
L1 (Sig, PWR)
6
CONTINUOUS
10
157.6025689999999884
20
-99.7909810000000022
11
157.2382819999999981
21
-100.1552689999999899
0
LINE
8
L1 (Sig, PWR)
6
CONTINUOUS
10
146.6800000000000068
20
-101.25
11
147.1854699999999809
21
-101.25
0
LINE
8
L1 (Sig, PWR)
6
CONTINUOUS
10
147.1854699999999809
20
-101.25
11
147.1921789999999817
21
-101.2162709999999919
0
LINE
8
L1 (Sig, PWR)
6
CONTINUOUS
10
147.1921789999999817
20
-101.2162709999999919
11
147.2268629999999803
21
-101.1643629999999945
0
LINE
8
L1 (Sig, PWR)
6
CONTINUOUS
10
147.2268629999999803
20
-101.1643629999999945
11
147.2787710000000061
21
-101.1296789999999959
0
LINE
8
L1 (Sig, PWR)
6
CONTINUOUS
10
147.2787710000000061
20
-101.1296789999999959
11
147.3400000000000034
21
-101.1174999999999926
0
LINE
8
L1 (Sig, PWR)
6
CONTINUOUS
10
147.3400000000000034
20
-101.1174999999999926
11
147.6599999999999966
21
-101.1174999999999926
0
LINE
8
L1 (Sig, PWR)
6
CONTINUOUS
10
147.6599999999999966
20
-101.1174999999999926
11
147.7212289999999939
21
-101.1296789999999959
0
LINE
8
L1 (Sig, PWR)
6
CONTINUOUS
10
147.7212289999999939
20
-101.1296789999999959
11
147.7731369999999913
21
-101.1643629999999945
0
LINE
8
L1 (Sig, PWR)
6
CONTINUOUS
10
147.7731369999999913
20
-101.1643629999999945
11
147.8078209999999899
21
-101.2162709999999919
0
LINE
8
L1 (Sig, PWR)
6
CONTINUOUS
10
147.8078209999999899
20
-101.2162709999999919
11
147.8145299999999907
21
-101.25
0
LINE
8
L1 (Sig, PWR)
6
CONTINUOUS
10
147.8145299999999907
20
-101.25
11
148.3199999999999932
21
-101.25
0
LINE
8
L1 (Sig, PWR)
6
CONTINUOUS
10
148.3199999999999932
20
-101.25
11
148.3199999999999932
21
-101.2241619999999926
0
LINE
8
L1 (Sig, PWR)
6
CONTINUOUS
10
148.3199999999999932
20
-101.2241619999999926
11
148.3139569999999878
21
-101.1576609999999903
0
LINE
8
L1 (Sig, PWR)
6
CONTINUOUS
10
148.3139569999999878
20
-101.1576609999999903
11
148.2774389999999869
21
-101.0404690000000016
0
LINE
8
L1 (Sig, PWR)
6
CONTINUOUS
10
148.2774389999999869
20
-101.0404690000000016
11
148.2774379999999894
21
-101.040465999999995
0
LINE
8
L1 (Sig, PWR)
6
CONTINUOUS
10
148.2774379999999894
20
-101.040465999999995
11
148.2662739999999815
21
-101.0046379999999999
0
LINE
8
L1 (Sig, PWR)
6
CONTINUOUS
10
148.2662739999999815
20
-101.0046379999999999
11
148.266272999999984
21
-101.0046359999999908
0
LINE
8
L1 (Sig, PWR)
6
CONTINUOUS
10
148.266272999999984
20
-101.0046359999999908
11
148.2370650000000012
21
-100.956319999999991
0
LINE
8
L1 (Sig, PWR)
6
CONTINUOUS
10
148.2370650000000012
20
-100.956319999999991
11
148.1833599999999933
21
-100.8674800000000005
0
LINE
8
L1 (Sig, PWR)
6
CONTINUOUS
10
148.1833599999999933
20
-100.8674800000000005
11
148.1833570000000009
21
-100.8674759999999964
0
LINE
8
L1 (Sig, PWR)
6
CONTINUOUS
10
148.1833570000000009
20
-100.8674759999999964
11
148.070022999999992
21
-100.7541420000000016
0
LINE
8
L1 (Sig, PWR)
6
CONTINUOUS
10
148.070022999999992
20
-100.7541420000000016
11
148.0641149999999868
21
-100.7495129999999932
0
LINE
8
L1 (Sig, PWR)
6
CONTINUOUS
10
148.0641149999999868
20
-100.7495129999999932
11
148.0660759999999811
21
-100.7470089999999914
0
LINE
8
L1 (Sig, PWR)
6
CONTINUOUS
10
148.0660759999999811
20
-100.7470089999999914
11
148.0286309999999901
21
-100.7060639999999978
0
LINE
8
L1 (Sig, PWR)
6
CONTINUOUS
10
148.0286309999999901
20
-100.7060639999999978
11
148.0168390000000045
21
-100.6371970000000005
0
LINE
8
L1 (Sig, PWR)
6
CONTINUOUS
10
148.0168390000000045
20
-100.6371970000000005
11
148.0173000000000059
21
-100.6336759999999941
0
LINE
8
L1 (Sig, PWR)
6
CONTINUOUS
10
148.0173000000000059
20
-100.6336759999999941
11
148.0204999999999984
21
-100.6117149999999896
0
LINE
8
L1 (Sig, PWR)
6
CONTINUOUS
10
148.0204999999999984
20
-100.6117149999999896
11
148.0204990000000009
21
-100.0982860000000016
0
LINE
8
L1 (Sig, PWR)
6
CONTINUOUS
10
148.0204990000000009
20
-100.0982860000000016
11
148.0102909999999952
21
-100.0282139999999913
0
LINE
8
L1 (Sig, PWR)
6
CONTINUOUS
10
148.0102909999999952
20
-100.0282139999999913
11
148.0102890000000002
21
-100.0282089999999897
0
LINE
8
L1 (Sig, PWR)
6
CONTINUOUS
10
148.0102890000000002
20
-100.0282089999999897
11
148.0102890000000002
21
-100.0282079999999922
0
LINE
8
L1 (Sig, PWR)
6
CONTINUOUS
10
148.0102890000000002
20
-100.0282079999999922
11
147.9574509999999918
21
-99.9201269999999937
0
LINE
8
L1 (Sig, PWR)
6
CONTINUOUS
10
147.9574509999999918
20
-99.9201269999999937
11
147.9574489999999969
21
-99.9201240000000013
0
LINE
8
L1 (Sig, PWR)
6
CONTINUOUS
10
147.9574489999999969
20
-99.9201240000000013
11
147.9368189999999856
21
-99.89949399999999
0
LINE
8
L1 (Sig, PWR)
6
CONTINUOUS
10
147.9368189999999856
20
-99.89949399999999
11
147.903334000000001
21
-99.8381709999999885
0
LINE
8
L1 (Sig, PWR)
6
CONTINUOUS
10
147.903334000000001
20
-99.8381709999999885
11
147.9004999999999939
21
-99.8118130000000008
0
LINE
8
L1 (Sig, PWR)
6
CONTINUOUS
10
147.9004999999999939
20
-99.8118130000000008
11
147.9004999999999939
21
-99.2172539999999969
0
LINE
8
L1 (Sig, PWR)
6
CONTINUOUS
10
147.9004999999999939
20
-99.2172539999999969
11
147.9201850000000036
21
-99.1502149999999887
0
LINE
8
L1 (Sig, PWR)
6
CONTINUOUS
10
147.9201850000000036
20
-99.1502149999999887
11
147.9368189999999856
21
-99.1295729999999935
0
LINE
8
L1 (Sig, PWR)
6
CONTINUOUS
10
147.9368189999999856
20
-99.1295729999999935
11
148.2295739999999853
21
-98.8368189999999913
0
LINE
8
L1 (Sig, PWR)
6
CONTINUOUS
10
148.2295739999999853
20
-98.8368189999999913
11
148.2908970000000011
21
-98.8033339999999924
0
LINE
8
L1 (Sig, PWR)
6
CONTINUOUS
10
148.2908970000000011
20
-98.8033339999999924
11
148.3172549999999887
21
-98.8004999999999995
0
LINE
8
L1 (Sig, PWR)
6
CONTINUOUS
10
148.3172549999999887
20
-98.8004999999999995
11
148.6862549999999885
21
-98.8004999999999995
0
LINE
8
L1 (Sig, PWR)
6
CONTINUOUS
10
148.6862549999999885
20
-98.8004999999999995
11
148.7017429999999933
21
-98.8046489999999977
0
LINE
8
L1 (Sig, PWR)
6
CONTINUOUS
10
148.7017429999999933
20
-98.8046489999999977
11
148.7154859999999985
21
-98.8039950000000005
0
LINE
8
L1 (Sig, PWR)
6
CONTINUOUS
10
148.7154859999999985
20
-98.8039950000000005
11
148.7482519999999795
21
-98.817110999999997
0
LINE
8
L1 (Sig, PWR)
6
CONTINUOUS
10
148.7482519999999795
20
-98.817110999999997
11
148.7540860000000009
21
-98.8204789999999917
0
LINE
8
L1 (Sig, PWR)
6
CONTINUOUS
10
148.7540860000000009
20
-98.8204789999999917
11
148.7540869999999984
21
-98.8204799999999892
0
LINE
8
L1 (Sig, PWR)
6
CONTINUOUS
10
148.7540869999999984
20
-98.8204799999999892
11
148.797270999999995
21
-98.8454119999999961
0
LINE
8
L1 (Sig, PWR)
6
CONTINUOUS
10
148.797270999999995
20
-98.8454119999999961
11
148.8454119999999818
21
-98.8732069999999936
0
LINE
8
L1 (Sig, PWR)
6
CONTINUOUS
10
148.8454119999999818
20
-98.8732069999999936
11
148.9472729999999956
21
-98.9004999999999939
0
LINE
8
L1 (Sig, PWR)
6
CONTINUOUS
10
148.9472729999999956
20
-98.9004999999999939
11
151.0581689999999924
21
-98.9004999999999939
0
LINE
8
L1 (Sig, PWR)
6
CONTINUOUS
10
151.0581689999999924
20
-98.9004999999999939
11
151.1252079999999864
21
-98.9201849999999894
0
LINE
8
L1 (Sig, PWR)
6
CONTINUOUS
10
151.1252079999999864
20
-98.9201849999999894
11
151.1612709999999993
21
-98.9556089999999955
0
LINE
8
L1 (Sig, PWR)
6
CONTINUOUS
10
151.1612709999999993
20
-98.9556089999999955
11
151.2616969999999981
21
-99.105907000000002
0
LINE
8
L1 (Sig, PWR)
6
CONTINUOUS
10
151.2616969999999981
20
-99.105907000000002
11
151.2616999999999905
21
-99.1059109999999919
0
LINE
8
L1 (Sig, PWR)
6
CONTINUOUS
10
151.2616999999999905
20
-99.1059109999999919
11
151.3940879999999822
21
-99.2382989999999978
0
LINE
8
L1 (Sig, PWR)
6
CONTINUOUS
10
151.3940879999999822
20
-99.2382989999999978
11
151.3940920000000006
21
-99.2383019999999902
0
LINE
8
L1 (Sig, PWR)
6
CONTINUOUS
10
151.3940920000000006
20
-99.2383019999999902
11
151.549761999999987
21
-99.3423179999999917
0
LINE
8
L1 (Sig, PWR)
6
CONTINUOUS
10
151.549761999999987
20
-99.3423179999999917
11
151.5497709999999927
21
-99.3423229999999933
0
LINE
8
L1 (Sig, PWR)
6
CONTINUOUS
10
151.5497709999999927
20
-99.3423229999999933
11
151.5830969999999809
21
-99.3561270000000007
0
LINE
8
L1 (Sig, PWR)
6
CONTINUOUS
10
151.5830969999999809
20
-99.3561270000000007
11
151.7227489999999932
21
-99.4139729999999986
0
LINE
8
L1 (Sig, PWR)
6
CONTINUOUS
10
151.7227489999999932
20
-99.4139729999999986
11
151.8644309999999962
21
-99.4421549999999996
0
LINE
8
L1 (Sig, PWR)
6
CONTINUOUS
10
151.8644309999999962
20
-99.4421549999999996
11
151.9063789999999869
21
-99.4504989999999935
0
LINE
8
L1 (Sig, PWR)
6
CONTINUOUS
10
151.9063789999999869
20
-99.4504989999999935
11
151.9063830000000053
21
-99.450499999999991
0
LINE
8
L1 (Sig, PWR)
6
CONTINUOUS
10
151.9063830000000053
20
-99.450499999999991
11
151.9063840000000027
21
-99.450499999999991
0
LINE
8
L1 (Sig, PWR)
6
CONTINUOUS
10
151.9063840000000027
20
-99.450499999999991
11
152.0936169999999947
21
-99.450499999999991
0
LINE
8
L1 (Sig, PWR)
6
CONTINUOUS
10
152.0936169999999947
20
-99.450499999999991
11
152.0936179999999922
21
-99.4504989999999935
0
LINE
8
L1 (Sig, PWR)
6
CONTINUOUS
10
152.0936179999999922
20
-99.4504989999999935
11
152.2772510000000068
21
-99.4139729999999986
0
LINE
8
L1 (Sig, PWR)
6
CONTINUOUS
10
152.2772510000000068
20
-99.4139729999999986
11
152.4502310000000023
21
-99.3423219999999958
0
LINE
8
L1 (Sig, PWR)
6
CONTINUOUS
10
152.4502310000000023
20
-99.3423219999999958
11
152.6059079999999994
21
-99.2383019999999902
0
LINE
8
L1 (Sig, PWR)
6
CONTINUOUS
10
152.6059079999999994
20
-99.2383019999999902
11
152.7383020000000045
21
-99.1059079999999994
0
LINE
8
L1 (Sig, PWR)
6
CONTINUOUS
10
152.7383020000000045
20
-99.1059079999999994
11
152.8423219999999958
21
-98.9502310000000023
0
LINE
8
L1 (Sig, PWR)
6
CONTINUOUS
10
152.8423219999999958
20
-98.9502310000000023
11
152.8435470000000009
21
-98.9472729999999956
0
LINE
8
L1 (Sig, PWR)
6
CONTINUOUS
10
152.8435470000000009
20
-98.9472729999999956
11
152.8708210000000065
21
-98.8814289999999971
0
LINE
8
L1 (Sig, PWR)
6
CONTINUOUS
10
152.8708210000000065
20
-98.8814289999999971
11
152.8708210000000065
21
-98.8814279999999997
0
LINE
8
L1 (Sig, PWR)
6
CONTINUOUS
10
152.8708210000000065
20
-98.8814279999999997
11
152.9139729999999986
21
-98.7772509999999926
0
LINE
8
L1 (Sig, PWR)
6
CONTINUOUS
10
152.9139729999999986
20
-98.7772509999999926
11
152.9505000000000052
21
-98.5936159999999973
0
LINE
8
L1 (Sig, PWR)
6
CONTINUOUS
10
152.9505000000000052
20
-98.5936159999999973
11
152.9505000000000052
21
-98.4063839999999885
0
LINE
8
L1 (Sig, PWR)
6
CONTINUOUS
10
152.9505000000000052
20
-98.4063839999999885
11
152.9139729999999986
21
-98.2227489999999932
0
LINE
8
L1 (Sig, PWR)
6
CONTINUOUS
10
152.9139729999999986
20
-98.2227489999999932
11
152.8423219999999958
21
-98.0497689999999977
0
LINE
8
L1 (Sig, PWR)
6
CONTINUOUS
10
152.8423219999999958
20
-98.0497689999999977
11
152.8423209999999983
21
-98.0497680000000003
0
LINE
8
L1 (Sig, PWR)
6
CONTINUOUS
10
152.8423209999999983
20
-98.0497680000000003
11
152.8423180000000059
21
-98.0497620000000012
0
LINE
8
L1 (Sig, PWR)
6
CONTINUOUS
10
152.8423180000000059
20
-98.0497620000000012
11
152.7383020000000045
21
-97.8940920000000006
0
LINE
8
L1 (Sig, PWR)
6
CONTINUOUS
10
152.7383020000000045
20
-97.8940920000000006
11
152.7382989999999836
21
-97.8940879999999964
0
LINE
8
L1 (Sig, PWR)
6
CONTINUOUS
10
152.7382989999999836
20
-97.8940879999999964
11
152.6059109999999919
21
-97.7616999999999905
0
LINE
8
L1 (Sig, PWR)
6
CONTINUOUS
10
152.6059109999999919
20
-97.7616999999999905
11
152.605907000000002
21
-97.7616969999999981
0
LINE
8
L1 (Sig, PWR)
6
CONTINUOUS
10
152.605907000000002
20
-97.7616969999999981
11
152.4502369999999871
21
-97.6576809999999966
0
LINE
8
L1 (Sig, PWR)
6
CONTINUOUS
10
152.4502369999999871
20
-97.6576809999999966
11
152.4502279999999814
21
-97.657675999999995
0
LINE
8
L1 (Sig, PWR)
6
CONTINUOUS
10
152.4502279999999814
20
-97.657675999999995
11
152.2772510000000068
21
-97.5860270000000014
0
LINE
8
L1 (Sig, PWR)
6
CONTINUOUS
10
152.2772510000000068
20
-97.5860270000000014
11
152.2772429999999986
21
-97.5860249999999922
0
LINE
8
L1 (Sig, PWR)
6
CONTINUOUS
10
152.2772429999999986
20
-97.5860249999999922
11
152.0936199999999872
21
-97.5494999999999948
0
LINE
8
L1 (Sig, PWR)
6
CONTINUOUS
10
152.0936199999999872
20
-97.5494999999999948
11
152.0936159999999973
21
-97.5494999999999948
0
LINE
8
L1 (Sig, PWR)
6
CONTINUOUS
10
152.0936159999999973
20
-97.5494999999999948
11
151.9063840000000027
21
-97.5494999999999948
0
LINE
8
L1 (Sig, PWR)
6
CONTINUOUS
10
151.9063840000000027
20
-97.5494999999999948
11
151.9063789999999869
21
-97.5494999999999948
0
LINE
8
L1 (Sig, PWR)
6
CONTINUOUS
10
151.9063789999999869
20
-97.5494999999999948
11
151.722756000000004
21
-97.5860249999999922
0
LINE
8
L1 (Sig, PWR)
6
CONTINUOUS
10
151.722756000000004
20
-97.5860249999999922
11
151.7227479999999957
21
-97.5860270000000014
0
LINE
8
L1 (Sig, PWR)
6
CONTINUOUS
10
151.7227479999999957
20
-97.5860270000000014
11
151.5497709999999927
21
-97.657675999999995
0
LINE
8
L1 (Sig, PWR)
6
CONTINUOUS
10
151.5497709999999927
20
-97.657675999999995
11
151.549761999999987
21
-97.6576809999999966
0
LINE
8
L1 (Sig, PWR)
6
CONTINUOUS
10
151.549761999999987
20
-97.6576809999999966
11
151.3940920000000006
21
-97.7616969999999981
0
LINE
8
L1 (Sig, PWR)
6
CONTINUOUS
10
151.3940920000000006
20
-97.7616969999999981
11
151.3940879999999822
21
-97.7616999999999905
0
LINE
8
L1 (Sig, PWR)
6
CONTINUOUS
10
151.3940879999999822
20
-97.7616999999999905
11
151.2616999999999905
21
-97.8940879999999964
0
LINE
8
L1 (Sig, PWR)
6
CONTINUOUS
10
151.2616999999999905
20
-97.8940879999999964
11
151.2616969999999981
21
-97.8940920000000006
0
LINE
8
L1 (Sig, PWR)
6
CONTINUOUS
10
151.2616969999999981
20
-97.8940920000000006
11
151.1612709999999993
21
-98.0443909999999903
0
LINE
8
L1 (Sig, PWR)
6
CONTINUOUS
10
151.1612709999999993
20
-98.0443909999999903
11
151.107658999999984
21
-98.0891960000000012
0
LINE
8
L1 (Sig, PWR)
6
CONTINUOUS
10
151.107658999999984
20
-98.0891960000000012
11
151.0581689999999924
21
-98.0994999999999919
0
LINE
8
L1 (Sig, PWR)
6
CONTINUOUS
10
151.0581689999999924
20
-98.0994999999999919
11
149.5244999999999891
21
-98.0994999999999919
0
LINE
8
L1 (Sig, PWR)
6
CONTINUOUS
10
149.5244999999999891
20
-98.0994999999999919
11
149.457460999999995
21
-98.0798149999999964
0
LINE
8
L1 (Sig, PWR)
6
CONTINUOUS
10
149.457460999999995
20
-98.0798149999999964
11
149.411705999999981
21
-98.0270110000000017
0
LINE
8
L1 (Sig, PWR)
6
CONTINUOUS
10
149.411705999999981
20
-98.0270110000000017
11
149.4004999999999939
21
-97.9754999999999967
0
LINE
8
L1 (Sig, PWR)
6
CONTINUOUS
10
149.4004999999999939
20
-97.9754999999999967
11
149.4004999999999939
21
-97.595729999999989
0
LINE
8
L1 (Sig, PWR)
6
CONTINUOUS
10
149.4004999999999939
20
-97.595729999999989
11
149.3976459999999804
21
-97.5652999999999935
0
LINE
8
L1 (Sig, PWR)
6
CONTINUOUS
10
149.3976459999999804
20
-97.5652999999999935
11
149.3976459999999804
21
-97.5652979999999985
0
LINE
8
L1 (Sig, PWR)
6
CONTINUOUS
10
149.3976459999999804
20
-97.5652979999999985
11
149.3527929999999913
21
-97.4371189999999956
0
LINE
8
L1 (Sig, PWR)
6
CONTINUOUS
10
149.3527929999999913
20
-97.4371189999999956
11
149.3527919999999938
21
-97.4371170000000006
0
LINE
8
L1 (Sig, PWR)
6
CONTINUOUS
10
149.3527919999999938
20
-97.4371170000000006
11
149.3510090000000048
21
-97.4347009999999898
0
LINE
8
L1 (Sig, PWR)
6
CONTINUOUS
10
149.3510090000000048
20
-97.4347009999999898
11
149.2721499999999821
21
-97.327849999999998
0
LINE
8
L1 (Sig, PWR)
6
CONTINUOUS
10
149.2721499999999821
20
-97.327849999999998
11
149.1628819999999962
21
-97.2472069999999889
0
LINE
8
L1 (Sig, PWR)
6
CONTINUOUS
10
149.1628819999999962
20
-97.2472069999999889
11
149.1628800000000012
21
-97.2472059999999914
0
LINE
8
L1 (Sig, PWR)
6
CONTINUOUS
10
149.1628800000000012
20
-97.2472059999999914
11
149.0346999999999866
21
-97.2023530000000022
0
LINE
8
L1 (Sig, PWR)
6
CONTINUOUS
10
149.0346999999999866
20
-97.2023530000000022
11
149.0042699999999911
21
-97.1995000000000005
0
LINE
8
L1 (Sig, PWR)
6
CONTINUOUS
10
149.0042699999999911
20
-97.1995000000000005
11
149.0042660000000012
21
-97.1995000000000005
0
LINE
8
L1 (Sig, PWR)
6
CONTINUOUS
10
149.0042660000000012
20
-97.1995000000000005
11
147.9957339999999988
21
-97.1995000000000005
0
LINE
8
L1 (Sig, PWR)
6
CONTINUOUS
10
147.9957339999999988
20
-97.1995000000000005
11
147.9957299999999805
21
-97.1995000000000005
0
LINE
8
L1 (Sig, PWR)
6
CONTINUOUS
10
147.9957299999999805
20
-97.1995000000000005
11
147.9652999999999849
21
-97.2023530000000022
0
LINE
8
L1 (Sig, PWR)
6
CONTINUOUS
10
147.9652999999999849
20
-97.2023530000000022
11
147.96529799999999
21
-97.2023530000000022
0
LINE
8
L1 (Sig, PWR)
6
CONTINUOUS
10
147.96529799999999
20
-97.2023530000000022
11
147.8371190000000013
21
-97.2472059999999914
0
LINE
8
L1 (Sig, PWR)
6
CONTINUOUS
10
147.8371190000000013
20
-97.2472059999999914
11
147.8371170000000063
21
-97.2472069999999889
0
LINE
8
L1 (Sig, PWR)
6
CONTINUOUS
10
147.8371170000000063
20
-97.2472069999999889
11
147.7278499999999894
21
-97.327849999999998
0
LINE
8
L1 (Sig, PWR)
6
CONTINUOUS
10
147.7278499999999894
20
-97.327849999999998
11
147.6472069999999803
21
-97.4371170000000006
0
LINE
8
L1 (Sig, PWR)
6
CONTINUOUS
10
147.6472069999999803
20
-97.4371170000000006
11
147.6472059999999829
21
-97.4371189999999956
0
LINE
8
L1 (Sig, PWR)
6
CONTINUOUS
10
147.6472059999999829
20
-97.4371189999999956
11
147.6023529999999937
21
-97.5652979999999985
0
LINE
8
L1 (Sig, PWR)
6
CONTINUOUS
10
147.6023529999999937
20
-97.5652979999999985
11
147.6023529999999937
21
-97.5652999999999935
0
LINE
8
L1 (Sig, PWR)
6
CONTINUOUS
10
147.6023529999999937
20
-97.5652999999999935
11
147.5995000000000061
21
-97.595729999999989
0
LINE
8
L1 (Sig, PWR)
6
CONTINUOUS
10
147.5995000000000061
20
-97.595729999999989
11
147.5995000000000061
21
-98.2827449999999914
0
LINE
8
L1 (Sig, PWR)
6
CONTINUOUS
10
147.5995000000000061
20
-98.2827449999999914
11
147.5798149999999964
21
-98.3497839999999997
0
LINE
8
L1 (Sig, PWR)
6
CONTINUOUS
10
147.5798149999999964
20
-98.3497839999999997
11
147.5631809999999859
21
-98.3704259999999948
0
LINE
8
L1 (Sig, PWR)
6
CONTINUOUS
10
147.5631809999999859
20
-98.3704259999999948
11
147.1795219999999915
21
-98.7540839999999918
0
LINE
8
L1 (Sig, PWR)
6
CONTINUOUS
10
147.1795219999999915
20
-98.7540839999999918
11
147.1795180000000016
21
-98.7540899999999908
0
LINE
8
L1 (Sig, PWR)
6
CONTINUOUS
10
147.1795180000000016
20
-98.7540899999999908
11
147.1267919999999947
21
-98.8454119999999961
0
LINE
8
L1 (Sig, PWR)
6
CONTINUOUS
10
147.1267919999999947
20
-98.8454119999999961
11
147.1267929999999922
21
-98.8454129999999935
0
LINE
8
L1 (Sig, PWR)
6
CONTINUOUS
10
147.1267929999999922
20
-98.8454129999999935
11
147.0995000000000061
21
-98.9472729999999956
0
LINE
8
L1 (Sig, PWR)
6
CONTINUOUS
10
147.0995000000000061
20
-98.9472729999999956
11
147.0995000000000061
21
-99.8118130000000008
0
LINE
8
L1 (Sig, PWR)
6
CONTINUOUS
10
147.0995000000000061
20
-99.8118130000000008
11
147.0798149999999964
21
-99.8788519999999949
0
LINE
8
L1 (Sig, PWR)
6
CONTINUOUS
10
147.0798149999999964
20
-99.8788519999999949
11
147.0631809999999859
21
-99.89949399999999
0
LINE
8
L1 (Sig, PWR)
6
CONTINUOUS
10
147.0631809999999859
20
-99.89949399999999
11
147.0425500000000056
21
-99.9201240000000013
0
LINE
8
L1 (Sig, PWR)
6
CONTINUOUS
10
147.0425500000000056
20
-99.9201240000000013
11
147.0425479999999823
21
-99.9201269999999937
0
LINE
8
L1 (Sig, PWR)
6
CONTINUOUS
10
147.0425479999999823
20
-99.9201269999999937
11
146.9897100000000023
21
-100.0282100000000014
0
LINE
8
L1 (Sig, PWR)
6
CONTINUOUS
10
146.9897100000000023
20
-100.0282100000000014
11
146.9897090000000048
21
-100.0282119999999964
0
LINE
8
L1 (Sig, PWR)
6
CONTINUOUS
10
146.9897090000000048
20
-100.0282119999999964
11
146.9897090000000048
21
-100.0282139999999913
0
LINE
8
L1 (Sig, PWR)
6
CONTINUOUS
10
146.9897090000000048
20
-100.0282139999999913
11
146.9795000000000016
21
-100.09828499999999
0
LINE
8
L1 (Sig, PWR)
6
CONTINUOUS
10
146.9795000000000016
20
-100.09828499999999
11
146.9795000000000016
21
-100.0982889999999941
0
LINE
8
L1 (Sig, PWR)
6
CONTINUOUS
10
146.9795000000000016
20
-100.0982889999999941
11
146.9795000000000016
21
-100.0982899999999916
0
LINE
8
L1 (Sig, PWR)
6
CONTINUOUS
10
146.9795000000000016
20
-100.0982899999999916
11
146.9795000000000016
21
-100.6117160000000013
0
LINE
8
L1 (Sig, PWR)
6
CONTINUOUS
10
146.9795000000000016
20
-100.6117160000000013
11
146.9826999999999941
21
-100.6336759999999941
0
LINE
8
L1 (Sig, PWR)
6
CONTINUOUS
10
146.9826999999999941
20
-100.6336759999999941
11
146.9728849999999909
21
-100.7028529999999904
0
LINE
8
L1 (Sig, PWR)
6
CONTINUOUS
10
146.9728849999999909
20
-100.7028529999999904
11
146.9343159999999955
21
-100.7475299999999976
0
LINE
8
L1 (Sig, PWR)
6
CONTINUOUS
10
146.9343159999999955
20
-100.7475299999999976
11
146.9358760000000075
21
-100.7495210000000014
0
LINE
8
L1 (Sig, PWR)
6
CONTINUOUS
10
146.9358760000000075
20
-100.7495210000000014
11
146.9299759999999822
21
-100.7541420000000016
0
LINE
8
L1 (Sig, PWR)
6
CONTINUOUS
10
146.9299759999999822
20
-100.7541420000000016
11
146.8166389999999808
21
-100.8674800000000005
0
LINE
8
L1 (Sig, PWR)
6
CONTINUOUS
10
146.8166389999999808
20
-100.8674800000000005
11
146.7337259999999901
21
-101.0046359999999908
0
LINE
8
L1 (Sig, PWR)
6
CONTINUOUS
10
146.7337259999999901
20
-101.0046359999999908
11
146.7337239999999952
21
-101.0046399999999949
0
LINE
8
L1 (Sig, PWR)
6
CONTINUOUS
10
146.7337239999999952
20
-101.0046399999999949
11
146.6860429999999837
21
-101.1576559999999887
0
LINE
8
L1 (Sig, PWR)
6
CONTINUOUS
10
146.6860429999999837
20
-101.1576559999999887
11
146.6800000000000068
21
-101.2241619999999926
0
LINE
8
L1 (Sig, PWR)
6
CONTINUOUS
10
146.6800000000000068
20
-101.2241619999999926
11
146.6800000000000068
21
-101.25
0
LINE
8
L1 (Sig, PWR)
6
CONTINUOUS
10
141.6999999999999886
20
-99.3499999999999943
11
141.6809700000000021
21
-99.4456709999999902
0
LINE
8
L1 (Sig, PWR)
6
CONTINUOUS
10
141.6809700000000021
20
-99.4456709999999902
11
141.6267770000000041
21
-99.5267769999999956
0
LINE
8
L1 (Sig, PWR)
6
CONTINUOUS
10
141.6267770000000041
20
-99.5267769999999956
11
141.5456709999999987
21
-99.5809699999999935
0
LINE
8
L1 (Sig, PWR)
6
CONTINUOUS
10
141.5456709999999987
20
-99.5809699999999935
11
141.4499999999999886
21
-99.5999999999999943
0
LINE
8
L1 (Sig, PWR)
6
CONTINUOUS
10
141.4499999999999886
20
-99.5999999999999943
11
141.25
21
-99.5999999999999943
0
LINE
8
L1 (Sig, PWR)
6
CONTINUOUS
10
141.25
20
-99.5999999999999943
11
141.25
21
-100.0999989999999968
0
LINE
8
L1 (Sig, PWR)
6
CONTINUOUS
10
141.25
20
-100.0999989999999968
11
141.4999719999999854
21
-100.0999989999999968
0
LINE
8
L1 (Sig, PWR)
6
CONTINUOUS
10
141.4999719999999854
20
-100.0999989999999968
11
141.4999860000000069
21
-100.0999979999999994
0
LINE
8
L1 (Sig, PWR)
6
CONTINUOUS
10
141.4999860000000069
20
-100.0999979999999994
11
141.6026970000000063
21
-100.0895049999999884
0
LINE
8
L1 (Sig, PWR)
6
CONTINUOUS
10
141.6026970000000063
20
-100.0895049999999884
11
141.7691189999999892
21
-100.0343579999999974
0
LINE
8
L1 (Sig, PWR)
6
CONTINUOUS
10
141.7691189999999892
20
-100.0343579999999974
11
141.769124000000005
21
-100.0343560000000025
0
LINE
8
L1 (Sig, PWR)
6
CONTINUOUS
10
141.769124000000005
20
-100.0343560000000025
11
141.918344999999988
21
-99.9423149999999936
0
LINE
8
L1 (Sig, PWR)
6
CONTINUOUS
10
141.918344999999988
20
-99.9423149999999936
11
142.0423150000000021
21
-99.8183449999999937
0
LINE
8
L1 (Sig, PWR)
6
CONTINUOUS
10
142.0423150000000021
20
-99.8183449999999937
11
142.1343559999999968
21
-99.6691239999999965
0
LINE
8
L1 (Sig, PWR)
6
CONTINUOUS
10
142.1343559999999968
20
-99.6691239999999965
11
142.1343579999999918
21
-99.6691189999999949
0
LINE
8
L1 (Sig, PWR)
6
CONTINUOUS
10
142.1343579999999918
20
-99.6691189999999949
11
142.1895049999999969
21
-99.5026969999999977
0
LINE
8
L1 (Sig, PWR)
6
CONTINUOUS
10
142.1895049999999969
20
-99.5026969999999977
11
142.1895059999999944
21
-99.5026900000000012
0
LINE
8
L1 (Sig, PWR)
6
CONTINUOUS
10
142.1895059999999944
20
-99.5026900000000012
11
142.1999989999999912
21
-99.3999859999999984
0
LINE
8
L1 (Sig, PWR)
6
CONTINUOUS
10
142.1999989999999912
20
-99.3999859999999984
11
142.1999999999999886
21
-99.3999729999999886
0
LINE
8
L1 (Sig, PWR)
6
CONTINUOUS
10
142.1999999999999886
20
-99.3999729999999886
11
142.1999999999999886
21
-99.25
0
LINE
8
L1 (Sig, PWR)
6
CONTINUOUS
10
142.1999999999999886
20
-99.25
11
141.6999999999999886
21
-99.25
0
LINE
8
L1 (Sig, PWR)
6
CONTINUOUS
10
141.6999999999999886
20
-99.25
11
141.6999999999999886
21
-99.3499999999999943
0
LINE
8
L1 (Sig, PWR)
6
CONTINUOUS
10
146.1999999999999886
20
-99.3499999999999943
11
146.1809700000000021
21
-99.4456709999999902
0
LINE
8
L1 (Sig, PWR)
6
CONTINUOUS
10
146.1809700000000021
20
-99.4456709999999902
11
146.1267770000000041
21
-99.5267769999999956
0
LINE
8
L1 (Sig, PWR)
6
CONTINUOUS
10
146.1267770000000041
20
-99.5267769999999956
11
146.0456709999999987
21
-99.5809699999999935
0
LINE
8
L1 (Sig, PWR)
6
CONTINUOUS
10
146.0456709999999987
20
-99.5809699999999935
11
145.9499999999999886
21
-99.5999999999999943
0
LINE
8
L1 (Sig, PWR)
6
CONTINUOUS
10
145.9499999999999886
20
-99.5999999999999943
11
145.75
21
-99.5999999999999943
0
LINE
8
L1 (Sig, PWR)
6
CONTINUOUS
10
145.75
20
-99.5999999999999943
11
145.75
21
-100.0999989999999968
0
LINE
8
L1 (Sig, PWR)
6
CONTINUOUS
10
145.75
20
-100.0999989999999968
11
145.9999719999999854
21
-100.0999989999999968
0
LINE
8
L1 (Sig, PWR)
6
CONTINUOUS
10
145.9999719999999854
20
-100.0999989999999968
11
145.9999860000000069
21
-100.0999979999999994
0
LINE
8
L1 (Sig, PWR)
6
CONTINUOUS
10
145.9999860000000069
20
-100.0999979999999994
11
146.1026970000000063
21
-100.0895049999999884
0
LINE
8
L1 (Sig, PWR)
6
CONTINUOUS
10
146.1026970000000063
20
-100.0895049999999884
11
146.2691189999999892
21
-100.0343579999999974
0
LINE
8
L1 (Sig, PWR)
6
CONTINUOUS
10
146.2691189999999892
20
-100.0343579999999974
11
146.269124000000005
21
-100.0343560000000025
0
LINE
8
L1 (Sig, PWR)
6
CONTINUOUS
10
146.269124000000005
20
-100.0343560000000025
11
146.418344999999988
21
-99.9423149999999936
0
LINE
8
L1 (Sig, PWR)
6
CONTINUOUS
10
146.418344999999988
20
-99.9423149999999936
11
146.5423150000000021
21
-99.8183449999999937
0
LINE
8
L1 (Sig, PWR)
6
CONTINUOUS
10
146.5423150000000021
20
-99.8183449999999937
11
146.6343559999999968
21
-99.6691239999999965
0
LINE
8
L1 (Sig, PWR)
6
CONTINUOUS
10
146.6343559999999968
20
-99.6691239999999965
11
146.6343579999999918
21
-99.6691189999999949
0
LINE
8
L1 (Sig, PWR)
6
CONTINUOUS
10
146.6343579999999918
20
-99.6691189999999949
11
146.6895049999999969
21
-99.5026969999999977
0
LINE
8
L1 (Sig, PWR)
6
CONTINUOUS
10
146.6895049999999969
20
-99.5026969999999977
11
146.6895059999999944
21
-99.5026900000000012
0
LINE
8
L1 (Sig, PWR)
6
CONTINUOUS
10
146.6895059999999944
20
-99.5026900000000012
11
146.6999989999999912
21
-99.3999859999999984
0
LINE
8
L1 (Sig, PWR)
6
CONTINUOUS
10
146.6999989999999912
20
-99.3999859999999984
11
146.6999999999999886
21
-99.3999729999999886
0
LINE
8
L1 (Sig, PWR)
6
CONTINUOUS
10
146.6999999999999886
20
-99.3999729999999886
11
146.6999999999999886
21
-99.25
0
LINE
8
L1 (Sig, PWR)
6
CONTINUOUS
10
146.6999999999999886
20
-99.25
11
146.1999999999999886
21
-99.25
0
LINE
8
L1 (Sig, PWR)
6
CONTINUOUS
10
146.1999999999999886
20
-99.25
11
146.1999999999999886
21
-99.3499999999999943
0
LINE
8
L1 (Sig, PWR)
6
CONTINUOUS
10
139.8000009999999804
20
-99.3999859999999984
11
139.8104940000000056
21
-99.5026969999999977
0
LINE
8
L1 (Sig, PWR)
6
CONTINUOUS
10
139.8104940000000056
20
-99.5026969999999977
11
139.8656409999999823
21
-99.6691189999999949
0
LINE
8
L1 (Sig, PWR)
6
CONTINUOUS
10
139.8656409999999823
20
-99.6691189999999949
11
139.8656430000000057
21
-99.6691239999999965
0
LINE
8
L1 (Sig, PWR)
6
CONTINUOUS
10
139.8656430000000057
20
-99.6691239999999965
11
139.9576840000000004
21
-99.8183449999999937
0
LINE
8
L1 (Sig, PWR)
6
CONTINUOUS
10
139.9576840000000004
20
-99.8183449999999937
11
140.0816539999999861
21
-99.9423149999999936
0
LINE
8
L1 (Sig, PWR)
6
CONTINUOUS
10
140.0816539999999861
20
-99.9423149999999936
11
140.2308749999999975
21
-100.0343560000000025
0
LINE
8
L1 (Sig, PWR)
6
CONTINUOUS
10
140.2308749999999975
20
-100.0343560000000025
11
140.2308799999999849
21
-100.0343579999999974
0
LINE
8
L1 (Sig, PWR)
6
CONTINUOUS
10
140.2308799999999849
20
-100.0343579999999974
11
140.3973019999999963
21
-100.0895049999999884
0
LINE
8
L1 (Sig, PWR)
6
CONTINUOUS
10
140.3973019999999963
20
-100.0895049999999884
11
140.397309000000007
21
-100.0895060000000001
0
LINE
8
L1 (Sig, PWR)
6
CONTINUOUS
10
140.397309000000007
20
-100.0895060000000001
11
140.5000189999999805
21
-100.0999989999999968
0
LINE
8
L1 (Sig, PWR)
6
CONTINUOUS
10
140.5000189999999805
20
-100.0999989999999968
11
140.7499990000000025
21
-100.0999989999999968
0
LINE
8
L1 (Sig, PWR)
6
CONTINUOUS
10
140.7499990000000025
20
-100.0999989999999968
11
140.75
21
-100.0999979999999994
0
LINE
8
L1 (Sig, PWR)
6
CONTINUOUS
10
140.75
20
-100.0999979999999994
11
140.75
21
-99.5999999999999943
0
LINE
8
L1 (Sig, PWR)
6
CONTINUOUS
10
140.75
20
-99.5999999999999943
11
140.5499999999999829
21
-99.5999999999999943
0
LINE
8
L1 (Sig, PWR)
6
CONTINUOUS
10
140.5499999999999829
20
-99.5999999999999943
11
140.4543290000000013
21
-99.5809699999999935
0
LINE
8
L1 (Sig, PWR)
6
CONTINUOUS
10
140.4543290000000013
20
-99.5809699999999935
11
140.3732229999999959
21
-99.5267769999999956
0
LINE
8
L1 (Sig, PWR)
6
CONTINUOUS
10
140.3732229999999959
20
-99.5267769999999956
11
140.3190299999999979
21
-99.4456709999999902
0
LINE
8
L1 (Sig, PWR)
6
CONTINUOUS
10
140.3190299999999979
20
-99.4456709999999902
11
140.2999999999999829
21
-99.3499999999999943
0
LINE
8
L1 (Sig, PWR)
6
CONTINUOUS
10
140.2999999999999829
20
-99.3499999999999943
11
140.2999999999999829
21
-99.25
0
LINE
8
L1 (Sig, PWR)
6
CONTINUOUS
10
140.2999999999999829
20
-99.25
11
139.8000009999999804
21
-99.25
0
LINE
8
L1 (Sig, PWR)
6
CONTINUOUS
10
139.8000009999999804
20
-99.25
11
139.8000009999999804
21
-99.3999859999999984
0
LINE
8
L1 (Sig, PWR)
6
CONTINUOUS
10
154.5317699999999945
20
-92.9211310000000026
11
154.531768999999997
21
-92.9211320000000001
0
LINE
8
L1 (Sig, PWR)
6
CONTINUOUS
10
154.531768999999997
20
-92.9211320000000001
11
154.4654469999999833
21
-92.9654469999999975
0
LINE
8
L1 (Sig, PWR)
6
CONTINUOUS
10
154.4654469999999833
20
-92.9654469999999975
11
154.4211320000000001
21
-93.031768999999997
0
LINE
8
L1 (Sig, PWR)
6
CONTINUOUS
10
154.4211320000000001
20
-93.031768999999997
11
154.4211310000000026
21
-93.0317699999999945
0
LINE
8
L1 (Sig, PWR)
6
CONTINUOUS
10
154.4211310000000026
20
-93.0317699999999945
11
154.40949999999998
21
-93.0902469999999909
0
LINE
8
L1 (Sig, PWR)
6
CONTINUOUS
10
154.40949999999998
20
-93.0902469999999909
11
154.40949999999998
21
-94.8297519999999992
0
LINE
8
L1 (Sig, PWR)
6
CONTINUOUS
10
154.40949999999998
20
-94.8297519999999992
11
154.4211310000000026
21
-94.8882289999999955
0
LINE
8
L1 (Sig, PWR)
6
CONTINUOUS
10
154.4211310000000026
20
-94.8882289999999955
11
154.4211320000000001
21
-94.888229999999993
0
LINE
8
L1 (Sig, PWR)
6
CONTINUOUS
10
154.4211320000000001
20
-94.888229999999993
11
154.4654469999999833
21
-94.9545519999999925
0
LINE
8
L1 (Sig, PWR)
6
CONTINUOUS
10
154.4654469999999833
20
-94.9545519999999925
11
154.531768999999997
21
-94.99886699999999
0
LINE
8
L1 (Sig, PWR)
6
CONTINUOUS
10
154.531768999999997
20
-94.99886699999999
11
154.5317699999999945
21
-94.9988680000000016
0
LINE
8
L1 (Sig, PWR)
6
CONTINUOUS
10
154.5317699999999945
20
-94.9988680000000016
11
154.5902470000000051
21
-95.0104989999999958
0
LINE
8
L1 (Sig, PWR)
6
CONTINUOUS
10
154.5902470000000051
20
-95.0104989999999958
11
154.5902499999999975
21
-95.0104999999999933
0
LINE
8
L1 (Sig, PWR)
6
CONTINUOUS
10
154.5902499999999975
20
-95.0104999999999933
11
154.5902519999999924
21
-95.0104999999999933
0
LINE
8
L1 (Sig, PWR)
6
CONTINUOUS
10
154.5902519999999924
20
-95.0104999999999933
11
154.9354999999999905
21
-95.0104999999999933
0
LINE
8
L1 (Sig, PWR)
6
CONTINUOUS
10
154.9354999999999905
20
-95.0104999999999933
11
155.0025389999999845
21
-95.0301849999999888
0
LINE
8
L1 (Sig, PWR)
6
CONTINUOUS
10
155.0025389999999845
20
-95.0301849999999888
11
155.0482939999999985
21
-95.0829889999999978
0
LINE
8
L1 (Sig, PWR)
6
CONTINUOUS
10
155.0482939999999985
20
-95.0829889999999978
11
155.0594999999999857
21
-95.1345000000000027
0
LINE
8
L1 (Sig, PWR)
6
CONTINUOUS
10
155.0594999999999857
20
-95.1345000000000027
11
155.0594999999999857
21
-95.4459849999999932
0
LINE
8
L1 (Sig, PWR)
6
CONTINUOUS
10
155.0594999999999857
20
-95.4459849999999932
11
155.0398150000000044
21
-95.5130240000000015
0
LINE
8
L1 (Sig, PWR)
6
CONTINUOUS
10
155.0398150000000044
20
-95.5130240000000015
11
154.9870109999999954
21
-95.5587790000000012
0
LINE
8
L1 (Sig, PWR)
6
CONTINUOUS
10
154.9870109999999954
20
-95.5587790000000012
11
154.9829560000000015
21
-95.560543999999993
0
LINE
8
L1 (Sig, PWR)
6
CONTINUOUS
10
154.9829560000000015
20
-95.560543999999993
11
154.9667479999999955
21
-95.5672589999999929
0
LINE
8
L1 (Sig, PWR)
6
CONTINUOUS
10
154.9667479999999955
20
-95.5672589999999929
11
154.9624019999999973
21
-95.5690589999999958
0
LINE
8
L1 (Sig, PWR)
6
CONTINUOUS
10
154.9624019999999973
20
-95.5690589999999958
11
154.9623949999999866
21
-95.5690620000000024
0
LINE
8
L1 (Sig, PWR)
6
CONTINUOUS
10
154.9623949999999866
20
-95.5690620000000024
11
154.7903440000000046
21
-95.6840219999999988
0
LINE
8
L1 (Sig, PWR)
6
CONTINUOUS
10
154.7903440000000046
20
-95.6840219999999988
11
154.6440220000000068
21
-95.8303439999999966
0
LINE
8
L1 (Sig, PWR)
6
CONTINUOUS
10
154.6440220000000068
20
-95.8303439999999966
11
154.5290619999999819
21
-96.0023949999999928
0
LINE
8
L1 (Sig, PWR)
6
CONTINUOUS
10
154.5290619999999819
20
-96.0023949999999928
11
154.5290589999999895
21
-96.0024019999999894
0
LINE
8
L1 (Sig, PWR)
6
CONTINUOUS
10
154.5290589999999895
20
-96.0024019999999894
11
154.520545999999996
21
-96.0229539999999986
0
LINE
8
L1 (Sig, PWR)
6
CONTINUOUS
10
154.520545999999996
20
-96.0229539999999986
11
154.4767039999999838
21
-96.0773569999999921
0
LINE
8
L1 (Sig, PWR)
6
CONTINUOUS
10
154.4767039999999838
20
-96.0773569999999921
11
154.4104099999999846
21
-96.0994209999999924
0
LINE
8
L1 (Sig, PWR)
6
CONTINUOUS
10
154.4104099999999846
20
-96.0994209999999924
11
154.4059849999999869
21
-96.0994999999999919
0
LINE
8
L1 (Sig, PWR)
6
CONTINUOUS
10
154.4059849999999869
20
-96.0994999999999919
11
152.7172539999999969
21
-96.0994999999999919
0
LINE
8
L1 (Sig, PWR)
6
CONTINUOUS
10
152.7172539999999969
20
-96.0994999999999919
11
152.6502150000000029
21
-96.0798149999999964
0
LINE
8
L1 (Sig, PWR)
6
CONTINUOUS
10
152.6502150000000029
20
-96.0798149999999964
11
152.6295729999999935
21
-96.0631810000000002
0
LINE
8
L1 (Sig, PWR)
6
CONTINUOUS
10
152.6295729999999935
20
-96.0631810000000002
11
152.2459149999999966
21
-95.6795219999999915
0
LINE
8
L1 (Sig, PWR)
6
CONTINUOUS
10
152.2459149999999966
20
-95.6795219999999915
11
152.2459139999999991
21
-95.679520999999994
0
LINE
8
L1 (Sig, PWR)
6
CONTINUOUS
10
152.2459139999999991
20
-95.679520999999994
11
152.2459130000000016
21
-95.6795199999999966
0
LINE
8
L1 (Sig, PWR)
6
CONTINUOUS
10
152.2459130000000016
20
-95.6795199999999966
11
152.2002499999999827
21
-95.6531559999999956
0
LINE
8
L1 (Sig, PWR)
6
CONTINUOUS
10
152.2002499999999827
20
-95.6531559999999956
11
152.1545889999999872
21
-95.6267929999999922
0
LINE
8
L1 (Sig, PWR)
6
CONTINUOUS
10
152.1545889999999872
20
-95.6267929999999922
11
152.1036569999999983
21
-95.6131460000000004
0
LINE
8
L1 (Sig, PWR)
6
CONTINUOUS
10
152.1036569999999983
20
-95.6131460000000004
11
152.0527270000000044
21
-95.5994999999999919
0
LINE
8
L1 (Sig, PWR)
6
CONTINUOUS
10
152.0527270000000044
20
-95.5994999999999919
11
152.0527260000000069
21
-95.5994999999999919
0
LINE
8
L1 (Sig, PWR)
6
CONTINUOUS
10
152.0527260000000069
20
-95.5994999999999919
11
149.4975959999999873
21
-95.5994999999999919
0
LINE
8
L1 (Sig, PWR)
6
CONTINUOUS
10
149.4975959999999873
20
-95.5994999999999919
11
149.4305569999999932
21
-95.5798149999999964
0
LINE
8
L1 (Sig, PWR)
6
CONTINUOUS
10
149.4305569999999932
20
-95.5798149999999964
11
149.3848019999999792
21
-95.5270110000000017
0
LINE
8
L1 (Sig, PWR)
6
CONTINUOUS
10
149.3848019999999792
20
-95.5270110000000017
11
149.3805549999999869
21
-95.5164559999999909
0
LINE
8
L1 (Sig, PWR)
6
CONTINUOUS
10
149.3805549999999869
20
-95.5164559999999909
11
149.3574439999999868
21
-95.4504099999999909
0
LINE
8
L1 (Sig, PWR)
6
CONTINUOUS
10
149.3574439999999868
20
-95.4504099999999909
11
149.3527929999999913
21
-95.4371179999999981
0
LINE
8
L1 (Sig, PWR)
6
CONTINUOUS
10
149.3527929999999913
20
-95.4371179999999981
11
149.2721499999999821
21
-95.327849999999998
0
LINE
8
L1 (Sig, PWR)
6
CONTINUOUS
10
149.2721499999999821
20
-95.327849999999998
11
149.1628819999999962
21
-95.2472069999999889
0
LINE
8
L1 (Sig, PWR)
6
CONTINUOUS
10
149.1628819999999962
20
-95.2472069999999889
11
149.1628800000000012
21
-95.2472059999999914
0
LINE
8
L1 (Sig, PWR)
6
CONTINUOUS
10
149.1628800000000012
20
-95.2472059999999914
11
149.0346999999999866
21
-95.2023530000000022
0
LINE
8
L1 (Sig, PWR)
6
CONTINUOUS
10
149.0346999999999866
20
-95.2023530000000022
11
149.0042699999999911
21
-95.1995000000000005
0
LINE
8
L1 (Sig, PWR)
6
CONTINUOUS
10
149.0042699999999911
20
-95.1995000000000005
11
149.0042660000000012
21
-95.1995000000000005
0
LINE
8
L1 (Sig, PWR)
6
CONTINUOUS
10
149.0042660000000012
20
-95.1995000000000005
11
147.9957339999999988
21
-95.1995000000000005
0
LINE
8
L1 (Sig, PWR)
6
CONTINUOUS
10
147.9957339999999988
20
-95.1995000000000005
11
147.9957299999999805
21
-95.1995000000000005
0
LINE
8
L1 (Sig, PWR)
6
CONTINUOUS
10
147.9957299999999805
20
-95.1995000000000005
11
147.9652999999999849
21
-95.2023530000000022
0
LINE
8
L1 (Sig, PWR)
6
CONTINUOUS
10
147.9652999999999849
20
-95.2023530000000022
11
147.96529799999999
21
-95.2023530000000022
0
LINE
8
L1 (Sig, PWR)
6
CONTINUOUS
10
147.96529799999999
20
-95.2023530000000022
11
147.8371190000000013
21
-95.2472059999999914
0
LINE
8
L1 (Sig, PWR)
6
CONTINUOUS
10
147.8371190000000013
20
-95.2472059999999914
11
147.8371170000000063
21
-95.2472069999999889
0
LINE
8
L1 (Sig, PWR)
6
CONTINUOUS
10
147.8371170000000063
20
-95.2472069999999889
11
147.7278499999999894
21
-95.327849999999998
0
LINE
8
L1 (Sig, PWR)
6
CONTINUOUS
10
147.7278499999999894
20
-95.327849999999998
11
147.6472069999999803
21
-95.4371170000000006
0
LINE
8
L1 (Sig, PWR)
6
CONTINUOUS
10
147.6472069999999803
20
-95.4371170000000006
11
147.6472059999999829
21
-95.4371189999999956
0
LINE
8
L1 (Sig, PWR)
6
CONTINUOUS
10
147.6472059999999829
20
-95.4371189999999956
11
147.6264439999999922
21
-95.4964549999999974
0
LINE
8
L1 (Sig, PWR)
6
CONTINUOUS
10
147.6264439999999922
20
-95.4964549999999974
11
147.5857220000000041
21
-95.5532309999999967
0
LINE
8
L1 (Sig, PWR)
6
CONTINUOUS
10
147.5857220000000041
20
-95.5532309999999967
11
147.5207699999999988
21
-95.5789779999999922
0
LINE
8
L1 (Sig, PWR)
6
CONTINUOUS
10
147.5207699999999988
20
-95.5789779999999922
11
147.5094029999999918
21
-95.5794999999999959
0
LINE
8
L1 (Sig, PWR)
6
CONTINUOUS
10
147.5094029999999918
20
-95.5794999999999959
11
139.5244999999999891
21
-95.5794999999999959
0
LINE
8
L1 (Sig, PWR)
6
CONTINUOUS
10
139.5244999999999891
20
-95.5794999999999959
11
139.515814000000006
21
-95.576948999999999
0
LINE
8
L1 (Sig, PWR)
6
CONTINUOUS
10
139.515814000000006
20
-95.576948999999999
11
139.5068530000000067
21
-95.5782379999999989
0
LINE
8
L1 (Sig, PWR)
6
CONTINUOUS
10
139.5068530000000067
20
-95.5782379999999989
11
139.4828119999999956
21
-95.5672589999999929
0
LINE
8
L1 (Sig, PWR)
6
CONTINUOUS
10
139.4828119999999956
20
-95.5672589999999929
11
139.457460999999995
21
-95.5598150000000004
0
LINE
8
L1 (Sig, PWR)
6
CONTINUOUS
10
139.457460999999995
20
-95.5598150000000004
11
139.4515329999999835
21
-95.5529739999999919
0
LINE
8
L1 (Sig, PWR)
6
CONTINUOUS
10
139.4515329999999835
20
-95.5529739999999919
11
139.4432970000000012
21
-95.5492129999999946
0
LINE
8
L1 (Sig, PWR)
6
CONTINUOUS
10
139.4432970000000012
20
-95.5492129999999946
11
139.4290069999999844
21
-95.5269779999999997
0
LINE
8
L1 (Sig, PWR)
6
CONTINUOUS
10
139.4290069999999844
20
-95.5269779999999997
11
139.411705999999981
21
-95.5070109999999914
0
LINE
8
L1 (Sig, PWR)
6
CONTINUOUS
10
139.411705999999981
20
-95.5070109999999914
11
139.4094179999999881
21
-95.4964959999999934
0
LINE
8
L1 (Sig, PWR)
6
CONTINUOUS
10
139.4094179999999881
20
-95.4964959999999934
11
139.4055229999999881
21
-95.4904349999999909
0
LINE
8
L1 (Sig, PWR)
6
CONTINUOUS
10
139.4055229999999881
20
-95.4904349999999909
11
139.4004999999999939
21
-95.4555000000000007
0
LINE
8
L1 (Sig, PWR)
6
CONTINUOUS
10
139.4004999999999939
20
-95.4555000000000007
11
139.4004999999999939
21
-95.4418299999999959
0
LINE
8
L1 (Sig, PWR)
6
CONTINUOUS
10
139.4004999999999939
20
-95.4418299999999959
11
139.4201850000000036
21
-95.3747910000000019
0
LINE
8
L1 (Sig, PWR)
6
CONTINUOUS
10
139.4201850000000036
20
-95.3747910000000019
11
139.4556069999999863
21
-95.3387290000000007
0
LINE
8
L1 (Sig, PWR)
6
CONTINUOUS
10
139.4556069999999863
20
-95.3387290000000007
11
139.6059079999999994
21
-95.2383019999999902
0
LINE
8
L1 (Sig, PWR)
6
CONTINUOUS
10
139.6059079999999994
20
-95.2383019999999902
11
139.7383020000000045
21
-95.1059079999999994
0
LINE
8
L1 (Sig, PWR)
6
CONTINUOUS
10
139.7383020000000045
20
-95.1059079999999994
11
139.8423219999999958
21
-94.9502310000000023
0
LINE
8
L1 (Sig, PWR)
6
CONTINUOUS
10
139.8423219999999958
20
-94.9502310000000023
11
139.9139729999999986
21
-94.7772509999999926
0
LINE
8
L1 (Sig, PWR)
6
CONTINUOUS
10
139.9139729999999986
20
-94.7772509999999926
11
139.9505000000000052
21
-94.5936159999999973
0
LINE
8
L1 (Sig, PWR)
6
CONTINUOUS
10
139.9505000000000052
20
-94.5936159999999973
11
139.9505000000000052
21
-94.4063840000000027
0
LINE
8
L1 (Sig, PWR)
6
CONTINUOUS
10
139.9505000000000052
20
-94.4063840000000027
11
139.9139729999999986
21
-94.2227489999999932
0
LINE
8
L1 (Sig, PWR)
6
CONTINUOUS
10
139.9139729999999986
20
-94.2227489999999932
11
139.8423219999999958
21
-94.0497689999999977
0
LINE
8
L1 (Sig, PWR)
6
CONTINUOUS
10
139.8423219999999958
20
-94.0497689999999977
11
139.8423209999999983
21
-94.0497680000000003
0
LINE
8
L1 (Sig, PWR)
6
CONTINUOUS
10
139.8423209999999983
20
-94.0497680000000003
11
139.8423180000000059
21
-94.0497620000000012
0
LINE
8
L1 (Sig, PWR)
6
CONTINUOUS
10
139.8423180000000059
20
-94.0497620000000012
11
139.7383020000000045
21
-93.8940920000000006
0
LINE
8
L1 (Sig, PWR)
6
CONTINUOUS
10
139.7383020000000045
20
-93.8940920000000006
11
139.7382989999999836
21
-93.8940879999999964
0
LINE
8
L1 (Sig, PWR)
6
CONTINUOUS
10
139.7382989999999836
20
-93.8940879999999964
11
139.6059109999999919
21
-93.7616999999999905
0
LINE
8
L1 (Sig, PWR)
6
CONTINUOUS
10
139.6059109999999919
20
-93.7616999999999905
11
139.605907000000002
21
-93.7616969999999981
0
LINE
8
L1 (Sig, PWR)
6
CONTINUOUS
10
139.605907000000002
20
-93.7616969999999981
11
139.4502369999999871
21
-93.6576809999999966
0
LINE
8
L1 (Sig, PWR)
6
CONTINUOUS
10
139.4502369999999871
20
-93.6576809999999966
11
139.4502279999999814
21
-93.657675999999995
0
LINE
8
L1 (Sig, PWR)
6
CONTINUOUS
10
139.4502279999999814
20
-93.657675999999995
11
139.2772510000000068
21
-93.5860270000000014
0
LINE
8
L1 (Sig, PWR)
6
CONTINUOUS
10
139.2772510000000068
20
-93.5860270000000014
11
139.2772429999999986
21
-93.5860249999999922
0
LINE
8
L1 (Sig, PWR)
6
CONTINUOUS
10
139.2772429999999986
20
-93.5860249999999922
11
139.0936199999999872
21
-93.5494999999999948
0
LINE
8
L1 (Sig, PWR)
6
CONTINUOUS
10
139.0936199999999872
20
-93.5494999999999948
11
139.0936159999999973
21
-93.5494999999999948
0
LINE
8
L1 (Sig, PWR)
6
CONTINUOUS
10
139.0936159999999973
20
-93.5494999999999948
11
138.9063840000000027
21
-93.5494999999999948
0
LINE
8
L1 (Sig, PWR)
6
CONTINUOUS
10
138.9063840000000027
20
-93.5494999999999948
11
138.9063789999999869
21
-93.5494999999999948
0
LINE
8
L1 (Sig, PWR)
6
CONTINUOUS
10
138.9063789999999869
20
-93.5494999999999948
11
138.722756000000004
21
-93.5860249999999922
0
LINE
8
L1 (Sig, PWR)
6
CONTINUOUS
10
138.722756000000004
20
-93.5860249999999922
11
138.7227479999999957
21
-93.5860270000000014
0
LINE
8
L1 (Sig, PWR)
6
CONTINUOUS
10
138.7227479999999957
20
-93.5860270000000014
11
138.5497709999999927
21
-93.657675999999995
0
LINE
8
L1 (Sig, PWR)
6
CONTINUOUS
10
138.5497709999999927
20
-93.657675999999995
11
138.549761999999987
21
-93.6576809999999966
0
LINE
8
L1 (Sig, PWR)
6
CONTINUOUS
10
138.549761999999987
20
-93.6576809999999966
11
138.3940920000000006
21
-93.7616969999999981
0
LINE
8
L1 (Sig, PWR)
6
CONTINUOUS
10
138.3940920000000006
20
-93.7616969999999981
11
138.3940879999999822
21
-93.7616999999999905
0
LINE
8
L1 (Sig, PWR)
6
CONTINUOUS
10
138.3940879999999822
20
-93.7616999999999905
11
138.2616999999999905
21
-93.8940879999999964
0
LINE
8
L1 (Sig, PWR)
6
CONTINUOUS
10
138.2616999999999905
20
-93.8940879999999964
11
138.2616969999999981
21
-93.8940920000000006
0
LINE
8
L1 (Sig, PWR)
6
CONTINUOUS
10
138.2616969999999981
20
-93.8940920000000006
11
138.1576809999999966
21
-94.0497620000000012
0
LINE
8
L1 (Sig, PWR)
6
CONTINUOUS
10
138.1576809999999966
20
-94.0497620000000012
11
138.1576759999999808
21
-94.0497709999999927
0
LINE
8
L1 (Sig, PWR)
6
CONTINUOUS
10
138.1576759999999808
20
-94.0497709999999927
11
138.0860270000000014
21
-94.2227479999999957
0
LINE
8
L1 (Sig, PWR)
6
CONTINUOUS
10
138.0860270000000014
20
-94.2227479999999957
11
138.0860250000000065
21
-94.2227559999999897
0
LINE
8
L1 (Sig, PWR)
6
CONTINUOUS
10
138.0860250000000065
20
-94.2227559999999897
11
138.0494999999999948
21
-94.4063790000000012
0
LINE
8
L1 (Sig, PWR)
6
CONTINUOUS
10
138.0494999999999948
20
-94.4063790000000012
11
138.0494999999999948
21
-94.5936200000000014
0
LINE
8
L1 (Sig, PWR)
6
CONTINUOUS
10
138.0494999999999948
20
-94.5936200000000014
11
138.0860250000000065
21
-94.7772429999999986
0
LINE
8
L1 (Sig, PWR)
6
CONTINUOUS
10
138.0860250000000065
20
-94.7772429999999986
11
138.0860270000000014
21
-94.7772509999999926
0
LINE
8
L1 (Sig, PWR)
6
CONTINUOUS
10
138.0860270000000014
20
-94.7772509999999926
11
138.1576759999999808
21
-94.9502279999999956
0
LINE
8
L1 (Sig, PWR)
6
CONTINUOUS
10
138.1576759999999808
20
-94.9502279999999956
11
138.1576809999999966
21
-94.9502370000000013
0
LINE
8
L1 (Sig, PWR)
6
CONTINUOUS
10
138.1576809999999966
20
-94.9502370000000013
11
138.2616969999999981
21
-95.105907000000002
0
LINE
8
L1 (Sig, PWR)
6
CONTINUOUS
10
138.2616969999999981
20
-95.105907000000002
11
138.2616999999999905
21
-95.1059109999999919
0
LINE
8
L1 (Sig, PWR)
6
CONTINUOUS
10
138.2616999999999905
20
-95.1059109999999919
11
138.3940889999999797
21
-95.2382999999999953
0
LINE
8
L1 (Sig, PWR)
6
CONTINUOUS
10
138.3940889999999797
20
-95.2382999999999953
11
138.3940920000000006
21
-95.2383019999999902
0
LINE
8
L1 (Sig, PWR)
6
CONTINUOUS
10
138.3940920000000006
20
-95.2383019999999902
11
138.5443909999999903
21
-95.338727999999989
0
LINE
8
L1 (Sig, PWR)
6
CONTINUOUS
10
138.5443909999999903
20
-95.338727999999989
11
138.5494809999999859
21
-95.3448179999999894
0
LINE
8
L1 (Sig, PWR)
6
CONTINUOUS
10
138.5494809999999859
20
-95.3448179999999894
11
138.5567029999999988
21
-95.348117000000002
0
LINE
8
L1 (Sig, PWR)
6
CONTINUOUS
10
138.5567029999999988
20
-95.348117000000002
11
138.57156599999999
21
-95.3712450000000018
0
LINE
8
L1 (Sig, PWR)
6
CONTINUOUS
10
138.57156599999999
20
-95.3712450000000018
11
138.589195999999987
21
-95.3923399999999901
0
LINE
8
L1 (Sig, PWR)
6
CONTINUOUS
10
138.589195999999987
20
-95.3923399999999901
11
138.5911470000000065
21
-95.4017139999999984
0
LINE
8
L1 (Sig, PWR)
6
CONTINUOUS
10
138.5911470000000065
20
-95.4017139999999984
11
138.5944769999999835
21
-95.4068949999999916
0
LINE
8
L1 (Sig, PWR)
6
CONTINUOUS
10
138.5944769999999835
20
-95.4068949999999916
11
138.5995000000000061
21
-95.4418299999999959
0
LINE
8
L1 (Sig, PWR)
6
CONTINUOUS
10
138.5995000000000061
20
-95.4418299999999959
11
138.5995000000000061
21
-95.4555000000000007
0
LINE
8
L1 (Sig, PWR)
6
CONTINUOUS
10
138.5995000000000061
20
-95.4555000000000007
11
138.5798149999999964
21
-95.5225389999999948
0
LINE
8
L1 (Sig, PWR)
6
CONTINUOUS
10
138.5798149999999964
20
-95.5225389999999948
11
138.5270109999999875
21
-95.5682939999999945
0
LINE
8
L1 (Sig, PWR)
6
CONTINUOUS
10
138.5270109999999875
20
-95.5682939999999945
11
138.4754999999999825
21
-95.5794999999999959
0
LINE
8
L1 (Sig, PWR)
6
CONTINUOUS
10
138.4754999999999825
20
-95.5794999999999959
11
137.1372659999999826
21
-95.5794999999999959
0
LINE
8
L1 (Sig, PWR)
6
CONTINUOUS
10
137.1372659999999826
20
-95.5794999999999959
11
137.0702269999999885
21
-95.5598150000000004
0
LINE
8
L1 (Sig, PWR)
6
CONTINUOUS
10
137.0702269999999885
20
-95.5598150000000004
11
137.0244720000000029
21
-95.5070109999999914
0
LINE
8
L1 (Sig, PWR)
6
CONTINUOUS
10
137.0244720000000029
20
-95.5070109999999914
11
137.0145279999999843
21
-95.4378529999999898
0
LINE
8
L1 (Sig, PWR)
6
CONTINUOUS
10
137.0145279999999843
20
-95.4378529999999898
11
137.0338329999999871
21
-95.3928879999999992
0
LINE
8
L1 (Sig, PWR)
6
CONTINUOUS
10
137.0338329999999871
20
-95.3928879999999992
11
137.0311939999999993
21
-95.3912929999999903
0
LINE
8
L1 (Sig, PWR)
6
CONTINUOUS
10
137.0311939999999993
20
-95.3912929999999903
11
137.1230189999999993
21
-95.2393950000000018
0
LINE
8
L1 (Sig, PWR)
6
CONTINUOUS
10
137.1230189999999993
20
-95.2393950000000018
11
137.1735899999999901
21
-95.0771060000000006
0
LINE
8
L1 (Sig, PWR)
6
CONTINUOUS
10
137.1735899999999901
20
-95.0771060000000006
11
137.1800000000000068
21
-95.0065719999999914
0
LINE
8
L1 (Sig, PWR)
6
CONTINUOUS
10
137.1800000000000068
20
-95.0065719999999914
11
137.1800000000000068
21
-95.
0
LINE
8
L1 (Sig, PWR)
6
CONTINUOUS
10
137.1800000000000068
20
-95.
11
136.6700539999999933
21
-95.
0
LINE
8
L1 (Sig, PWR)
6
CONTINUOUS
10
136.6700539999999933
20
-95.
11
136.6647759999999892
21
-95.0265369999999905
0
LINE
8
L1 (Sig, PWR)
6
CONTINUOUS
10
136.6647759999999892
20
-95.0265369999999905
11
136.621420999999998
21
-95.0914209999999969
0
LINE
8
L1 (Sig, PWR)
6
CONTINUOUS
10
136.621420999999998
20
-95.0914209999999969
11
136.5565369999999916
21
-95.1347760000000022
0
LINE
8
L1 (Sig, PWR)
6
CONTINUOUS
10
136.5565369999999916
20
-95.1347760000000022
11
136.4799999999999898
21
-95.1499999999999915
0
LINE
8
L1 (Sig, PWR)
6
CONTINUOUS
10
136.4799999999999898
20
-95.1499999999999915
11
135.6800000000000068
21
-95.1499999999999915
0
LINE
8
L1 (Sig, PWR)
6
CONTINUOUS
10
135.6800000000000068
20
-95.1499999999999915
11
135.603463000000005
21
-95.1347760000000022
0
LINE
8
L1 (Sig, PWR)
6
CONTINUOUS
10
135.603463000000005
20
-95.1347760000000022
11
135.5385789999999986
21
-95.0914209999999969
0
LINE
8
L1 (Sig, PWR)
6
CONTINUOUS
10
135.5385789999999986
20
-95.0914209999999969
11
135.4952240000000074
21
-95.0265369999999905
0
LINE
8
L1 (Sig, PWR)
6
CONTINUOUS
10
135.4952240000000074
20
-95.0265369999999905
11
135.4899460000000033
21
-95.
0
LINE
8
L1 (Sig, PWR)
6
CONTINUOUS
10
135.4899460000000033
20
-95.
11
134.9800009999999872
21
-95.
0
LINE
8
L1 (Sig, PWR)
6
CONTINUOUS
10
134.9800009999999872
20
-95.
11
134.9800009999999872
21
-95.0065819999999945
0
LINE
8
L1 (Sig, PWR)
6
CONTINUOUS
10
134.9800009999999872
20
-95.0065819999999945
11
134.9864079999999831
21
-95.0771019999999965
0
LINE
8
L1 (Sig, PWR)
6
CONTINUOUS
10
134.9864079999999831
20
-95.0771019999999965
11
134.9864089999999806
21
-95.077106999999998
0
LINE
8
L1 (Sig, PWR)
6
CONTINUOUS
10
134.9864089999999806
20
-95.077106999999998
11
135.0369809999999973
21
-95.2393959999999993
0
LINE
8
L1 (Sig, PWR)
6
CONTINUOUS
10
135.0369809999999973
20
-95.2393959999999993
11
135.1249269999999854
21
-95.3848769999999888
0
LINE
8
L1 (Sig, PWR)
6
CONTINUOUS
10
135.1249269999999854
20
-95.3848769999999888
11
135.2291469999999833
21
-95.489097000000001
0
LINE
8
L1 (Sig, PWR)
6
CONTINUOUS
10
135.2291469999999833
20
-95.489097000000001
11
135.2626319999999964
21
-95.5504200000000026
0
LINE
8
L1 (Sig, PWR)
6
CONTINUOUS
10
135.2626319999999964
20
-95.5504200000000026
11
135.257647999999989
21
-95.6201119999999918
0
LINE
8
L1 (Sig, PWR)
6
CONTINUOUS
10
135.257647999999989
20
-95.6201119999999918
11
135.2291469999999833
21
-95.6644589999999937
0
LINE
8
L1 (Sig, PWR)
6
CONTINUOUS
10
135.2291469999999833
20
-95.6644589999999937
11
134.7585219999999993
21
-96.135083999999992
0
LINE
8
L1 (Sig, PWR)
6
CONTINUOUS
10
134.7585219999999993
20
-96.135083999999992
11
134.7585200000000043
21
-96.1350869999999986
0
LINE
8
L1 (Sig, PWR)
6
CONTINUOUS
10
134.7585200000000043
20
-96.1350869999999986
11
134.7057939999999974
21
-96.2264089999999896
0
LINE
8
L1 (Sig, PWR)
6
CONTINUOUS
10
134.7057939999999974
20
-96.2264089999999896
11
134.7057929999999999
21
-96.2264109999999988
0
LINE
8
L1 (Sig, PWR)
6
CONTINUOUS
10
134.7057929999999999
20
-96.2264109999999988
11
134.7057929999999999
21
-96.2264119999999963
0
LINE
8
L1 (Sig, PWR)
6
CONTINUOUS
10
134.7057929999999999
20
-96.2264119999999963
11
134.6914559999999881
21
-96.27991999999999
0
LINE
8
L1 (Sig, PWR)
6
CONTINUOUS
10
134.6914559999999881
20
-96.27991999999999
11
134.6914559999999881
21
-96.2799210000000016
0
LINE
8
L1 (Sig, PWR)
6
CONTINUOUS
10
134.6914559999999881
20
-96.2799210000000016
11
134.6914549999999906
21
-96.27991999999999
0
LINE
8
L1 (Sig, PWR)
6
CONTINUOUS
10
134.6914549999999906
20
-96.27991999999999
11
134.6784999999999854
21
-96.3282710000000009
0
LINE
8
L1 (Sig, PWR)
6
CONTINUOUS
10
134.6784999999999854
20
-96.3282710000000009
11
134.6784999999999854
21
-98.6717259999999925
0
LINE
8
L1 (Sig, PWR)
6
CONTINUOUS
10
134.6784999999999854
20
-98.6717259999999925
11
134.7057929999999999
21
-98.7735890000000012
0
LINE
8
L1 (Sig, PWR)
6
CONTINUOUS
10
134.7057929999999999
20
-98.7735890000000012
11
134.7237259999999992
21
-98.8046489999999977
0
LINE
8
L1 (Sig, PWR)
6
CONTINUOUS
10
134.7237259999999992
20
-98.8046489999999977
11
134.7585200000000043
21
-98.8649130000000014
0
LINE
8
L1 (Sig, PWR)
6
CONTINUOUS
10
134.7585200000000043
20
-98.8649130000000014
11
134.7585219999999993
21
-98.8649149999999963
0
LINE
8
L1 (Sig, PWR)
6
CONTINUOUS
10
134.7585219999999993
20
-98.8649149999999963
11
135.2291469999999833
21
-99.3355399999999946
0
LINE
8
L1 (Sig, PWR)
6
CONTINUOUS
10
135.2291469999999833
20
-99.3355399999999946
11
135.2626319999999964
21
-99.3968629999999962
0
LINE
8
L1 (Sig, PWR)
6
CONTINUOUS
10
135.2626319999999964
20
-99.3968629999999962
11
135.257647999999989
21
-99.4665549999999996
0
LINE
8
L1 (Sig, PWR)
6
CONTINUOUS
10
135.257647999999989
20
-99.4665549999999996
11
135.2291479999999808
21
-99.5109020000000015
0
LINE
8
L1 (Sig, PWR)
6
CONTINUOUS
10
135.2291479999999808
20
-99.5109020000000015
11
135.1249259999999879
21
-99.6151239999999945
0
LINE
8
L1 (Sig, PWR)
6
CONTINUOUS
10
135.1249259999999879
20
-99.6151239999999945
11
135.0369799999999998
21
-99.7606040000000007
0
LINE
8
L1 (Sig, PWR)
6
CONTINUOUS
10
135.0369799999999998
20
-99.7606040000000007
11
134.9864089999999806
21
-99.922893000000002
0
LINE
8
L1 (Sig, PWR)
6
CONTINUOUS
10
134.9864089999999806
20
-99.922893000000002
11
134.9799999999999898
21
-99.993426999999997
0
LINE
8
L1 (Sig, PWR)
6
CONTINUOUS
10
134.9799999999999898
20
-99.993426999999997
11
134.9799999999999898
21
-100.
0
LINE
8
L1 (Sig, PWR)
6
CONTINUOUS
10
134.9799999999999898
20
-100.
11
135.4899460000000033
21
-100.
0
LINE
8
L1 (Sig, PWR)
6
CONTINUOUS
10
135.4899460000000033
20
-100.
11
135.4952240000000074
21
-99.9734629999999953
0
LINE
8
L1 (Sig, PWR)
6
CONTINUOUS
10
135.4952240000000074
20
-99.9734629999999953
11
135.5385789999999986
21
-99.9085789999999889
0
LINE
8
L1 (Sig, PWR)
6
CONTINUOUS
10
135.5385789999999986
20
-99.9085789999999889
11
135.603463000000005
21
-99.8652239999999978
0
LINE
8
L1 (Sig, PWR)
6
CONTINUOUS
10
135.603463000000005
20
-99.8652239999999978
11
135.6800000000000068
21
-99.8499999999999943
0
LINE
8
L1 (Sig, PWR)
6
CONTINUOUS
10
135.6800000000000068
20
-99.8499999999999943
11
136.4799999999999898
21
-99.8499999999999943
0
LINE
8
L1 (Sig, PWR)
6
CONTINUOUS
10
136.4799999999999898
20
-99.8499999999999943
11
136.5565369999999916
21
-99.8652239999999978
0
LINE
8
L1 (Sig, PWR)
6
CONTINUOUS
10
136.5565369999999916
20
-99.8652239999999978
11
136.621420999999998
21
-99.9085789999999889
0
LINE
8
L1 (Sig, PWR)
6
CONTINUOUS
10
136.621420999999998
20
-99.9085789999999889
11
136.6647759999999892
21
-99.9734629999999953
0
LINE
8
L1 (Sig, PWR)
6
CONTINUOUS
10
136.6647759999999892
20
-99.9734629999999953
11
136.6700539999999933
21
-100.
0
LINE
8
L1 (Sig, PWR)
6
CONTINUOUS
10
136.6700539999999933
20
-100.
11
137.1799989999999809
21
-100.
0
LINE
8
L1 (Sig, PWR)
6
CONTINUOUS
10
137.1799989999999809
20
-100.
11
137.1799989999999809
21
-99.9934169999999938
0
LINE
8
L1 (Sig, PWR)
6
CONTINUOUS
10
137.1799989999999809
20
-99.9934169999999938
11
137.1735909999999876
21
-99.9228969999999919
0
LINE
8
L1 (Sig, PWR)
6
CONTINUOUS
10
137.1735909999999876
20
-99.9228969999999919
11
137.1735899999999901
21
-99.9228919999999903
0
LINE
8
L1 (Sig, PWR)
6
CONTINUOUS
10
137.1735899999999901
20
-99.9228919999999903
11
137.1230180000000018
21
-99.760602999999989
0
LINE
8
L1 (Sig, PWR)
6
CONTINUOUS
10
137.1230180000000018
20
-99.760602999999989
11
137.0350719999999853
21
-99.6151219999999995
0
LINE
8
L1 (Sig, PWR)
6
CONTINUOUS
10
137.0350719999999853
20
-99.6151219999999995
11
136.9148789999999849
21
-99.4949289999999991
0
LINE
8
L1 (Sig, PWR)
6
CONTINUOUS
10
136.9148789999999849
20
-99.4949289999999991
11
136.9128159999999923
21
-99.4936819999999926
0
LINE
8
L1 (Sig, PWR)
6
CONTINUOUS
10
136.9128159999999923
20
-99.4936819999999926
11
136.9116190000000017
21
-99.4923749999999956
0
LINE
8
L1 (Sig, PWR)
6
CONTINUOUS
10
136.9116190000000017
20
-99.4923749999999956
11
136.9089740000000006
21
-99.4903029999999973
0
LINE
8
L1 (Sig, PWR)
6
CONTINUOUS
10
136.9089740000000006
20
-99.4903029999999973
11
136.9093179999999847
21
-99.4898629999999997
0
LINE
8
L1 (Sig, PWR)
6
CONTINUOUS
10
136.9093179999999847
20
-99.4898629999999997
11
136.8656269999999893
21
-99.4421549999999996
0
LINE
8
L1 (Sig, PWR)
6
CONTINUOUS
10
136.8656269999999893
20
-99.4421549999999996
11
136.8583759999999927
21
-99.3999859999999984
0
LINE
8
L1 (Sig, PWR)
6
CONTINUOUS
10
136.8583759999999927
20
-99.3999859999999984
11
136.8537859999999853
21
-99.3732959999999963
0
LINE
8
L1 (Sig, PWR)
6
CONTINUOUS
10
136.8537859999999853
20
-99.3732959999999963
11
136.8542599999999823
21
-99.3696779999999933
0
LINE
8
L1 (Sig, PWR)
6
CONTINUOUS
10
136.8542599999999823
20
-99.3696779999999933
11
136.8572049999999933
21
-99.3494680000000017
0
LINE
8
L1 (Sig, PWR)
6
CONTINUOUS
10
136.8572049999999933
20
-99.3494680000000017
11
136.8660169999999994
21
-99.3321749999999923
0
LINE
8
L1 (Sig, PWR)
6
CONTINUOUS
10
136.8660169999999994
20
-99.3321749999999923
11
136.8804999999999836
21
-99.2407350000000008
0
LINE
8
L1 (Sig, PWR)
6
CONTINUOUS
10
136.8804999999999836
20
-99.2407350000000008
11
136.8804989999999862
21
-98.7992659999999887
0
LINE
8
L1 (Sig, PWR)
6
CONTINUOUS
10
136.8804989999999862
20
-98.7992659999999887
11
136.8804989999999862
21
-98.7992599999999896
0
LINE
8
L1 (Sig, PWR)
6
CONTINUOUS
10
136.8804989999999862
20
-98.7992599999999896
11
136.8660179999999968
21
-98.7078289999999896
0
LINE
8
L1 (Sig, PWR)
6
CONTINUOUS
10
136.8660179999999968
20
-98.7078289999999896
11
136.8660179999999968
21
-98.7078279999999921
0
LINE
8
L1 (Sig, PWR)
6
CONTINUOUS
10
136.8660179999999968
20
-98.7078279999999921
11
136.8660169999999994
21
-98.7078259999999972
0
LINE
8
L1 (Sig, PWR)
6
CONTINUOUS
10
136.8660169999999994
20
-98.7078259999999972
11
136.8660169999999994
21
-98.7078249999999997
0
LINE
8
L1 (Sig, PWR)
6
CONTINUOUS
10
136.8660169999999994
20
-98.7078249999999997
11
136.8098589999999888
21
-98.5976089999999914
0
LINE
8
L1 (Sig, PWR)
6
CONTINUOUS
10
136.8098589999999888
20
-98.5976089999999914
11
136.8098569999999938
21
-98.5976069999999964
0
LINE
8
L1 (Sig, PWR)
6
CONTINUOUS
10
136.8098569999999938
20
-98.5976069999999964
11
136.8098559999999964
21
-98.5976050000000015
0
LINE
8
L1 (Sig, PWR)
6
CONTINUOUS
10
136.8098559999999964
20
-98.5976050000000015
11
136.8096919999999841
21
-98.5973789999999894
0
LINE
8
L1 (Sig, PWR)
6
CONTINUOUS
10
136.8096919999999841
20
-98.5973789999999894
11
136.8095769999999902
21
-98.5970569999999924
0
LINE
8
L1 (Sig, PWR)
6
CONTINUOUS
10
136.8095769999999902
20
-98.5970569999999924
11
136.8054280000000063
21
-98.5889140000000026
0
LINE
8
L1 (Sig, PWR)
6
CONTINUOUS
10
136.8054280000000063
20
-98.5889140000000026
11
136.8064799999999934
21
-98.5883769999999942
0
LINE
8
L1 (Sig, PWR)
6
CONTINUOUS
10
136.8064799999999934
20
-98.5883769999999942
11
136.7862169999999935
21
-98.5315709999999996
0
LINE
8
L1 (Sig, PWR)
6
CONTINUOUS
10
136.7862169999999935
20
-98.5315709999999996
11
136.80204599999999
21
-98.4635179999999934
0
LINE
8
L1 (Sig, PWR)
6
CONTINUOUS
10
136.80204599999999
20
-98.4635179999999934
11
136.852154999999982
21
-98.4148270000000025
0
LINE
8
L1 (Sig, PWR)
6
CONTINUOUS
10
136.852154999999982
20
-98.4148270000000025
11
136.9100149999999871
21
-98.4004999999999939
0
LINE
8
L1 (Sig, PWR)
6
CONTINUOUS
10
136.9100149999999871
20
-98.4004999999999939
11
139.6830699999999865
21
-98.4004999999999939
0
LINE
8
L1 (Sig, PWR)
6
CONTINUOUS
10
139.6830699999999865
20
-98.4004999999999939
11
139.7501089999999806
21
-98.4201849999999894
0
LINE
8
L1 (Sig, PWR)
6
CONTINUOUS
10
139.7501089999999806
20
-98.4201849999999894
11
139.7958639999999946
21
-98.4729889999999983
0
LINE
8
L1 (Sig, PWR)
6
CONTINUOUS
10
139.7958639999999946
20
-98.4729889999999983
11
139.8064279999999826
21
-98.5371030000000019
0
LINE
8
L1 (Sig, PWR)
6
CONTINUOUS
10
139.8064279999999826
20
-98.5371030000000019
11
139.7999999999999829
21
-98.6000129999999899
0
LINE
8
L1 (Sig, PWR)
6
CONTINUOUS
10
139.7999999999999829
20
-98.6000129999999899
11
139.7999999999999829
21
-98.75
0
LINE
8
L1 (Sig, PWR)
6
CONTINUOUS
10
139.7999999999999829
20
-98.75
11
140.2999999999999829
21
-98.75
0
LINE
8
L1 (Sig, PWR)
6
CONTINUOUS
10
140.2999999999999829
20
-98.75
11
140.2999999999999829
21
-98.6499999999999915
0
LINE
8
L1 (Sig, PWR)
6
CONTINUOUS
10
140.2999999999999829
20
-98.6499999999999915
11
140.3190299999999979
21
-98.5543289999999956
0
LINE
8
L1 (Sig, PWR)
6
CONTINUOUS
10
140.3190299999999979
20
-98.5543289999999956
11
140.3732229999999959
21
-98.4732229999999902
0
LINE
8
L1 (Sig, PWR)
6
CONTINUOUS
10
140.3732229999999959
20
-98.4732229999999902
11
140.4543290000000013
21
-98.4190299999999922
0
LINE
8
L1 (Sig, PWR)
6
CONTINUOUS
10
140.4543290000000013
20
-98.4190299999999922
11
140.5499999999999829
21
-98.3999999999999915
0
LINE
8
L1 (Sig, PWR)
6
CONTINUOUS
10
140.5499999999999829
20
-98.3999999999999915
11
141.4499999999999886
21
-98.3999999999999915
0
LINE
8
L1 (Sig, PWR)
6
CONTINUOUS
10
141.4499999999999886
20
-98.3999999999999915
11
141.5456709999999987
21
-98.4190299999999922
0
LINE
8
L1 (Sig, PWR)
6
CONTINUOUS
10
141.5456709999999987
20
-98.4190299999999922
11
141.6267770000000041
21
-98.4732229999999902
0
LINE
8
L1 (Sig, PWR)
6
CONTINUOUS
10
141.6267770000000041
20
-98.4732229999999902
11
141.6809700000000021
21
-98.5543289999999956
0
LINE
8
L1 (Sig, PWR)
6
CONTINUOUS
10
141.6809700000000021
20
-98.5543289999999956
11
141.6999999999999886
21
-98.6499999999999915
0
LINE
8
L1 (Sig, PWR)
6
CONTINUOUS
10
141.6999999999999886
20
-98.6499999999999915
11
141.6999999999999886
21
-98.75
0
LINE
8
L1 (Sig, PWR)
6
CONTINUOUS
10
141.6999999999999886
20
-98.75
11
142.1999989999999912
21
-98.75
0
LINE
8
L1 (Sig, PWR)
6
CONTINUOUS
10
142.1999989999999912
20
-98.75
11
142.1999989999999912
21
-98.6000279999999947
0
LINE
8
L1 (Sig, PWR)
6
CONTINUOUS
10
142.1999989999999912
20
-98.6000279999999947
11
142.1999979999999937
21
-98.6000129999999899
0
LINE
8
L1 (Sig, PWR)
6
CONTINUOUS
10
142.1999979999999937
20
-98.6000129999999899
11
142.1895049999999969
21
-98.4973009999999931
0
LINE
8
L1 (Sig, PWR)
6
CONTINUOUS
10
142.1895049999999969
20
-98.4973009999999931
11
142.1811539999999923
21
-98.472099
0
LINE
8
L1 (Sig, PWR)
6
CONTINUOUS
10
142.1811539999999923
20
-98.472099
11
142.1787510000000054
21
-98.4022700000000015
0
LINE
8
L1 (Sig, PWR)
6
CONTINUOUS
10
142.1787510000000054
20
-98.4022700000000015
11
142.2144820000000038
21
-98.3422279999999915
0
LINE
8
L1 (Sig, PWR)
6
CONTINUOUS
10
142.2144820000000038
20
-98.3422279999999915
11
142.2368529999999964
21
-98.3257100000000008
0
LINE
8
L1 (Sig, PWR)
6
CONTINUOUS
10
142.2368529999999964
20
-98.3257100000000008
11
142.2459130000000016
21
-98.3204799999999892
0
LINE
8
L1 (Sig, PWR)
6
CONTINUOUS
10
142.2459130000000016
20
-98.3204799999999892
11
143.1295729999999935
21
-97.4368180000000024
0
LINE
8
L1 (Sig, PWR)
6
CONTINUOUS
10
143.1295729999999935
20
-97.4368180000000024
11
143.1908959999999809
21
-97.403334000000001
0
LINE
8
L1 (Sig, PWR)
6
CONTINUOUS
10
143.1908959999999809
20
-97.403334000000001
11
143.2172539999999969
21
-97.4004999999999939
0
LINE
8
L1 (Sig, PWR)
6
CONTINUOUS
10
143.2172539999999969
20
-97.4004999999999939
11
144.5024039999999843
21
-97.4004999999999939
0
LINE
8
L1 (Sig, PWR)
6
CONTINUOUS
10
144.5024039999999843
20
-97.4004999999999939
11
144.5694430000000068
21
-97.4201849999999894
0
LINE
8
L1 (Sig, PWR)
6
CONTINUOUS
10
144.5694430000000068
20
-97.4201849999999894
11
144.6151979999999924
21
-97.4729889999999983
0
LINE
8
L1 (Sig, PWR)
6
CONTINUOUS
10
144.6151979999999924
20
-97.4729889999999983
11
144.6194449999999847
21
-97.4835439999999949
0
LINE
8
L1 (Sig, PWR)
6
CONTINUOUS
10
144.6194449999999847
20
-97.4835439999999949
11
144.6278409999999894
21
-97.5075379999999967
0
LINE
8
L1 (Sig, PWR)
6
CONTINUOUS
10
144.6278409999999894
20
-97.5075379999999967
11
144.6472069999999803
21
-97.5628820000000019
0
LINE
8
L1 (Sig, PWR)
6
CONTINUOUS
10
144.6472069999999803
20
-97.5628820000000019
11
144.7171710000000076
21
-97.6576809999999966
0
LINE
8
L1 (Sig, PWR)
6
CONTINUOUS
10
144.7171710000000076
20
-97.6576809999999966
11
144.7278509999999869
21
-97.6721509999999995
0
LINE
8
L1 (Sig, PWR)
6
CONTINUOUS
10
144.7278509999999869
20
-97.6721509999999995
11
144.8106009999999912
21
-97.7332229999999953
0
LINE
8
L1 (Sig, PWR)
6
CONTINUOUS
10
144.8106009999999912
20
-97.7332229999999953
11
144.8528519999999844
21
-97.7888699999999886
0
LINE
8
L1 (Sig, PWR)
6
CONTINUOUS
10
144.8528519999999844
20
-97.7888699999999886
11
144.8583109999999863
21
-97.8585259999999977
0
LINE
8
L1 (Sig, PWR)
6
CONTINUOUS
10
144.8583109999999863
20
-97.8585259999999977
11
144.8252439999999979
21
-97.9200759999999946
0
LINE
8
L1 (Sig, PWR)
6
CONTINUOUS
10
144.8252439999999979
20
-97.9200759999999946
11
144.7759739999999908
21
-97.9506979999999885
0
LINE
8
L1 (Sig, PWR)
6
CONTINUOUS
10
144.7759739999999908
20
-97.9506979999999885
11
144.7308830000000057
21
-97.9656399999999934
0
LINE
8
L1 (Sig, PWR)
6
CONTINUOUS
10
144.7308830000000057
20
-97.9656399999999934
11
144.7308749999999975
21
-97.965643
0
LINE
8
L1 (Sig, PWR)
6
CONTINUOUS
10
144.7308749999999975
20
-97.965643
11
144.5816539999999861
21
-98.0576839999999947
0
LINE
8
L1 (Sig, PWR)
6
CONTINUOUS
10
144.5816539999999861
20
-98.0576839999999947
11
144.4576840000000004
21
-98.1816539999999947
0
LINE
8
L1 (Sig, PWR)
6
CONTINUOUS
10
144.4576840000000004
20
-98.1816539999999947
11
144.3656430000000057
21
-98.3308749999999918
0
LINE
8
L1 (Sig, PWR)
6
CONTINUOUS
10
144.3656430000000057
20
-98.3308749999999918
11
144.3656409999999823
21
-98.3308799999999934
0
LINE
8
L1 (Sig, PWR)
6
CONTINUOUS
10
144.3656409999999823
20
-98.3308799999999934
11
144.3104940000000056
21
-98.4973019999999906
0
LINE
8
L1 (Sig, PWR)
6
CONTINUOUS
10
144.3104940000000056
20
-98.4973019999999906
11
144.3104929999999797
21
-98.4973090000000013
0
LINE
8
L1 (Sig, PWR)
6
CONTINUOUS
10
144.3104929999999797
20
-98.4973090000000013
11
144.2999999999999829
21
-98.6000129999999899
0
LINE
8
L1 (Sig, PWR)
6
CONTINUOUS
10
144.2999999999999829
20
-98.6000129999999899
11
144.2999999999999829
21
-98.75
0
LINE
8
L1 (Sig, PWR)
6
CONTINUOUS
10
144.2999999999999829
20
-98.75
11
144.7999999999999829
21
-98.75
0
LINE
8
L1 (Sig, PWR)
6
CONTINUOUS
10
144.7999999999999829
20
-98.75
11
144.7999999999999829
21
-98.6499999999999915
0
LINE
8
L1 (Sig, PWR)
6
CONTINUOUS
10
144.7999999999999829
20
-98.6499999999999915
11
144.8190299999999979
21
-98.5543289999999956
0
LINE
8
L1 (Sig, PWR)
6
CONTINUOUS
10
144.8190299999999979
20
-98.5543289999999956
11
144.8732229999999959
21
-98.4732229999999902
0
LINE
8
L1 (Sig, PWR)
6
CONTINUOUS
10
144.8732229999999959
20
-98.4732229999999902
11
144.9543290000000013
21
-98.4190299999999922
0
LINE
8
L1 (Sig, PWR)
6
CONTINUOUS
10
144.9543290000000013
20
-98.4190299999999922
11
145.0499999999999829
21
-98.3999999999999915
0
LINE
8
L1 (Sig, PWR)
6
CONTINUOUS
10
145.0499999999999829
20
-98.3999999999999915
11
145.9499999999999886
21
-98.3999999999999915
0
LINE
8
L1 (Sig, PWR)
6
CONTINUOUS
10
145.9499999999999886
20
-98.3999999999999915
11
146.0456709999999987
21
-98.4190299999999922
0
LINE
8
L1 (Sig, PWR)
6
CONTINUOUS
10
146.0456709999999987
20
-98.4190299999999922
11
146.1267770000000041
21
-98.4732229999999902
0
LINE
8
L1 (Sig, PWR)
6
CONTINUOUS
10
146.1267770000000041
20
-98.4732229999999902
11
146.1809700000000021
21
-98.5543289999999956
0
LINE
8
L1 (Sig, PWR)
6
CONTINUOUS
10
146.1809700000000021
20
-98.5543289999999956
11
146.1999999999999886
21
-98.6499999999999915
0
LINE
8
L1 (Sig, PWR)
6
CONTINUOUS
10
146.1999999999999886
20
-98.6499999999999915
11
146.1999999999999886
21
-98.75
0
LINE
8
L1 (Sig, PWR)
6
CONTINUOUS
10
146.1999999999999886
20
-98.75
11
146.6999989999999912
21
-98.75
0
LINE
8
L1 (Sig, PWR)
6
CONTINUOUS
10
146.6999989999999912
20
-98.75
11
146.6999989999999912
21
-98.6000279999999947
0
LINE
8
L1 (Sig, PWR)
6
CONTINUOUS
10
146.6999989999999912
20
-98.6000279999999947
11
146.6999979999999937
21
-98.6000129999999899
0
LINE
8
L1 (Sig, PWR)
6
CONTINUOUS
10
146.6999979999999937
20
-98.6000129999999899
11
146.6895049999999969
21
-98.4973019999999906
0
LINE
8
L1 (Sig, PWR)
6
CONTINUOUS
10
146.6895049999999969
20
-98.4973019999999906
11
146.6343579999999918
21
-98.3308799999999934
0
LINE
8
L1 (Sig, PWR)
6
CONTINUOUS
10
146.6343579999999918
20
-98.3308799999999934
11
146.6343559999999968
21
-98.3308749999999918
0
LINE
8
L1 (Sig, PWR)
6
CONTINUOUS
10
146.6343559999999968
20
-98.3308749999999918
11
146.5423150000000021
21
-98.1816539999999947
0
LINE
8
L1 (Sig, PWR)
6
CONTINUOUS
10
146.5423150000000021
20
-98.1816539999999947
11
146.418344999999988
21
-98.0576839999999947
0
LINE
8
L1 (Sig, PWR)
6
CONTINUOUS
10
146.418344999999988
20
-98.0576839999999947
11
146.269124000000005
21
-97.965643
0
LINE
8
L1 (Sig, PWR)
6
CONTINUOUS
10
146.269124000000005
20
-97.965643
11
146.2691209999999842
21
-97.9656420000000026
0
LINE
8
L1 (Sig, PWR)
6
CONTINUOUS
10
146.2691209999999842
20
-97.9656420000000026
11
146.2240259999999807
21
-97.9506990000000002
0
LINE
8
L1 (Sig, PWR)
6
CONTINUOUS
10
146.2240259999999807
20
-97.9506990000000002
11
146.1665820000000053
21
-97.9109259999999892
0
LINE
8
L1 (Sig, PWR)
6
CONTINUOUS
10
146.1665820000000053
20
-97.9109259999999892
11
146.139758999999998
21
-97.8464099999999917
0
LINE
8
L1 (Sig, PWR)
6
CONTINUOUS
10
146.139758999999998
20
-97.8464099999999917
11
146.1520739999999989
21
-97.7776339999999919
0
LINE
8
L1 (Sig, PWR)
6
CONTINUOUS
10
146.1520739999999989
20
-97.7776339999999919
11
146.189393999999993
21
-97.7332249999999902
0
LINE
8
L1 (Sig, PWR)
6
CONTINUOUS
10
146.189393999999993
20
-97.7332249999999902
11
146.2721499999999821
21
-97.672150000000002
0
LINE
8
L1 (Sig, PWR)
6
CONTINUOUS
10
146.2721499999999821
20
-97.672150000000002
11
146.3527929999999913
21
-97.5628820000000019
0
LINE
8
L1 (Sig, PWR)
6
CONTINUOUS
10
146.3527929999999913
20
-97.5628820000000019
11
146.3801059999999836
21
-97.4848259999999982
0
LINE
8
L1 (Sig, PWR)
6
CONTINUOUS
10
146.3801059999999836
20
-97.4848259999999982
11
146.3976459999999804
21
-97.4347009999999898
0
LINE
8
L1 (Sig, PWR)
6
CONTINUOUS
10
146.3976459999999804
20
-97.4347009999999898
11
146.3976459999999804
21
-97.4346989999999948
0
LINE
8
L1 (Sig, PWR)
6
CONTINUOUS
10
146.3976459999999804
20
-97.4346989999999948
11
146.4004999999999939
21
-97.4042689999999993
0
LINE
8
L1 (Sig, PWR)
6
CONTINUOUS
10
146.4004999999999939
20
-97.4042689999999993
11
146.4004999999999939
21
-96.595729999999989
0
LINE
8
L1 (Sig, PWR)
6
CONTINUOUS
10
146.4004999999999939
20
-96.595729999999989
11
146.3976459999999804
21
-96.5653009999999909
0
LINE
8
L1 (Sig, PWR)
6
CONTINUOUS
10
146.3976459999999804
20
-96.5653009999999909
11
146.3907020000000045
21
-96.5454560000000015
0
LINE
8
L1 (Sig, PWR)
6
CONTINUOUS
10
146.3907020000000045
20
-96.5454560000000015
11
146.3871389999999906
21
-96.475678000000002
0
LINE
8
L1 (Sig, PWR)
6
CONTINUOUS
10
146.3871389999999906
20
-96.475678000000002
11
146.4218669999999918
21
-96.4150499999999937
0
LINE
8
L1 (Sig, PWR)
6
CONTINUOUS
10
146.4218669999999918
20
-96.4150499999999937
11
146.4838599999999929
21
-96.3828219999999902
0
LINE
8
L1 (Sig, PWR)
6
CONTINUOUS
10
146.4838599999999929
20
-96.3828219999999902
11
146.5077430000000049
21
-96.3804999999999978
0
LINE
8
L1 (Sig, PWR)
6
CONTINUOUS
10
146.5077430000000049
20
-96.3804999999999978
11
147.4954060000000027
21
-96.3804999999999978
0
LINE
8
L1 (Sig, PWR)
6
CONTINUOUS
10
147.4954060000000027
20
-96.3804999999999978
11
147.5624449999999968
21
-96.4001849999999934
0
LINE
8
L1 (Sig, PWR)
6
CONTINUOUS
10
147.5624449999999968
20
-96.4001849999999934
11
147.6081999999999823
21
-96.4529890000000023
0
LINE
8
L1 (Sig, PWR)
6
CONTINUOUS
10
147.6081999999999823
20
-96.4529890000000023
11
147.6124470000000031
21
-96.4635449999999963
0
LINE
8
L1 (Sig, PWR)
6
CONTINUOUS
10
147.6124470000000031
20
-96.4635449999999963
11
147.6216550000000041
21
-96.4898589999999956
0
LINE
8
L1 (Sig, PWR)
6
CONTINUOUS
10
147.6216550000000041
20
-96.4898589999999956
11
147.6472069999999803
21
-96.5628820000000019
0
LINE
8
L1 (Sig, PWR)
6
CONTINUOUS
10
147.6472069999999803
20
-96.5628820000000019
11
147.7278499999999894
21
-96.672150000000002
0
LINE
8
L1 (Sig, PWR)
6
CONTINUOUS
10
147.7278499999999894
20
-96.672150000000002
11
147.8371180000000038
21
-96.7527929999999969
0
LINE
8
L1 (Sig, PWR)
6
CONTINUOUS
10
147.8371180000000038
20
-96.7527929999999969
11
147.8798449999999889
21
-96.7677439999999933
0
LINE
8
L1 (Sig, PWR)
6
CONTINUOUS
10
147.8798449999999889
20
-96.7677439999999933
11
147.9652989999999875
21
-96.7976460000000003
0
LINE
8
L1 (Sig, PWR)
6
CONTINUOUS
10
147.9652989999999875
20
-96.7976460000000003
11
147.9957299999999805
21
-96.8004999999999995
0
LINE
8
L1 (Sig, PWR)
6
CONTINUOUS
10
147.9957299999999805
20
-96.8004999999999995
11
147.9957339999999988
21
-96.8004999999999995
0
LINE
8
L1 (Sig, PWR)
6
CONTINUOUS
10
147.9957339999999988
20
-96.8004999999999995
11
149.0042699999999911
21
-96.8004999999999995
0
LINE
8
L1 (Sig, PWR)
6
CONTINUOUS
10
149.0042699999999911
20
-96.8004999999999995
11
149.0346989999999892
21
-96.7976460000000003
0
LINE
8
L1 (Sig, PWR)
6
CONTINUOUS
10
149.0346989999999892
20
-96.7976460000000003
11
149.0347009999999841
21
-96.7976460000000003
0
LINE
8
L1 (Sig, PWR)
6
CONTINUOUS
10
149.0347009999999841
20
-96.7976460000000003
11
149.0987899999999797
21
-96.7752189999999928
0
LINE
8
L1 (Sig, PWR)
6
CONTINUOUS
10
149.0987899999999797
20
-96.7752189999999928
11
149.1628819999999962
21
-96.7527929999999969
0
LINE
8
L1 (Sig, PWR)
6
CONTINUOUS
10
149.1628819999999962
20
-96.7527929999999969
11
149.2721499999999821
21
-96.672150000000002
0
LINE
8
L1 (Sig, PWR)
6
CONTINUOUS
10
149.2721499999999821
20
-96.672150000000002
11
149.3527929999999913
21
-96.5628820000000019
0
LINE
8
L1 (Sig, PWR)
6
CONTINUOUS
10
149.3527929999999913
20
-96.5628820000000019
11
149.3783449999999959
21
-96.4898589999999956
0
LINE
8
L1 (Sig, PWR)
6
CONTINUOUS
10
149.3783449999999959
20
-96.4898589999999956
11
149.3805549999999869
21
-96.4835439999999949
0
LINE
8
L1 (Sig, PWR)
6
CONTINUOUS
10
149.3805549999999869
20
-96.4835439999999949
11
149.4212770000000035
21
-96.4267689999999931
0
LINE
8
L1 (Sig, PWR)
6
CONTINUOUS
10
149.4212770000000035
20
-96.4267689999999931
11
149.4862300000000062
21
-96.4010219999999975
0
LINE
8
L1 (Sig, PWR)
6
CONTINUOUS
10
149.4862300000000062
20
-96.4010219999999975
11
149.4975959999999873
21
-96.4004999999999939
0
LINE
8
L1 (Sig, PWR)
6
CONTINUOUS
10
149.4975959999999873
20
-96.4004999999999939
11
151.7827450000000056
21
-96.4004999999999939
0
LINE
8
L1 (Sig, PWR)
6
CONTINUOUS
10
151.7827450000000056
20
-96.4004999999999939
11
151.8497839999999997
21
-96.4201849999999894
0
LINE
8
L1 (Sig, PWR)
6
CONTINUOUS
10
151.8497839999999997
20
-96.4201849999999894
11
151.8704259999999806
21
-96.4368189999999998
0
LINE
8
L1 (Sig, PWR)
6
CONTINUOUS
10
151.8704259999999806
20
-96.4368189999999998
11
152.0293379999999956
21
-96.595729999999989
0
LINE
8
L1 (Sig, PWR)
6
CONTINUOUS
10
152.0293379999999956
20
-96.595729999999989
11
152.1795180000000016
21
-96.745909999999995
0
LINE
8
L1 (Sig, PWR)
6
CONTINUOUS
10
152.1795180000000016
20
-96.745909999999995
11
152.1795199999999966
21
-96.7459130000000016
0
LINE
8
L1 (Sig, PWR)
6
CONTINUOUS
10
152.1795199999999966
20
-96.7459130000000016
11
152.2540869999999984
21
-96.8204799999999892
0
LINE
8
L1 (Sig, PWR)
6
CONTINUOUS
10
152.2540869999999984
20
-96.8204799999999892
11
152.297270999999995
21
-96.8454119999999961
0
LINE
8
L1 (Sig, PWR)
6
CONTINUOUS
10
152.297270999999995
20
-96.8454119999999961
11
152.3454119999999818
21
-96.8732069999999936
0
LINE
8
L1 (Sig, PWR)
6
CONTINUOUS
10
152.3454119999999818
20
-96.8732069999999936
11
152.4472729999999956
21
-96.9004999999999939
0
LINE
8
L1 (Sig, PWR)
6
CONTINUOUS
10
152.4472729999999956
20
-96.9004999999999939
11
152.5527270000000044
21
-96.9004999999999939
0
LINE
8
L1 (Sig, PWR)
6
CONTINUOUS
10
152.5527270000000044
20
-96.9004999999999939
11
154.4059849999999869
21
-96.9004999999999939
0
LINE
8
L1 (Sig, PWR)
6
CONTINUOUS
10
154.4059849999999869
20
-96.9004999999999939
11
154.473023999999981
21
-96.9201849999999894
0
LINE
8
L1 (Sig, PWR)
6
CONTINUOUS
10
154.473023999999981
20
-96.9201849999999894
11
154.518778999999995
21
-96.9729889999999983
0
LINE
8
L1 (Sig, PWR)
6
CONTINUOUS
10
154.518778999999995
20
-96.9729889999999983
11
154.520544000000001
21
-96.9770429999999948
0
LINE
8
L1 (Sig, PWR)
6
CONTINUOUS
10
154.520544000000001
20
-96.9770429999999948
11
154.529057999999992
21
-96.9975960000000015
0
LINE
8
L1 (Sig, PWR)
6
CONTINUOUS
10
154.529057999999992
20
-96.9975960000000015
11
154.5290589999999895
21
-96.997596999999999
0
LINE
8
L1 (Sig, PWR)
6
CONTINUOUS
10
154.5290589999999895
20
-96.997596999999999
11
154.5290619999999819
21
-96.9976039999999955
0
LINE
8
L1 (Sig, PWR)
6
CONTINUOUS
10
154.5290619999999819
20
-96.9976039999999955
11
154.6440220000000068
21
-97.1696549999999917
0
LINE
8
L1 (Sig, PWR)
6
CONTINUOUS
10
154.6440220000000068
20
-97.1696549999999917
11
154.7903419999999812
21
-97.3159749999999946
0
LINE
8
L1 (Sig, PWR)
6
CONTINUOUS
10
154.7903419999999812
20
-97.3159749999999946
11
154.9624049999999897
21
-97.4309429999999992
0
LINE
8
L1 (Sig, PWR)
6
CONTINUOUS
10
154.9624049999999897
20
-97.4309429999999992
11
155.0639139999999827
21
-97.4729889999999983
0
LINE
8
L1 (Sig, PWR)
6
CONTINUOUS
10
155.0639139999999827
20
-97.4729889999999983
11
155.1271079999999927
21
-97.4991639999999933
0
LINE
8
L1 (Sig, PWR)
6
CONTINUOUS
10
155.1271079999999927
20
-97.4991639999999933
11
155.1815110000000004
21
-97.5430049999999937
0
LINE
8
L1 (Sig, PWR)
6
CONTINUOUS
10
155.1815110000000004
20
-97.5430049999999937
11
155.2035759999999982
21
-97.6092989999999929
0
LINE
8
L1 (Sig, PWR)
6
CONTINUOUS
10
155.2035759999999982
20
-97.6092989999999929
11
155.1862969999999962
21
-97.6769979999999975
0
LINE
8
L1 (Sig, PWR)
6
CONTINUOUS
10
155.1862969999999962
20
-97.6769979999999975
11
155.1351599999999848
21
-97.7246090000000009
0
LINE
8
L1 (Sig, PWR)
6
CONTINUOUS
10
155.1351599999999848
20
-97.7246090000000009
11
155.1179740000000038
21
-97.731656000000001
0
LINE
8
L1 (Sig, PWR)
6
CONTINUOUS
10
155.1179740000000038
20
-97.731656000000001
11
154.9417809999999918
21
-97.7889049999999997
0
LINE
8
L1 (Sig, PWR)
6
CONTINUOUS
10
154.9417809999999918
20
-97.7889049999999997
11
154.7524389999999812
21
-97.8853799999999978
0
LINE
8
L1 (Sig, PWR)
6
CONTINUOUS
10
154.7524389999999812
20
-97.8853799999999978
11
154.6982820000000061
21
-97.9247269999999901
0
LINE
8
L1 (Sig, PWR)
6
CONTINUOUS
10
154.6982820000000061
20
-97.9247269999999901
11
154.6982820000000061
21
-97.9247280000000018
0
LINE
8
L1 (Sig, PWR)
6
CONTINUOUS
10
154.6982820000000061
20
-97.9247280000000018
11
155.0625709999999913
21
-98.2890170000000012
0
LINE
8
L1 (Sig, PWR)
6
CONTINUOUS
10
155.0625709999999913
20
-98.2890170000000012
11
155.2132579999999962
21
-98.2266010000000023
0
LINE
8
L1 (Sig, PWR)
6
CONTINUOUS
10
155.2132579999999962
20
-98.2266010000000023
11
155.3766849999999806
21
-98.1940929999999952
0
LINE
8
L1 (Sig, PWR)
6
CONTINUOUS
10
155.3766849999999806
20
-98.1940929999999952
11
155.5433150000000069
21
-98.1940929999999952
0
LINE
8
L1 (Sig, PWR)
6
CONTINUOUS
10
155.5433150000000069
20
-98.1940929999999952
11
155.7067419999999913
21
-98.2266010000000023
0
LINE
8
L1 (Sig, PWR)
6
CONTINUOUS
10
155.7067419999999913
20
-98.2266010000000023
11
155.8574279999999987
21
-98.2890170000000012
0
LINE
8
L1 (Sig, PWR)
6
CONTINUOUS
10
155.8574279999999987
20
-98.2890170000000012
11
156.2217159999999865
21
-97.9247280000000018
0
LINE
8
L1 (Sig, PWR)
6
CONTINUOUS
10
156.2217159999999865
20
-97.9247280000000018
11
156.1675500000000056
21
-97.8853749999999962
0
LINE
8
L1 (Sig, PWR)
6
CONTINUOUS
10
156.1675500000000056
20
-97.8853749999999962
11
155.9782160000000033
21
-97.7889040000000023
0
LINE
8
L1 (Sig, PWR)
6
CONTINUOUS
10
155.9782160000000033
20
-97.7889040000000023
11
155.8020259999999837
21
-97.731656000000001
0
LINE
8
L1 (Sig, PWR)
6
CONTINUOUS
10
155.8020259999999837
20
-97.731656000000001
11
155.7443499999999972
21
-97.6922179999999969
0
LINE
8
L1 (Sig, PWR)
6
CONTINUOUS
10
155.7443499999999972
20
-97.6922179999999969
11
155.7171519999999987
21
-97.6278599999999983
0
LINE
8
L1 (Sig, PWR)
6
CONTINUOUS
10
155.7171519999999987
20
-97.6278599999999983
11
155.7290669999999864
21
-97.5590129999999931
0
LINE
8
L1 (Sig, PWR)
6
CONTINUOUS
10
155.7290669999999864
20
-97.5590129999999931
11
155.7763109999999926
21
-97.5075379999999967
0
LINE
8
L1 (Sig, PWR)
6
CONTINUOUS
10
155.7763109999999926
20
-97.5075379999999967
11
155.7928819999999916
21
-97.4991679999999974
0
LINE
8
L1 (Sig, PWR)
6
CONTINUOUS
10
155.7928819999999916
20
-97.4991679999999974
11
155.9575979999999902
21
-97.43094099999999
0
LINE
8
L1 (Sig, PWR)
6
CONTINUOUS
10
155.9575979999999902
20
-97.43094099999999
11
156.1296549999999854
21
-97.3159769999999895
0
LINE
8
L1 (Sig, PWR)
6
CONTINUOUS
10
156.1296549999999854
20
-97.3159769999999895
11
156.2759769999999833
21
-97.1696549999999917
0
LINE
8
L1 (Sig, PWR)
6
CONTINUOUS
10
156.2759769999999833
20
-97.1696549999999917
11
156.390940999999998
21
-96.9975979999999964
0
LINE
8
L1 (Sig, PWR)
6
CONTINUOUS
10
156.390940999999998
20
-96.9975979999999964
11
156.3994539999999915
21
-96.9770449999999897
0
LINE
8
L1 (Sig, PWR)
6
CONTINUOUS
10
156.3994539999999915
20
-96.9770449999999897
11
156.4432960000000037
21
-96.9226429999999937
0
LINE
8
L1 (Sig, PWR)
6
CONTINUOUS
10
156.4432960000000037
20
-96.9226429999999937
11
156.5095900000000029
21
-96.9005789999999934
0
LINE
8
L1 (Sig, PWR)
6
CONTINUOUS
10
156.5095900000000029
20
-96.9005789999999934
11
156.5140150000000006
21
-96.9004999999999939
0
LINE
8
L1 (Sig, PWR)
6
CONTINUOUS
10
156.5140150000000006
20
-96.9004999999999939
11
156.945984999999979
21
-96.9004999999999939
0
LINE
8
L1 (Sig, PWR)
6
CONTINUOUS
10
156.945984999999979
20
-96.9004999999999939
11
157.0130240000000015
21
-96.9201849999999894
0
LINE
8
L1 (Sig, PWR)
6
CONTINUOUS
10
157.0130240000000015
20
-96.9201849999999894
11
157.058778999999987
21
-96.9729889999999983
0
LINE
8
L1 (Sig, PWR)
6
CONTINUOUS
10
157.058778999999987
20
-96.9729889999999983
11
157.060543999999993
21
-96.9770429999999948
0
LINE
8
L1 (Sig, PWR)
6
CONTINUOUS
10
157.060543999999993
20
-96.9770429999999948
11
157.0690579999999841
21
-96.9975960000000015
0
LINE
8
L1 (Sig, PWR)
6
CONTINUOUS
10
157.0690579999999841
20
-96.9975960000000015
11
157.0690589999999816
21
-96.997596999999999
0
LINE
8
L1 (Sig, PWR)
6
CONTINUOUS
10
157.0690589999999816
20
-96.997596999999999
11
157.0690620000000024
21
-96.9976039999999955
0
LINE
8
L1 (Sig, PWR)
6
CONTINUOUS
10
157.0690620000000024
20
-96.9976039999999955
11
157.1840219999999988
21
-97.1696549999999917
0
LINE
8
L1 (Sig, PWR)
6
CONTINUOUS
10
157.1840219999999988
20
-97.1696549999999917
11
157.3303420000000017
21
-97.3159749999999946
0
LINE
8
L1 (Sig, PWR)
6
CONTINUOUS
10
157.3303420000000017
20
-97.3159749999999946
11
157.5024049999999818
21
-97.4309429999999992
0
LINE
8
L1 (Sig, PWR)
6
CONTINUOUS
10
157.5024049999999818
20
-97.4309429999999992
11
157.6039140000000032
21
-97.4729889999999983
0
LINE
8
L1 (Sig, PWR)
6
CONTINUOUS
10
157.6039140000000032
20
-97.4729889999999983
11
157.6671079999999847
21
-97.4991639999999933
0
LINE
8
L1 (Sig, PWR)
6
CONTINUOUS
10
157.6671079999999847
20
-97.4991639999999933
11
157.7215109999999925
21
-97.5430049999999937
0
LINE
8
L1 (Sig, PWR)
6
CONTINUOUS
10
157.7215109999999925
20
-97.5430049999999937
11
157.7435759999999902
21
-97.6092989999999929
0
LINE
8
L1 (Sig, PWR)
6
CONTINUOUS
10
157.7435759999999902
20
-97.6092989999999929
11
157.7262969999999882
21
-97.6769979999999975
0
LINE
8
L1 (Sig, PWR)
6
CONTINUOUS
10
157.7262969999999882
20
-97.6769979999999975
11
157.6751600000000053
21
-97.7246090000000009
0
LINE
8
L1 (Sig, PWR)
6
CONTINUOUS
10
157.6751600000000053
20
-97.7246090000000009
11
157.6579739999999958
21
-97.731656000000001
0
LINE
8
L1 (Sig, PWR)
6
CONTINUOUS
10
157.6579739999999958
20
-97.731656000000001
11
157.4817809999999838
21
-97.7889049999999997
0
LINE
8
L1 (Sig, PWR)
6
CONTINUOUS
10
157.4817809999999838
20
-97.7889049999999997
11
157.2924390000000017
21
-97.8853799999999978
0
LINE
8
L1 (Sig, PWR)
6
CONTINUOUS
10
157.2924390000000017
20
-97.8853799999999978
11
157.2382819999999981
21
-97.9247269999999901
0
LINE
8
L1 (Sig, PWR)
6
CONTINUOUS
10
157.2382819999999981
20
-97.9247269999999901
11
157.2382819999999981
21
-97.9247280000000018
0
LINE
8
L1 (Sig, PWR)
6
CONTINUOUS
10
157.2382819999999981
20
-97.9247280000000018
11
157.6025709999999833
21
-98.2890170000000012
0
LINE
8
L1 (Sig, PWR)
6
CONTINUOUS
10
157.6025709999999833
20
-98.2890170000000012
11
157.7532579999999882
21
-98.2266010000000023
0
LINE
8
L1 (Sig, PWR)
6
CONTINUOUS
10
157.7532579999999882
20
-98.2266010000000023
11
157.9166850000000011
21
-98.1940929999999952
0
LINE
8
L1 (Sig, PWR)
6
CONTINUOUS
10
157.9166850000000011
20
-98.1940929999999952
11
158.0833149999999989
21
-98.1940929999999952
0
LINE
8
L1 (Sig, PWR)
6
CONTINUOUS
10
158.0833149999999989
20
-98.1940929999999952
11
158.2467419999999834
21
-98.2266010000000023
0
LINE
8
L1 (Sig, PWR)
6
CONTINUOUS
10
158.2467419999999834
20
-98.2266010000000023
11
158.3974279999999908
21
-98.2890170000000012
0
LINE
8
L1 (Sig, PWR)
6
CONTINUOUS
10
158.3974279999999908
20
-98.2890170000000012
11
158.7617160000000069
21
-97.9247280000000018
0
LINE
8
L1 (Sig, PWR)
6
CONTINUOUS
10
158.7617160000000069
20
-97.9247280000000018
11
158.7075499999999977
21
-97.8853749999999962
0
LINE
8
L1 (Sig, PWR)
6
CONTINUOUS
10
158.7075499999999977
20
-97.8853749999999962
11
158.5182159999999953
21
-97.7889040000000023
0
LINE
8
L1 (Sig, PWR)
6
CONTINUOUS
10
158.5182159999999953
20
-97.7889040000000023
11
158.3420260000000042
21
-97.731656000000001
0
LINE
8
L1 (Sig, PWR)
6
CONTINUOUS
10
158.3420260000000042
20
-97.731656000000001
11
158.2843499999999892
21
-97.6922179999999969
0
LINE
8
L1 (Sig, PWR)
6
CONTINUOUS
10
158.2843499999999892
20
-97.6922179999999969
11
158.2571519999999907
21
-97.6278599999999983
0
LINE
8
L1 (Sig, PWR)
6
CONTINUOUS
10
158.2571519999999907
20
-97.6278599999999983
11
158.2690670000000068
21
-97.5590129999999931
0
LINE
8
L1 (Sig, PWR)
6
CONTINUOUS
10
158.2690670000000068
20
-97.5590129999999931
11
158.3163109999999847
21
-97.5075379999999967
0
LINE
8
L1 (Sig, PWR)
6
CONTINUOUS
10
158.3163109999999847
20
-97.5075379999999967
11
158.3328819999999837
21
-97.4991679999999974
0
LINE
8
L1 (Sig, PWR)
6
CONTINUOUS
10
158.3328819999999837
20
-97.4991679999999974
11
158.4975979999999822
21
-97.43094099999999
0
LINE
8
L1 (Sig, PWR)
6
CONTINUOUS
10
158.4975979999999822
20
-97.43094099999999
11
158.6696550000000059
21
-97.3159769999999895
0
LINE
8
L1 (Sig, PWR)
6
CONTINUOUS
10
158.6696550000000059
20
-97.3159769999999895
11
158.8159770000000037
21
-97.1696549999999917
0
LINE
8
L1 (Sig, PWR)
6
CONTINUOUS
10
158.8159770000000037
20
-97.1696549999999917
11
158.93094099999999
21
-96.9975979999999964
0
LINE
8
L1 (Sig, PWR)
6
CONTINUOUS
10
158.93094099999999
20
-96.9975979999999964
11
159.0101300000000037
21
-96.8064199999999886
0
LINE
8
L1 (Sig, PWR)
6
CONTINUOUS
10
159.0101300000000037
20
-96.8064199999999886
11
159.0504999999999995
21
-96.6034649999999999
0
LINE
8
L1 (Sig, PWR)
6
CONTINUOUS
10
159.0504999999999995
20
-96.6034649999999999
11
159.0504999999999995
21
-96.3965350000000001
0
LINE
8
L1 (Sig, PWR)
6
CONTINUOUS
10
159.0504999999999995
20
-96.3965350000000001
11
159.0101300000000037
21
-96.1935799999999972
0
LINE
8
L1 (Sig, PWR)
6
CONTINUOUS
10
159.0101300000000037
20
-96.1935799999999972
11
158.93094099999999
21
-96.0024019999999894
0
LINE
8
L1 (Sig, PWR)
6
CONTINUOUS
10
158.93094099999999
20
-96.0024019999999894
11
158.8159770000000037
21
-95.8303449999999941
0
LINE
8
L1 (Sig, PWR)
6
CONTINUOUS
10
158.8159770000000037
20
-95.8303449999999941
11
158.8159760000000063
21
-95.8303439999999966
0
LINE
8
L1 (Sig, PWR)
6
CONTINUOUS
10
158.8159760000000063
20
-95.8303439999999966
11
158.8159749999999804
21
-95.8303420000000017
0
LINE
8
L1 (Sig, PWR)
6
CONTINUOUS
10
158.8159749999999804
20
-95.8303420000000017
11
158.6696550000000059
21
-95.6840219999999988
0
LINE
8
L1 (Sig, PWR)
6
CONTINUOUS
10
158.6696550000000059
20
-95.6840219999999988
11
158.4976039999999955
21
-95.5690620000000024
0
LINE
8
L1 (Sig, PWR)
6
CONTINUOUS
10
158.4976039999999955
20
-95.5690620000000024
11
158.4975989999999797
21
-95.5690599999999932
0
LINE
8
L1 (Sig, PWR)
6
CONTINUOUS
10
158.4975989999999797
20
-95.5690599999999932
11
158.4975979999999822
21
-95.5690589999999958
0
LINE
8
L1 (Sig, PWR)
6
CONTINUOUS
10
158.4975979999999822
20
-95.5690589999999958
11
158.4770450000000039
21
-95.5605449999999905
0
LINE
8
L1 (Sig, PWR)
6
CONTINUOUS
10
158.4770450000000039
20
-95.5605449999999905
11
158.4226429999999937
21
-95.5167039999999901
0
LINE
8
L1 (Sig, PWR)
6
CONTINUOUS
10
158.4226429999999937
20
-95.5167039999999901
11
158.4005789999999934
21
-95.4504099999999909
0
LINE
8
L1 (Sig, PWR)
6
CONTINUOUS
10
158.4005789999999934
20
-95.4504099999999909
11
158.4004999999999939
21
-95.4459849999999932
0
LINE
8
L1 (Sig, PWR)
6
CONTINUOUS
10
158.4004999999999939
20
-95.4459849999999932
11
158.4004999999999939
21
-95.0140139999999889
0
LINE
8
L1 (Sig, PWR)
6
CONTINUOUS
10
158.4004999999999939
20
-95.0140139999999889
11
158.4201850000000036
21
-94.9469749999999948
0
LINE
8
L1 (Sig, PWR)
6
CONTINUOUS
10
158.4201850000000036
20
-94.9469749999999948
11
158.4729889999999841
21
-94.901219999999995
0
LINE
8
L1 (Sig, PWR)
6
CONTINUOUS
10
158.4729889999999841
20
-94.901219999999995
11
158.4770479999999964
21
-94.8994529999999941
0
LINE
8
L1 (Sig, PWR)
6
CONTINUOUS
10
158.4770479999999964
20
-94.8994529999999941
11
158.4975979999999822
21
-94.890940999999998
0
LINE
8
L1 (Sig, PWR)
6
CONTINUOUS
10
158.4975979999999822
20
-94.890940999999998
11
158.6696550000000059
21
-94.7759769999999975
0
LINE
8
L1 (Sig, PWR)
6
CONTINUOUS
10
158.6696550000000059
20
-94.7759769999999975
11
158.8159770000000037
21
-94.6296549999999996
0
LINE
8
L1 (Sig, PWR)
6
CONTINUOUS
10
158.8159770000000037
20
-94.6296549999999996
11
158.93094099999999
21
-94.4575979999999902
0
LINE
8
L1 (Sig, PWR)
6
CONTINUOUS
10
158.93094099999999
20
-94.4575979999999902
11
159.0101300000000037
21
-94.2664199999999965
0
LINE
8
L1 (Sig, PWR)
6
CONTINUOUS
10
159.0101300000000037
20
-94.2664199999999965
11
159.0504999999999995
21
-94.0634649999999937
0
LINE
8
L1 (Sig, PWR)
6
CONTINUOUS
10
159.0504999999999995
20
-94.0634649999999937
11
159.0504999999999995
21
-93.8565349999999938
0
LINE
8
L1 (Sig, PWR)
6
CONTINUOUS
10
159.0504999999999995
20
-93.8565349999999938
11
159.0101300000000037
21
-93.6535799999999909
0
LINE
8
L1 (Sig, PWR)
6
CONTINUOUS
10
159.0101300000000037
20
-93.6535799999999909
11
158.93094099999999
21
-93.4624019999999973
0
LINE
8
L1 (Sig, PWR)
6
CONTINUOUS
10
158.93094099999999
20
-93.4624019999999973
11
158.8159770000000037
21
-93.2903450000000021
0
LINE
8
L1 (Sig, PWR)
6
CONTINUOUS
10
158.8159770000000037
20
-93.2903450000000021
11
158.8159760000000063
21
-93.2903439999999904
0
LINE
8
L1 (Sig, PWR)
6
CONTINUOUS
10
158.8159760000000063
20
-93.2903439999999904
11
158.8159749999999804
21
-93.2903419999999954
0
LINE
8
L1 (Sig, PWR)
6
CONTINUOUS
10
158.8159749999999804
20
-93.2903419999999954
11
158.6696570000000008
21
-93.1440240000000017
0
LINE
8
L1 (Sig, PWR)
6
CONTINUOUS
10
158.6696570000000008
20
-93.1440240000000017
11
158.5836259999999811
21
-93.0865409999999969
0
LINE
8
L1 (Sig, PWR)
6
CONTINUOUS
10
158.5836259999999811
20
-93.0865409999999969
11
158.4975979999999822
21
-93.0290589999999895
0
LINE
8
L1 (Sig, PWR)
6
CONTINUOUS
10
158.4975979999999822
20
-93.0290589999999895
11
158.4381309999999985
21
-93.0044269999999926
0
LINE
8
L1 (Sig, PWR)
6
CONTINUOUS
10
158.4381309999999985
20
-93.0044269999999926
11
158.3064200000000028
21
-92.94986999999999
0
LINE
8
L1 (Sig, PWR)
6
CONTINUOUS
10
158.3064200000000028
20
-92.94986999999999
11
158.3064119999999946
21
-92.949867999999995
0
LINE
8
L1 (Sig, PWR)
6
CONTINUOUS
10
158.3064119999999946
20
-92.949867999999995
11
158.1034689999999898
21
-92.9094999999999942
0
LINE
8
L1 (Sig, PWR)
6
CONTINUOUS
10
158.1034689999999898
20
-92.9094999999999942
11
158.1034649999999999
21
-92.9094999999999942
0
LINE
8
L1 (Sig, PWR)
6
CONTINUOUS
10
158.1034649999999999
20
-92.9094999999999942
11
157.8965350000000001
21
-92.9094999999999942
0
LINE
8
L1 (Sig, PWR)
6
CONTINUOUS
10
157.8965350000000001
20
-92.9094999999999942
11
157.8965299999999843
21
-92.9094999999999942
0
LINE
8
L1 (Sig, PWR)
6
CONTINUOUS
10
157.8965299999999843
20
-92.9094999999999942
11
157.6935869999999795
21
-92.949867999999995
0
LINE
8
L1 (Sig, PWR)
6
CONTINUOUS
10
157.6935869999999795
20
-92.949867999999995
11
157.6935789999999997
21
-92.94986999999999
0
LINE
8
L1 (Sig, PWR)
6
CONTINUOUS
10
157.6935789999999997
20
-92.94986999999999
11
157.5024029999999868
21
-93.029057999999992
0
LINE
8
L1 (Sig, PWR)
6
CONTINUOUS
10
157.5024029999999868
20
-93.029057999999992
11
157.3303420000000017
21
-93.1440240000000017
0
LINE
8
L1 (Sig, PWR)
6
CONTINUOUS
10
157.3303420000000017
20
-93.1440240000000017
11
157.1840219999999988
21
-93.2903439999999904
0
LINE
8
L1 (Sig, PWR)
6
CONTINUOUS
10
157.1840219999999988
20
-93.2903439999999904
11
157.0690620000000024
21
-93.4623950000000008
0
LINE
8
L1 (Sig, PWR)
6
CONTINUOUS
10
157.0690620000000024
20
-93.4623950000000008
11
157.0690589999999816
21
-93.4624019999999973
0
LINE
8
L1 (Sig, PWR)
6
CONTINUOUS
10
157.0690589999999816
20
-93.4624019999999973
11
157.060545999999988
21
-93.4829539999999923
0
LINE
8
L1 (Sig, PWR)
6
CONTINUOUS
10
157.060545999999988
20
-93.4829539999999923
11
157.0167040000000043
21
-93.5373570000000001
0
LINE
8
L1 (Sig, PWR)
6
CONTINUOUS
10
157.0167040000000043
20
-93.5373570000000001
11
156.9504100000000051
21
-93.5594210000000004
0
LINE
8
L1 (Sig, PWR)
6
CONTINUOUS
10
156.9504100000000051
20
-93.5594210000000004
11
156.945984999999979
21
-93.5594999999999999
0
LINE
8
L1 (Sig, PWR)
6
CONTINUOUS
10
156.945984999999979
20
-93.5594999999999999
11
156.6345000000000027
21
-93.5594999999999999
0
LINE
8
L1 (Sig, PWR)
6
CONTINUOUS
10
156.6345000000000027
20
-93.5594999999999999
11
156.5674609999999802
21
-93.5398149999999902
0
LINE
8
L1 (Sig, PWR)
6
CONTINUOUS
10
156.5674609999999802
20
-93.5398149999999902
11
156.5217059999999947
21
-93.4870109999999954
0
LINE
8
L1 (Sig, PWR)
6
CONTINUOUS
10
156.5217059999999947
20
-93.4870109999999954
11
156.5104999999999791
21
-93.4354999999999905
0
LINE
8
L1 (Sig, PWR)
6
CONTINUOUS
10
156.5104999999999791
20
-93.4354999999999905
11
156.5104999999999791
21
-93.090249
0
LINE
8
L1 (Sig, PWR)
6
CONTINUOUS
10
156.5104999999999791
20
-93.090249
11
156.5104989999999816
21
-93.0902469999999909
0
LINE
8
L1 (Sig, PWR)
6
CONTINUOUS
10
156.5104989999999816
20
-93.0902469999999909
11
156.4988679999999874
21
-93.0317699999999945
0
LINE
8
L1 (Sig, PWR)
6
CONTINUOUS
10
156.4988679999999874
20
-93.0317699999999945
11
156.49886699999999
21
-93.031768999999997
0
LINE
8
L1 (Sig, PWR)
6
CONTINUOUS
10
156.49886699999999
20
-93.031768999999997
11
156.4545520000000067
21
-92.9654469999999975
0
LINE
8
L1 (Sig, PWR)
6
CONTINUOUS
10
156.4545520000000067
20
-92.9654469999999975
11
156.388229999999993
21
-92.9211320000000001
0
LINE
8
L1 (Sig, PWR)
6
CONTINUOUS
10
156.388229999999993
20
-92.9211320000000001
11
156.3882289999999955
21
-92.9211310000000026
0
LINE
8
L1 (Sig, PWR)
6
CONTINUOUS
10
156.3882289999999955
20
-92.9211310000000026
11
156.3297519999999849
21
-92.9094999999999942
0
LINE
8
L1 (Sig, PWR)
6
CONTINUOUS
10
156.3297519999999849
20
-92.9094999999999942
11
156.329747999999995
21
-92.9094999999999942
0
LINE
8
L1 (Sig, PWR)
6
CONTINUOUS
10
156.329747999999995
20
-92.9094999999999942
11
154.5902519999999924
21
-92.9094999999999942
0
LINE
8
L1 (Sig, PWR)
6
CONTINUOUS
10
154.5902519999999924
20
-92.9094999999999942
11
154.5902470000000051
21
-92.9094999999999942
0
LINE
8
L1 (Sig, PWR)
6
CONTINUOUS
10
154.5902470000000051
20
-92.9094999999999942
11
154.5317699999999945
21
-92.9211310000000026
0
LINE
8
L1 (Sig, PWR)
6
CONTINUOUS
10
156.2109810000000039
20
-98.6425689999999946
11
156.2733989999999835
21
-98.7932579999999945
0
LINE
8
L1 (Sig, PWR)
6
CONTINUOUS
10
156.2733989999999835
20
-98.7932579999999945
11
156.3059069999999906
21
-98.9566849999999931
0
LINE
8
L1 (Sig, PWR)
6
CONTINUOUS
10
156.3059069999999906
20
-98.9566849999999931
11
156.3059069999999906
21
-99.123314999999991
0
LINE
8
L1 (Sig, PWR)
6
CONTINUOUS
10
156.3059069999999906
20
-99.123314999999991
11
156.2733989999999835
21
-99.2867419999999896
0
LINE
8
L1 (Sig, PWR)
6
CONTINUOUS
10
156.2733989999999835
20
-99.2867419999999896
11
156.2109820000000013
21
-99.437427999999997
0
LINE
8
L1 (Sig, PWR)
6
CONTINUOUS
10
156.2109820000000013
20
-99.437427999999997
11
156.5752699999999891
21
-99.8017169999999965
0
LINE
8
L1 (Sig, PWR)
6
CONTINUOUS
10
156.5752699999999891
20
-99.8017169999999965
11
156.5752699999999891
21
-99.801715999999999
0
LINE
8
L1 (Sig, PWR)
6
CONTINUOUS
10
156.5752699999999891
20
-99.801715999999999
11
156.6146219999999971
21
-99.7475539999999938
0
LINE
8
L1 (Sig, PWR)
6
CONTINUOUS
10
156.6146219999999971
20
-99.7475539999999938
11
156.619513999999981
21
-99.737954000000002
0
LINE
8
L1 (Sig, PWR)
6
CONTINUOUS
10
156.619513999999981
20
-99.737954000000002
11
156.6674879999999916
21
-99.6871569999999991
0
LINE
8
L1 (Sig, PWR)
6
CONTINUOUS
10
156.6674879999999916
20
-99.6871569999999991
11
156.7353080000000034
21
-99.6703609999999998
0
LINE
8
L1 (Sig, PWR)
6
CONTINUOUS
10
156.7353080000000034
20
-99.6703609999999998
11
156.8014440000000036
21
-99.6928970000000021
0
LINE
8
L1 (Sig, PWR)
6
CONTINUOUS
10
156.8014440000000036
20
-99.6928970000000021
11
156.8404859999999985
21
-99.737954000000002
0
LINE
8
L1 (Sig, PWR)
6
CONTINUOUS
10
156.8404859999999985
20
-99.737954000000002
11
156.84537499999999
21
-99.7475499999999897
0
LINE
8
L1 (Sig, PWR)
6
CONTINUOUS
10
156.84537499999999
20
-99.7475499999999897
11
156.8847279999999955
21
-99.801715999999999
0
LINE
8
L1 (Sig, PWR)
6
CONTINUOUS
10
156.8847279999999955
20
-99.801715999999999
11
157.2490159999999833
21
-99.4374269999999996
0
LINE
8
L1 (Sig, PWR)
6
CONTINUOUS
10
157.2490159999999833
20
-99.4374269999999996
11
157.186600999999996
21
-99.2867419999999896
0
LINE
8
L1 (Sig, PWR)
6
CONTINUOUS
10
157.186600999999996
20
-99.2867419999999896
11
157.1540929999999889
21
-99.123314999999991
0
LINE
8
L1 (Sig, PWR)
6
CONTINUOUS
10
157.1540929999999889
20
-99.123314999999991
11
157.1540929999999889
21
-98.9566849999999931
0
LINE
8
L1 (Sig, PWR)
6
CONTINUOUS
10
157.1540929999999889
20
-98.9566849999999931
11
157.186600999999996
21
-98.7932579999999945
0
LINE
8
L1 (Sig, PWR)
6
CONTINUOUS
10
157.186600999999996
20
-98.7932579999999945
11
157.2490169999999807
21
-98.6425709999999896
0
LINE
8
L1 (Sig, PWR)
6
CONTINUOUS
10
157.2490169999999807
20
-98.6425709999999896
11
156.8847279999999955
21
-98.2782819999999901
0
LINE
8
L1 (Sig, PWR)
6
CONTINUOUS
10
156.8847279999999955
20
-98.2782819999999901
11
156.884726999999998
21
-98.2782819999999901
0
LINE
8
L1 (Sig, PWR)
6
CONTINUOUS
10
156.884726999999998
20
-98.2782819999999901
11
156.8453800000000058
21
-98.3324399999999912
0
LINE
8
L1 (Sig, PWR)
6
CONTINUOUS
10
156.8453800000000058
20
-98.3324399999999912
11
156.8404830000000061
21
-98.3420509999999979
0
LINE
8
L1 (Sig, PWR)
6
CONTINUOUS
10
156.8404830000000061
20
-98.3420509999999979
11
156.792506000000003
21
-98.3928449999999941
0
LINE
8
L1 (Sig, PWR)
6
CONTINUOUS
10
156.792506000000003
20
-98.3928449999999941
11
156.7246839999999963
21
-98.4096380000000011
0
LINE
8
L1 (Sig, PWR)
6
CONTINUOUS
10
156.7246839999999963
20
-98.4096380000000011
11
156.6585499999999911
21
-98.3870979999999946
0
LINE
8
L1 (Sig, PWR)
6
CONTINUOUS
10
156.6585499999999911
20
-98.3870979999999946
11
156.6195160000000044
21
-98.3420479999999912
0
LINE
8
L1 (Sig, PWR)
6
CONTINUOUS
10
156.6195160000000044
20
-98.3420479999999912
11
156.614625999999987
21
-98.3324519999999893
0
LINE
8
L1 (Sig, PWR)
6
CONTINUOUS
10
156.614625999999987
20
-98.3324519999999893
11
156.5752699999999891
21
-98.2782819999999901
0
LINE
8
L1 (Sig, PWR)
6
CONTINUOUS
10
156.5752699999999891
20
-98.2782819999999901
11
156.5752689999999916
21
-98.2782819999999901
0
LINE
8
L1 (Sig, PWR)
6
CONTINUOUS
10
156.5752689999999916
20
-98.2782819999999901
11
156.2109810000000039
21
-98.6425689999999946
0
LINE
8
L1 (Sig, PWR)
6
CONTINUOUS
10
158.7509809999999959
20
-98.6425689999999946
11
158.813399000000004
21
-98.7932579999999945
0
LINE
8
L1 (Sig, PWR)
6
CONTINUOUS
10
158.813399000000004
20
-98.7932579999999945
11
158.8459069999999826
21
-98.9566849999999931
0
LINE
8
L1 (Sig, PWR)
6
CONTINUOUS
10
158.8459069999999826
20
-98.9566849999999931
11
158.8459069999999826
21
-99.123314999999991
0
LINE
8
L1 (Sig, PWR)
6
CONTINUOUS
10
158.8459069999999826
20
-99.123314999999991
11
158.813399000000004
21
-99.2867419999999896
0
LINE
8
L1 (Sig, PWR)
6
CONTINUOUS
10
158.813399000000004
20
-99.2867419999999896
11
158.7509819999999934
21
-99.437427999999997
0
LINE
8
L1 (Sig, PWR)
6
CONTINUOUS
10
158.7509819999999934
20
-99.437427999999997
11
159.1152699999999811
21
-99.8017169999999965
0
LINE
8
L1 (Sig, PWR)
6
CONTINUOUS
10
159.1152699999999811
20
-99.8017169999999965
11
159.1152699999999811
21
-99.801715999999999
0
LINE
8
L1 (Sig, PWR)
6
CONTINUOUS
10
159.1152699999999811
20
-99.801715999999999
11
159.1546219999999892
21
-99.7475539999999938
0
LINE
8
L1 (Sig, PWR)
6
CONTINUOUS
10
159.1546219999999892
20
-99.7475539999999938
11
159.2510949999999923
21
-99.5582169999999991
0
LINE
8
L1 (Sig, PWR)
6
CONTINUOUS
10
159.2510949999999923
20
-99.5582169999999991
11
159.3167569999999955
21
-99.3561299999999932
0
LINE
8
L1 (Sig, PWR)
6
CONTINUOUS
10
159.3167569999999955
20
-99.3561299999999932
11
159.3167569999999955
21
-99.3561270000000007
0
LINE
8
L1 (Sig, PWR)
6
CONTINUOUS
10
159.3167569999999955
20
-99.3561270000000007
11
159.3499999999999943
21
-99.1462459999999908
0
LINE
8
L1 (Sig, PWR)
6
CONTINUOUS
10
159.3499999999999943
20
-99.1462459999999908
11
159.3499999999999943
21
-98.9337529999999958
0
LINE
8
L1 (Sig, PWR)
6
CONTINUOUS
10
159.3499999999999943
20
-98.9337529999999958
11
159.3167569999999955
21
-98.7238720000000001
0
LINE
8
L1 (Sig, PWR)
6
CONTINUOUS
10
159.3167569999999955
20
-98.7238720000000001
11
159.3167569999999955
21
-98.7238689999999934
0
LINE
8
L1 (Sig, PWR)
6
CONTINUOUS
10
159.3167569999999955
20
-98.7238689999999934
11
159.2510949999999923
21
-98.5217820000000017
0
LINE
8
L1 (Sig, PWR)
6
CONTINUOUS
10
159.2510949999999923
20
-98.5217820000000017
11
159.1546239999999841
21
-98.3324489999999969
0
LINE
8
L1 (Sig, PWR)
6
CONTINUOUS
10
159.1546239999999841
20
-98.3324489999999969
11
159.1152699999999811
21
-98.2782819999999901
0
LINE
8
L1 (Sig, PWR)
6
CONTINUOUS
10
159.1152699999999811
20
-98.2782819999999901
11
159.1152689999999836
21
-98.2782819999999901
0
LINE
8
L1 (Sig, PWR)
6
CONTINUOUS
10
159.1152689999999836
20
-98.2782819999999901
11
158.7509809999999959
21
-98.6425689999999946
0
LINE
8
L1 (Sig, PWR)
6
CONTINUOUS
10
154.3053799999999853
20
-98.3324389999999937
11
154.2089039999999898
21
-98.5217820000000017
0
LINE
8
L1 (Sig, PWR)
6
CONTINUOUS
10
154.2089039999999898
20
-98.5217820000000017
11
154.1432419999999865
21
-98.7238689999999934
0
LINE
8
L1 (Sig, PWR)
6
CONTINUOUS
10
154.1432419999999865
20
-98.7238689999999934
11
154.1432419999999865
21
-98.7238720000000001
0
LINE
8
L1 (Sig, PWR)
6
CONTINUOUS
10
154.1432419999999865
20
-98.7238720000000001
11
154.1099999999999852
21
-98.9337529999999958
0
LINE
8
L1 (Sig, PWR)
6
CONTINUOUS
10
154.1099999999999852
20
-98.9337529999999958
11
154.1099999999999852
21
-99.1462459999999908
0
LINE
8
L1 (Sig, PWR)
6
CONTINUOUS
10
154.1099999999999852
20
-99.1462459999999908
11
154.1432419999999865
21
-99.3561270000000007
0
LINE
8
L1 (Sig, PWR)
6
CONTINUOUS
10
154.1432419999999865
20
-99.3561270000000007
11
154.1432419999999865
21
-99.3561299999999932
0
LINE
8
L1 (Sig, PWR)
6
CONTINUOUS
10
154.1432419999999865
20
-99.3561299999999932
11
154.2089039999999898
21
-99.5582169999999991
0
LINE
8
L1 (Sig, PWR)
6
CONTINUOUS
10
154.2089039999999898
20
-99.5582169999999991
11
154.305374999999998
21
-99.7475499999999897
0
LINE
8
L1 (Sig, PWR)
6
CONTINUOUS
10
154.305374999999998
20
-99.7475499999999897
11
154.3447280000000035
21
-99.801715999999999
0
LINE
8
L1 (Sig, PWR)
6
CONTINUOUS
10
154.3447280000000035
20
-99.801715999999999
11
154.7090159999999912
21
-99.4374269999999996
0
LINE
8
L1 (Sig, PWR)
6
CONTINUOUS
10
154.7090159999999912
20
-99.4374269999999996
11
154.646601000000004
21
-99.2867419999999896
0
LINE
8
L1 (Sig, PWR)
6
CONTINUOUS
10
154.646601000000004
20
-99.2867419999999896
11
154.6140929999999969
21
-99.123314999999991
0
LINE
8
L1 (Sig, PWR)
6
CONTINUOUS
10
154.6140929999999969
20
-99.123314999999991
11
154.6140929999999969
21
-98.9566849999999931
0
LINE
8
L1 (Sig, PWR)
6
CONTINUOUS
10
154.6140929999999969
20
-98.9566849999999931
11
154.646601000000004
21
-98.7932579999999945
0
LINE
8
L1 (Sig, PWR)
6
CONTINUOUS
10
154.646601000000004
20
-98.7932579999999945
11
154.7090169999999887
21
-98.6425709999999896
0
LINE
8
L1 (Sig, PWR)
6
CONTINUOUS
10
154.7090169999999887
20
-98.6425709999999896
11
154.3447280000000035
21
-98.2782819999999901
0
LINE
8
L1 (Sig, PWR)
6
CONTINUOUS
10
154.3447280000000035
20
-98.2782819999999901
11
154.344727000000006
21
-98.2782819999999901
0
LINE
8
L1 (Sig, PWR)
6
CONTINUOUS
10
154.344727000000006
20
-98.2782819999999901
11
154.3053799999999853
21
-98.3324389999999937
0
LINE
8
L1 (Sig, PWR)
6
CONTINUOUS
10
136.7363440000000026
20
-93.5148190000000028
11
136.6348189999999931
21
-93.616343999999998
0
LINE
8
L1 (Sig, PWR)
6
CONTINUOUS
10
136.6348189999999931
20
-93.616343999999998
11
136.5104759999999828
21
-93.6881339999999909
0
LINE
8
L1 (Sig, PWR)
6
CONTINUOUS
10
136.5104759999999828
20
-93.6881339999999909
11
136.3717890000000068
21
-93.7252950000000027
0
LINE
8
L1 (Sig, PWR)
6
CONTINUOUS
10
136.3717890000000068
20
-93.7252950000000027
11
136.2999999999999829
21
-93.7299999999999898
0
LINE
8
L1 (Sig, PWR)
6
CONTINUOUS
10
136.2999999999999829
20
-93.7299999999999898
11
136.2800000000000011
21
-93.7299999999999898
0
LINE
8
L1 (Sig, PWR)
6
CONTINUOUS
10
136.2800000000000011
20
-93.7299999999999898
11
136.2800000000000011
21
-93.7477179999999919
0
LINE
8
L1 (Sig, PWR)
6
CONTINUOUS
10
136.2800000000000011
20
-93.7477179999999919
11
136.3187939999999969
21
-93.7924889999999891
0
LINE
8
L1 (Sig, PWR)
6
CONTINUOUS
10
136.3187939999999969
20
-93.7924889999999891
11
136.3299999999999841
21
-93.8439999999999941
0
LINE
8
L1 (Sig, PWR)
6
CONTINUOUS
10
136.3299999999999841
20
-93.8439999999999941
11
136.3299999999999841
21
-94.3499999999999943
0
LINE
8
L1 (Sig, PWR)
6
CONTINUOUS
10
136.3299999999999841
20
-94.3499999999999943
11
136.4799999999999898
21
-94.3499999999999943
0
LINE
8
L1 (Sig, PWR)
6
CONTINUOUS
10
136.4799999999999898
20
-94.3499999999999943
11
136.5565369999999916
21
-94.3652239999999978
0
LINE
8
L1 (Sig, PWR)
6
CONTINUOUS
10
136.5565369999999916
20
-94.3652239999999978
11
136.621420999999998
21
-94.4085789999999889
0
LINE
8
L1 (Sig, PWR)
6
CONTINUOUS
10
136.621420999999998
20
-94.4085789999999889
11
136.6647759999999892
21
-94.4734629999999953
0
LINE
8
L1 (Sig, PWR)
6
CONTINUOUS
10
136.6647759999999892
20
-94.4734629999999953
11
136.6700539999999933
21
-94.5
0
LINE
8
L1 (Sig, PWR)
6
CONTINUOUS
10
136.6700539999999933
20
-94.5
11
137.1799989999999809
21
-94.5
0
LINE
8
L1 (Sig, PWR)
6
CONTINUOUS
10
137.1799989999999809
20
-94.5
11
137.1799989999999809
21
-94.4934169999999938
0
LINE
8
L1 (Sig, PWR)
6
CONTINUOUS
10
137.1799989999999809
20
-94.4934169999999938
11
137.1735909999999876
21
-94.4228969999999919
0
LINE
8
L1 (Sig, PWR)
6
CONTINUOUS
10
137.1735909999999876
20
-94.4228969999999919
11
137.1735899999999901
21
-94.4228919999999903
0
LINE
8
L1 (Sig, PWR)
6
CONTINUOUS
10
137.1735899999999901
20
-94.4228919999999903
11
137.1230180000000018
21
-94.260602999999989
0
LINE
8
L1 (Sig, PWR)
6
CONTINUOUS
10
137.1230180000000018
20
-94.260602999999989
11
137.0350719999999853
21
-94.1151219999999995
0
LINE
8
L1 (Sig, PWR)
6
CONTINUOUS
10
137.0350719999999853
20
-94.1151219999999995
11
137.0301179999999874
21
-94.1101680000000016
0
LINE
8
L1 (Sig, PWR)
6
CONTINUOUS
10
137.0301179999999874
20
-94.1101680000000016
11
136.9966330000000028
21
-94.048845
0
LINE
8
L1 (Sig, PWR)
6
CONTINUOUS
10
136.9966330000000028
20
-94.048845
11
137.0016169999999818
21
-93.9791529999999966
0
LINE
8
L1 (Sig, PWR)
6
CONTINUOUS
10
137.0016169999999818
20
-93.9791529999999966
11
137.0301189999999849
21
-93.9348049999999972
0
LINE
8
L1 (Sig, PWR)
6
CONTINUOUS
10
137.0301189999999849
20
-93.9348049999999972
11
137.1155860000000075
21
-93.8493390000000005
0
LINE
8
L1 (Sig, PWR)
6
CONTINUOUS
10
137.1155860000000075
20
-93.8493390000000005
11
137.1155889999999999
21
-93.8493349999999964
0
LINE
8
L1 (Sig, PWR)
6
CONTINUOUS
10
137.1155889999999999
20
-93.8493349999999964
11
137.2304939999999931
21
-93.6773680000000013
0
LINE
8
L1 (Sig, PWR)
6
CONTINUOUS
10
137.2304939999999931
20
-93.6773680000000013
11
137.2304989999999805
21
-93.6773579999999981
0
LINE
8
L1 (Sig, PWR)
6
CONTINUOUS
10
137.2304989999999805
20
-93.6773579999999981
11
137.3096479999999815
21
-93.4862759999999895
0
LINE
8
L1 (Sig, PWR)
6
CONTINUOUS
10
137.3096479999999815
20
-93.4862759999999895
11
137.3096490000000074
21
-93.4862739999999945
0
LINE
8
L1 (Sig, PWR)
6
CONTINUOUS
10
137.3096490000000074
20
-93.4862739999999945
11
137.3208429999999964
21
-93.4299999999999926
0
LINE
8
L1 (Sig, PWR)
6
CONTINUOUS
10
137.3208429999999964
20
-93.4299999999999926
11
136.7853149999999971
21
-93.4299999999999926
0
LINE
8
L1 (Sig, PWR)
6
CONTINUOUS
10
136.7853149999999971
20
-93.4299999999999926
11
136.7363440000000026
21
-93.5148190000000028
0
LINE
8
L1 (Sig, PWR)
6
CONTINUOUS
10
134.6791570000000036
20
-93.4299999999999926
11
134.6903499999999951
21
-93.4862739999999945
0
LINE
8
L1 (Sig, PWR)
6
CONTINUOUS
10
134.6903499999999951
20
-93.4862739999999945
11
134.6903509999999926
21
-93.4862759999999895
0
LINE
8
L1 (Sig, PWR)
6
CONTINUOUS
10
134.6903509999999926
20
-93.4862759999999895
11
134.7694999999999936
21
-93.6773579999999981
0
LINE
8
L1 (Sig, PWR)
6
CONTINUOUS
10
134.7694999999999936
20
-93.6773579999999981
11
134.769504999999981
21
-93.6773680000000013
0
LINE
8
L1 (Sig, PWR)
6
CONTINUOUS
10
134.769504999999981
20
-93.6773680000000013
11
134.8844100000000026
21
-93.8493349999999964
0
LINE
8
L1 (Sig, PWR)
6
CONTINUOUS
10
134.8844100000000026
20
-93.8493349999999964
11
134.884412999999995
21
-93.8493390000000005
0
LINE
8
L1 (Sig, PWR)
6
CONTINUOUS
10
134.884412999999995
20
-93.8493390000000005
11
135.0306589999999858
21
-93.9955849999999913
0
LINE
8
L1 (Sig, PWR)
6
CONTINUOUS
10
135.0306589999999858
20
-93.9955849999999913
11
135.0507409999999879
21
-94.0090029999999928
0
LINE
8
L1 (Sig, PWR)
6
CONTINUOUS
10
135.0507409999999879
20
-94.0090029999999928
11
135.0955469999999821
21
-94.0626149999999939
0
LINE
8
L1 (Sig, PWR)
6
CONTINUOUS
10
135.0955469999999821
20
-94.0626149999999939
11
135.1042559999999924
21
-94.1319400000000002
0
LINE
8
L1 (Sig, PWR)
6
CONTINUOUS
10
135.1042559999999924
20
-94.1319400000000002
11
135.0879689999999869
21
-94.1762559999999951
0
LINE
8
L1 (Sig, PWR)
6
CONTINUOUS
10
135.0879689999999869
20
-94.1762559999999951
11
135.0369819999999947
21
-94.2605989999999991
0
LINE
8
L1 (Sig, PWR)
6
CONTINUOUS
10
135.0369819999999947
20
-94.2605989999999991
11
135.0369799999999998
21
-94.260602999999989
0
LINE
8
L1 (Sig, PWR)
6
CONTINUOUS
10
135.0369799999999998
20
-94.260602999999989
11
134.9864089999999806
21
-94.422893000000002
0
LINE
8
L1 (Sig, PWR)
6
CONTINUOUS
10
134.9864089999999806
20
-94.422893000000002
11
134.9799999999999898
21
-94.493426999999997
0
LINE
8
L1 (Sig, PWR)
6
CONTINUOUS
10
134.9799999999999898
20
-94.493426999999997
11
134.9799999999999898
21
-94.5
0
LINE
8
L1 (Sig, PWR)
6
CONTINUOUS
10
134.9799999999999898
20
-94.5
11
135.4899460000000033
21
-94.5
0
LINE
8
L1 (Sig, PWR)
6
CONTINUOUS
10
135.4899460000000033
20
-94.5
11
135.4952240000000074
21
-94.4734629999999953
0
LINE
8
L1 (Sig, PWR)
6
CONTINUOUS
10
135.4952240000000074
20
-94.4734629999999953
11
135.5385789999999986
21
-94.4085789999999889
0
LINE
8
L1 (Sig, PWR)
6
CONTINUOUS
10
135.5385789999999986
20
-94.4085789999999889
11
135.603463000000005
21
-94.3652239999999978
0
LINE
8
L1 (Sig, PWR)
6
CONTINUOUS
10
135.603463000000005
20
-94.3652239999999978
11
135.6800000000000068
21
-94.3499999999999943
0
LINE
8
L1 (Sig, PWR)
6
CONTINUOUS
10
135.6800000000000068
20
-94.3499999999999943
11
135.8199999999999932
21
-94.3499999999999943
0
LINE
8
L1 (Sig, PWR)
6
CONTINUOUS
10
135.8199999999999932
20
-94.3499999999999943
11
135.8117090000000076
21
-94.3417089999999945
0
LINE
8
L1 (Sig, PWR)
6
CONTINUOUS
10
135.8117090000000076
20
-94.3417089999999945
11
135.8069610000000011
21
-94.3403149999999897
0
LINE
8
L1 (Sig, PWR)
6
CONTINUOUS
10
135.8069610000000011
20
-94.3403149999999897
11
135.7612059999999872
21
-94.287510999999995
0
LINE
8
L1 (Sig, PWR)
6
CONTINUOUS
10
135.7612059999999872
20
-94.287510999999995
11
135.75
21
-94.23599999999999
0
LINE
8
L1 (Sig, PWR)
6
CONTINUOUS
10
135.75
20
-94.23599999999999
11
135.75
21
-93.7299999999999898
0
LINE
8
L1 (Sig, PWR)
6
CONTINUOUS
10
135.75
20
-93.7299999999999898
11
135.6999999999999886
21
-93.7299999999999898
0
LINE
8
L1 (Sig, PWR)
6
CONTINUOUS
10
135.6999999999999886
20
-93.7299999999999898
11
135.6282109999999932
21
-93.7252950000000027
0
LINE
8
L1 (Sig, PWR)
6
CONTINUOUS
10
135.6282109999999932
20
-93.7252950000000027
11
135.4895239999999887
21
-93.6881339999999909
0
LINE
8
L1 (Sig, PWR)
6
CONTINUOUS
10
135.4895239999999887
20
-93.6881339999999909
11
135.3651810000000069
21
-93.616343999999998
0
LINE
8
L1 (Sig, PWR)
6
CONTINUOUS
10
135.3651810000000069
20
-93.616343999999998
11
135.2636559999999974
21
-93.5148190000000028
0
LINE
8
L1 (Sig, PWR)
6
CONTINUOUS
10
135.2636559999999974
20
-93.5148190000000028
11
135.2146850000000029
21
-93.4299999999999926
0
LINE
8
L1 (Sig, PWR)
6
CONTINUOUS
10
135.2146850000000029
20
-93.4299999999999926
11
134.6791570000000036
21
-93.4299999999999926
0
LINE
8
L1 (Sig, PWR)
6
CONTINUOUS
10
130.8791569999999922
20
-93.4299999999999926
11
130.8903499999999838
21
-93.4862739999999945
0
LINE
8
L1 (Sig, PWR)
6
CONTINUOUS
10
130.8903499999999838
20
-93.4862739999999945
11
130.8903509999999812
21
-93.4862759999999895
0
LINE
8
L1 (Sig, PWR)
6
CONTINUOUS
10
130.8903509999999812
20
-93.4862759999999895
11
130.9694999999999823
21
-93.6773579999999981
0
LINE
8
L1 (Sig, PWR)
6
CONTINUOUS
10
130.9694999999999823
20
-93.6773579999999981
11
130.9695049999999981
21
-93.6773680000000013
0
LINE
8
L1 (Sig, PWR)
6
CONTINUOUS
10
130.9695049999999981
20
-93.6773680000000013
11
131.0844099999999912
21
-93.8493349999999964
0
LINE
8
L1 (Sig, PWR)
6
CONTINUOUS
10
131.0844099999999912
20
-93.8493349999999964
11
131.0844129999999836
21
-93.8493390000000005
0
LINE
8
L1 (Sig, PWR)
6
CONTINUOUS
10
131.0844129999999836
20
-93.8493390000000005
11
131.2306600000000003
21
-93.9955859999999888
0
LINE
8
L1 (Sig, PWR)
6
CONTINUOUS
10
131.2306600000000003
20
-93.9955859999999888
11
131.2306639999999902
21
-93.9955889999999954
0
LINE
8
L1 (Sig, PWR)
6
CONTINUOUS
10
131.2306639999999902
20
-93.9955889999999954
11
131.4026309999999853
21
-94.1104940000000028
0
LINE
8
L1 (Sig, PWR)
6
CONTINUOUS
10
131.4026309999999853
20
-94.1104940000000028
11
131.4026409999999885
21
-94.1104989999999901
0
LINE
8
L1 (Sig, PWR)
6
CONTINUOUS
10
131.4026409999999885
20
-94.1104989999999901
11
131.5937250000000063
21
-94.1896490000000028
0
LINE
8
L1 (Sig, PWR)
6
CONTINUOUS
10
131.5937250000000063
20
-94.1896490000000028
11
131.5937329999999861
21
-94.1896509999999978
0
LINE
8
L1 (Sig, PWR)
6
CONTINUOUS
10
131.5937329999999861
20
-94.1896509999999978
11
131.7965789999999799
21
-94.2299989999999923
0
LINE
8
L1 (Sig, PWR)
6
CONTINUOUS
10
131.7965789999999799
20
-94.2299989999999923
11
131.7965829999999983
21
-94.2299999999999898
0
LINE
8
L1 (Sig, PWR)
6
CONTINUOUS
10
131.7965829999999983
20
-94.2299999999999898
11
131.9499999999999886
21
-94.2299999999999898
0
LINE
8
L1 (Sig, PWR)
6
CONTINUOUS
10
131.9499999999999886
20
-94.2299999999999898
11
131.9499999999999886
21
-93.7299999999999898
0
LINE
8
L1 (Sig, PWR)
6
CONTINUOUS
10
131.9499999999999886
20
-93.7299999999999898
11
131.9000000000000057
21
-93.7299999999999898
0
LINE
8
L1 (Sig, PWR)
6
CONTINUOUS
10
131.9000000000000057
20
-93.7299999999999898
11
131.8282109999999818
21
-93.7252950000000027
0
LINE
8
L1 (Sig, PWR)
6
CONTINUOUS
10
131.8282109999999818
20
-93.7252950000000027
11
131.6895240000000058
21
-93.6881339999999909
0
LINE
8
L1 (Sig, PWR)
6
CONTINUOUS
10
131.6895240000000058
20
-93.6881339999999909
11
131.5651809999999955
21
-93.616343999999998
0
LINE
8
L1 (Sig, PWR)
6
CONTINUOUS
10
131.5651809999999955
20
-93.616343999999998
11
131.4636559999999861
21
-93.5148190000000028
0
LINE
8
L1 (Sig, PWR)
6
CONTINUOUS
10
131.4636559999999861
20
-93.5148190000000028
11
131.4146849999999915
21
-93.4299999999999926
0
LINE
8
L1 (Sig, PWR)
6
CONTINUOUS
10
131.4146849999999915
20
-93.4299999999999926
11
130.8791569999999922
21
-93.4299999999999926
0
LINE
8
L1 (Sig, PWR)
6
CONTINUOUS
10
132.9363439999999912
20
-93.5148190000000028
11
132.8348189999999818
21
-93.616343999999998
0
LINE
8
L1 (Sig, PWR)
6
CONTINUOUS
10
132.8348189999999818
20
-93.616343999999998
11
132.7104759999999999
21
-93.6881339999999909
0
LINE
8
L1 (Sig, PWR)
6
CONTINUOUS
10
132.7104759999999999
20
-93.6881339999999909
11
132.5717889999999954
21
-93.7252950000000027
0
LINE
8
L1 (Sig, PWR)
6
CONTINUOUS
10
132.5717889999999954
20
-93.7252950000000027
11
132.5
21
-93.7299999999999898
0
LINE
8
L1 (Sig, PWR)
6
CONTINUOUS
10
132.5
20
-93.7299999999999898
11
132.4499999999999886
21
-93.7299999999999898
0
LINE
8
L1 (Sig, PWR)
6
CONTINUOUS
10
132.4499999999999886
20
-93.7299999999999898
11
132.4499999999999886
21
-94.2299999999999898
0
LINE
8
L1 (Sig, PWR)
6
CONTINUOUS
10
132.4499999999999886
20
-94.2299999999999898
11
132.6034170000000074
21
-94.2299999999999898
0
LINE
8
L1 (Sig, PWR)
6
CONTINUOUS
10
132.6034170000000074
20
-94.2299999999999898
11
132.6034199999999998
21
-94.2299989999999923
0
LINE
8
L1 (Sig, PWR)
6
CONTINUOUS
10
132.6034199999999998
20
-94.2299989999999923
11
132.8062659999999937
21
-94.1896509999999978
0
LINE
8
L1 (Sig, PWR)
6
CONTINUOUS
10
132.8062659999999937
20
-94.1896509999999978
11
132.8062740000000019
21
-94.1896490000000028
0
LINE
8
L1 (Sig, PWR)
6
CONTINUOUS
10
132.8062740000000019
20
-94.1896490000000028
11
132.9973579999999913
21
-94.1104989999999901
0
LINE
8
L1 (Sig, PWR)
6
CONTINUOUS
10
132.9973579999999913
20
-94.1104989999999901
11
132.9973679999999945
21
-94.1104940000000028
0
LINE
8
L1 (Sig, PWR)
6
CONTINUOUS
10
132.9973679999999945
20
-94.1104940000000028
11
133.1693349999999896
21
-93.9955889999999954
0
LINE
8
L1 (Sig, PWR)
6
CONTINUOUS
10
133.1693349999999896
20
-93.9955889999999954
11
133.1693390000000079
21
-93.9955859999999888
0
LINE
8
L1 (Sig, PWR)
6
CONTINUOUS
10
133.1693390000000079
20
-93.9955859999999888
11
133.3155859999999961
21
-93.8493390000000005
0
LINE
8
L1 (Sig, PWR)
6
CONTINUOUS
10
133.3155859999999961
20
-93.8493390000000005
11
133.3155889999999886
21
-93.8493349999999964
0
LINE
8
L1 (Sig, PWR)
6
CONTINUOUS
10
133.3155889999999886
20
-93.8493349999999964
11
133.4304939999999817
21
-93.6773680000000013
0
LINE
8
L1 (Sig, PWR)
6
CONTINUOUS
10
133.4304939999999817
20
-93.6773680000000013
11
133.4304989999999975
21
-93.6773579999999981
0
LINE
8
L1 (Sig, PWR)
6
CONTINUOUS
10
133.4304989999999975
20
-93.6773579999999981
11
133.5096479999999985
21
-93.4862759999999895
0
LINE
8
L1 (Sig, PWR)
6
CONTINUOUS
10
133.5096479999999985
20
-93.4862759999999895
11
133.509648999999996
21
-93.4862739999999945
0
LINE
8
L1 (Sig, PWR)
6
CONTINUOUS
10
133.509648999999996
20
-93.4862739999999945
11
133.5208429999999851
21
-93.4299999999999926
0
LINE
8
L1 (Sig, PWR)
6
CONTINUOUS
10
133.5208429999999851
20
-93.4299999999999926
11
132.9853149999999857
21
-93.4299999999999926
0
LINE
8
L1 (Sig, PWR)
6
CONTINUOUS
10
132.9853149999999857
20
-93.4299999999999926
11
132.9363439999999912
21
-93.5148190000000028
0
LINE
8
L1 (Sig, PWR)
6
CONTINUOUS
10
137.3096490000000074
20
-92.8737249999999932
11
137.3096479999999815
21
-92.8737229999999983
0
LINE
8
L1 (Sig, PWR)
6
CONTINUOUS
10
137.3096479999999815
20
-92.8737229999999983
11
137.2304989999999805
21
-92.6826409999999896
0
LINE
8
L1 (Sig, PWR)
6
CONTINUOUS
10
137.2304989999999805
20
-92.6826409999999896
11
137.2304939999999931
21
-92.6826310000000007
0
LINE
8
L1 (Sig, PWR)
6
CONTINUOUS
10
137.2304939999999931
20
-92.6826310000000007
11
137.1155889999999999
21
-92.5106639999999913
0
LINE
8
L1 (Sig, PWR)
6
CONTINUOUS
10
137.1155889999999999
20
-92.5106639999999913
11
137.1155860000000075
21
-92.5106600000000014
0
LINE
8
L1 (Sig, PWR)
6
CONTINUOUS
10
137.1155860000000075
20
-92.5106600000000014
11
136.9693389999999908
21
-92.364412999999999
0
LINE
8
L1 (Sig, PWR)
6
CONTINUOUS
10
136.9693389999999908
20
-92.364412999999999
11
136.9693350000000009
21
-92.3644099999999924
0
LINE
8
L1 (Sig, PWR)
6
CONTINUOUS
10
136.9693350000000009
20
-92.3644099999999924
11
136.7973680000000058
21
-92.2495049999999992
0
LINE
8
L1 (Sig, PWR)
6
CONTINUOUS
10
136.7973680000000058
20
-92.2495049999999992
11
136.7973580000000027
21
-92.2494999999999976
0
LINE
8
L1 (Sig, PWR)
6
CONTINUOUS
10
136.7973580000000027
20
-92.2494999999999976
11
136.6062739999999849
21
-92.1703499999999991
0
LINE
8
L1 (Sig, PWR)
6
CONTINUOUS
10
136.6062739999999849
20
-92.1703499999999991
11
136.6062660000000051
21
-92.17034799999999
0
LINE
8
L1 (Sig, PWR)
6
CONTINUOUS
10
136.6062660000000051
20
-92.17034799999999
11
136.4034199999999828
21
-92.1299999999999955
0
LINE
8
L1 (Sig, PWR)
6
CONTINUOUS
10
136.4034199999999828
20
-92.1299999999999955
11
136.25
21
-92.1299999999999955
0
LINE
8
L1 (Sig, PWR)
6
CONTINUOUS
10
136.25
20
-92.1299999999999955
11
136.25
21
-92.6299999999999955
0
LINE
8
L1 (Sig, PWR)
6
CONTINUOUS
10
136.25
20
-92.6299999999999955
11
136.2999999999999829
21
-92.6299999999999955
0
LINE
8
L1 (Sig, PWR)
6
CONTINUOUS
10
136.2999999999999829
20
-92.6299999999999955
11
136.3717890000000068
21
-92.6347049999999967
0
LINE
8
L1 (Sig, PWR)
6
CONTINUOUS
10
136.3717890000000068
20
-92.6347049999999967
11
136.5104759999999828
21
-92.6718659999999943
0
LINE
8
L1 (Sig, PWR)
6
CONTINUOUS
10
136.5104759999999828
20
-92.6718659999999943
11
136.6348189999999931
21
-92.7436560000000014
0
LINE
8
L1 (Sig, PWR)
6
CONTINUOUS
10
136.6348189999999931
20
-92.7436560000000014
11
136.7363440000000026
21
-92.8451809999999966
0
LINE
8
L1 (Sig, PWR)
6
CONTINUOUS
10
136.7363440000000026
20
-92.8451809999999966
11
136.7853149999999971
21
-92.9299999999999926
0
LINE
8
L1 (Sig, PWR)
6
CONTINUOUS
10
136.7853149999999971
20
-92.9299999999999926
11
137.3208429999999964
21
-92.9299999999999926
0
LINE
8
L1 (Sig, PWR)
6
CONTINUOUS
10
137.3208429999999964
20
-92.9299999999999926
11
137.3197470000000067
21
-92.9244879999999966
0
LINE
8
L1 (Sig, PWR)
6
CONTINUOUS
10
137.3197470000000067
20
-92.9244879999999966
11
137.3197449999999833
21
-92.9244819999999976
0
LINE
8
L1 (Sig, PWR)
6
CONTINUOUS
10
137.3197449999999833
20
-92.9244819999999976
11
137.31614399999998
21
-92.9063790000000012
0
LINE
8
L1 (Sig, PWR)
6
CONTINUOUS
10
137.31614399999998
20
-92.9063790000000012
11
137.3096490000000074
21
-92.8737249999999932
0
LINE
8
L1 (Sig, PWR)
6
CONTINUOUS
10
150.5494999999999948
20
-93.0936200000000014
11
150.5860250000000065
21
-93.2772429999999986
0
LINE
8
L1 (Sig, PWR)
6
CONTINUOUS
10
150.5860250000000065
20
-93.2772429999999986
11
150.5860270000000014
21
-93.2772509999999926
0
LINE
8
L1 (Sig, PWR)
6
CONTINUOUS
10
150.5860270000000014
20
-93.2772509999999926
11
150.6576759999999808
21
-93.4502279999999956
0
LINE
8
L1 (Sig, PWR)
6
CONTINUOUS
10
150.6576759999999808
20
-93.4502279999999956
11
150.6576809999999966
21
-93.4502370000000013
0
LINE
8
L1 (Sig, PWR)
6
CONTINUOUS
10
150.6576809999999966
20
-93.4502370000000013
11
150.7616969999999981
21
-93.605907000000002
0
LINE
8
L1 (Sig, PWR)
6
CONTINUOUS
10
150.7616969999999981
20
-93.605907000000002
11
150.7616999999999905
21
-93.6059109999999919
0
LINE
8
L1 (Sig, PWR)
6
CONTINUOUS
10
150.7616999999999905
20
-93.6059109999999919
11
150.8940879999999822
21
-93.7382989999999978
0
LINE
8
L1 (Sig, PWR)
6
CONTINUOUS
10
150.8940879999999822
20
-93.7382989999999978
11
150.8940920000000006
21
-93.7383019999999902
0
LINE
8
L1 (Sig, PWR)
6
CONTINUOUS
10
150.8940920000000006
20
-93.7383019999999902
11
151.049761999999987
21
-93.8423179999999917
0
LINE
8
L1 (Sig, PWR)
6
CONTINUOUS
10
151.049761999999987
20
-93.8423179999999917
11
151.0497680000000003
21
-93.8423209999999983
0
LINE
8
L1 (Sig, PWR)
6
CONTINUOUS
10
151.0497680000000003
20
-93.8423209999999983
11
151.0497689999999977
21
-93.8423219999999958
0
LINE
8
L1 (Sig, PWR)
6
CONTINUOUS
10
151.0497689999999977
20
-93.8423219999999958
11
151.2227489999999932
21
-93.9139729999999986
0
LINE
8
L1 (Sig, PWR)
6
CONTINUOUS
10
151.2227489999999932
20
-93.9139729999999986
11
151.4063789999999869
21
-93.9504989999999935
0
LINE
8
L1 (Sig, PWR)
6
CONTINUOUS
10
151.4063789999999869
20
-93.9504989999999935
11
151.4063830000000053
21
-93.950499999999991
0
LINE
8
L1 (Sig, PWR)
6
CONTINUOUS
10
151.4063830000000053
20
-93.950499999999991
11
151.4063840000000027
21
-93.950499999999991
0
LINE
8
L1 (Sig, PWR)
6
CONTINUOUS
10
151.4063840000000027
20
-93.950499999999991
11
151.5936169999999947
21
-93.950499999999991
0
LINE
8
L1 (Sig, PWR)
6
CONTINUOUS
10
151.5936169999999947
20
-93.950499999999991
11
151.5936179999999922
21
-93.9504989999999935
0
LINE
8
L1 (Sig, PWR)
6
CONTINUOUS
10
151.5936179999999922
20
-93.9504989999999935
11
151.7772510000000068
21
-93.9139729999999986
0
LINE
8
L1 (Sig, PWR)
6
CONTINUOUS
10
151.7772510000000068
20
-93.9139729999999986
11
151.9502310000000023
21
-93.8423219999999958
0
LINE
8
L1 (Sig, PWR)
6
CONTINUOUS
10
151.9502310000000023
20
-93.8423219999999958
11
152.1059079999999994
21
-93.7383019999999902
0
LINE
8
L1 (Sig, PWR)
6
CONTINUOUS
10
152.1059079999999994
20
-93.7383019999999902
11
152.2383020000000045
21
-93.6059079999999994
0
LINE
8
L1 (Sig, PWR)
6
CONTINUOUS
10
152.2383020000000045
20
-93.6059079999999994
11
152.3423219999999958
21
-93.4502310000000023
0
LINE
8
L1 (Sig, PWR)
6
CONTINUOUS
10
152.3423219999999958
20
-93.4502310000000023
11
152.4139729999999986
21
-93.2772509999999926
0
LINE
8
L1 (Sig, PWR)
6
CONTINUOUS
10
152.4139729999999986
20
-93.2772509999999926
11
152.4505000000000052
21
-93.0936159999999973
0
LINE
8
L1 (Sig, PWR)
6
CONTINUOUS
10
152.4505000000000052
20
-93.0936159999999973
11
152.4505000000000052
21
-92.9063840000000027
0
LINE
8
L1 (Sig, PWR)
6
CONTINUOUS
10
152.4505000000000052
20
-92.9063840000000027
11
152.4139729999999986
21
-92.7227489999999932
0
LINE
8
L1 (Sig, PWR)
6
CONTINUOUS
10
152.4139729999999986
20
-92.7227489999999932
11
152.3423219999999958
21
-92.5497689999999977
0
LINE
8
L1 (Sig, PWR)
6
CONTINUOUS
10
152.3423219999999958
20
-92.5497689999999977
11
152.3423209999999983
21
-92.5497680000000003
0
LINE
8
L1 (Sig, PWR)
6
CONTINUOUS
10
152.3423209999999983
20
-92.5497680000000003
11
152.3423180000000059
21
-92.5497620000000012
0
LINE
8
L1 (Sig, PWR)
6
CONTINUOUS
10
152.3423180000000059
20
-92.5497620000000012
11
152.2383020000000045
21
-92.3940920000000006
0
LINE
8
L1 (Sig, PWR)
6
CONTINUOUS
10
152.2383020000000045
20
-92.3940920000000006
11
152.2382989999999836
21
-92.3940879999999964
0
LINE
8
L1 (Sig, PWR)
6
CONTINUOUS
10
152.2382989999999836
20
-92.3940879999999964
11
152.1059109999999919
21
-92.2616999999999905
0
LINE
8
L1 (Sig, PWR)
6
CONTINUOUS
10
152.1059109999999919
20
-92.2616999999999905
11
152.105907000000002
21
-92.2616969999999981
0
LINE
8
L1 (Sig, PWR)
6
CONTINUOUS
10
152.105907000000002
20
-92.2616969999999981
11
151.9502369999999871
21
-92.1576809999999966
0
LINE
8
L1 (Sig, PWR)
6
CONTINUOUS
10
151.9502369999999871
20
-92.1576809999999966
11
151.9502279999999814
21
-92.157675999999995
0
LINE
8
L1 (Sig, PWR)
6
CONTINUOUS
10
151.9502279999999814
20
-92.157675999999995
11
151.7772510000000068
21
-92.0860270000000014
0
LINE
8
L1 (Sig, PWR)
6
CONTINUOUS
10
151.7772510000000068
20
-92.0860270000000014
11
151.7772429999999986
21
-92.0860249999999922
0
LINE
8
L1 (Sig, PWR)
6
CONTINUOUS
10
151.7772429999999986
20
-92.0860249999999922
11
151.5936199999999872
21
-92.0494999999999948
0
LINE
8
L1 (Sig, PWR)
6
CONTINUOUS
10
151.5936199999999872
20
-92.0494999999999948
11
151.5936159999999973
21
-92.0494999999999948
0
LINE
8
L1 (Sig, PWR)
6
CONTINUOUS
10
151.5936159999999973
20
-92.0494999999999948
11
151.4063840000000027
21
-92.0494999999999948
0
LINE
8
L1 (Sig, PWR)
6
CONTINUOUS
10
151.4063840000000027
20
-92.0494999999999948
11
151.4063789999999869
21
-92.0494999999999948
0
LINE
8
L1 (Sig, PWR)
6
CONTINUOUS
10
151.4063789999999869
20
-92.0494999999999948
11
151.222756000000004
21
-92.0860249999999922
0
LINE
8
L1 (Sig, PWR)
6
CONTINUOUS
10
151.222756000000004
20
-92.0860249999999922
11
151.2227479999999957
21
-92.0860270000000014
0
LINE
8
L1 (Sig, PWR)
6
CONTINUOUS
10
151.2227479999999957
20
-92.0860270000000014
11
151.0497709999999927
21
-92.157675999999995
0
LINE
8
L1 (Sig, PWR)
6
CONTINUOUS
10
151.0497709999999927
20
-92.157675999999995
11
151.049761999999987
21
-92.1576809999999966
0
LINE
8
L1 (Sig, PWR)
6
CONTINUOUS
10
151.049761999999987
20
-92.1576809999999966
11
150.8940920000000006
21
-92.2616969999999981
0
LINE
8
L1 (Sig, PWR)
6
CONTINUOUS
10
150.8940920000000006
20
-92.2616969999999981
11
150.8940879999999822
21
-92.2616999999999905
0
LINE
8
L1 (Sig, PWR)
6
CONTINUOUS
10
150.8940879999999822
20
-92.2616999999999905
11
150.7616999999999905
21
-92.3940879999999964
0
LINE
8
L1 (Sig, PWR)
6
CONTINUOUS
10
150.7616999999999905
20
-92.3940879999999964
11
150.7616969999999981
21
-92.3940920000000006
0
LINE
8
L1 (Sig, PWR)
6
CONTINUOUS
10
150.7616969999999981
20
-92.3940920000000006
11
150.6576809999999966
21
-92.5497620000000012
0
LINE
8
L1 (Sig, PWR)
6
CONTINUOUS
10
150.6576809999999966
20
-92.5497620000000012
11
150.6576759999999808
21
-92.5497709999999927
0
LINE
8
L1 (Sig, PWR)
6
CONTINUOUS
10
150.6576759999999808
20
-92.5497709999999927
11
150.5860270000000014
21
-92.7227479999999957
0
LINE
8
L1 (Sig, PWR)
6
CONTINUOUS
10
150.5860270000000014
20
-92.7227479999999957
11
150.5860250000000065
21
-92.7227559999999897
0
LINE
8
L1 (Sig, PWR)
6
CONTINUOUS
10
150.5860250000000065
20
-92.7227559999999897
11
150.5494999999999948
21
-92.9063790000000012
0
LINE
8
L1 (Sig, PWR)
6
CONTINUOUS
10
150.5494999999999948
20
-92.9063790000000012
11
150.5494999999999948
21
-93.0936200000000014
0
LINE
8
L1 (Sig, PWR)
6
CONTINUOUS
10
132.4499999999999886
20
-92.6299999999999955
11
132.5
21
-92.6299999999999955
0
LINE
8
L1 (Sig, PWR)
6
CONTINUOUS
10
132.5
20
-92.6299999999999955
11
132.5717889999999954
21
-92.6347049999999967
0
LINE
8
L1 (Sig, PWR)
6
CONTINUOUS
10
132.5717889999999954
20
-92.6347049999999967
11
132.7104759999999999
21
-92.6718659999999943
0
LINE
8
L1 (Sig, PWR)
6
CONTINUOUS
10
132.7104759999999999
20
-92.6718659999999943
11
132.8348189999999818
21
-92.7436560000000014
0
LINE
8
L1 (Sig, PWR)
6
CONTINUOUS
10
132.8348189999999818
20
-92.7436560000000014
11
132.9363439999999912
21
-92.8451809999999966
0
LINE
8
L1 (Sig, PWR)
6
CONTINUOUS
10
132.9363439999999912
20
-92.8451809999999966
11
132.9853149999999857
21
-92.9299999999999926
0
LINE
8
L1 (Sig, PWR)
6
CONTINUOUS
10
132.9853149999999857
20
-92.9299999999999926
11
133.5208429999999851
21
-92.9299999999999926
0
LINE
8
L1 (Sig, PWR)
6
CONTINUOUS
10
133.5208429999999851
20
-92.9299999999999926
11
133.509648999999996
21
-92.8737249999999932
0
LINE
8
L1 (Sig, PWR)
6
CONTINUOUS
10
133.509648999999996
20
-92.8737249999999932
11
133.5096479999999985
21
-92.8737229999999983
0
LINE
8
L1 (Sig, PWR)
6
CONTINUOUS
10
133.5096479999999985
20
-92.8737229999999983
11
133.4304989999999975
21
-92.6826409999999896
0
LINE
8
L1 (Sig, PWR)
6
CONTINUOUS
10
133.4304989999999975
20
-92.6826409999999896
11
133.4304939999999817
21
-92.6826310000000007
0
LINE
8
L1 (Sig, PWR)
6
CONTINUOUS
10
133.4304939999999817
20
-92.6826310000000007
11
133.3155889999999886
21
-92.5106639999999913
0
LINE
8
L1 (Sig, PWR)
6
CONTINUOUS
10
133.3155889999999886
20
-92.5106639999999913
11
133.3155859999999961
21
-92.5106600000000014
0
LINE
8
L1 (Sig, PWR)
6
CONTINUOUS
10
133.3155859999999961
20
-92.5106600000000014
11
133.1693390000000079
21
-92.364412999999999
0
LINE
8
L1 (Sig, PWR)
6
CONTINUOUS
10
133.1693390000000079
20
-92.364412999999999
11
133.1693349999999896
21
-92.3644099999999924
0
LINE
8
L1 (Sig, PWR)
6
CONTINUOUS
10
133.1693349999999896
20
-92.3644099999999924
11
132.9973679999999945
21
-92.2495049999999992
0
LINE
8
L1 (Sig, PWR)
6
CONTINUOUS
10
132.9973679999999945
20
-92.2495049999999992
11
132.9973579999999913
21
-92.2494999999999976
0
LINE
8
L1 (Sig, PWR)
6
CONTINUOUS
10
132.9973579999999913
20
-92.2494999999999976
11
132.8062740000000019
21
-92.1703499999999991
0
LINE
8
L1 (Sig, PWR)
6
CONTINUOUS
10
132.8062740000000019
20
-92.1703499999999991
11
132.8062659999999937
21
-92.17034799999999
0
LINE
8
L1 (Sig, PWR)
6
CONTINUOUS
10
132.8062659999999937
20
-92.17034799999999
11
132.6034199999999998
21
-92.1299999999999955
0
LINE
8
L1 (Sig, PWR)
6
CONTINUOUS
10
132.6034199999999998
20
-92.1299999999999955
11
132.4499999999999886
21
-92.1299999999999955
0
LINE
8
L1 (Sig, PWR)
6
CONTINUOUS
10
132.4499999999999886
20
-92.1299999999999955
11
132.4499999999999886
21
-92.6299999999999955
0
LINE
8
L1 (Sig, PWR)
6
CONTINUOUS
10
150.3098729999999819
20
-103.0436779999999999
11
150.3448579999999879
21
-103.0690960000000018
0
LINE
8
L1 (Sig, PWR)
6
CONTINUOUS
10
150.3448579999999879
20
-103.0690960000000018
11
150.5201639999999941
21
-103.1584179999999975
0
LINE
8
L1 (Sig, PWR)
6
CONTINUOUS
10
150.5201639999999941
20
-103.1584179999999975
11
150.7072939999999903
21
-103.2192209999999903
0
LINE
8
L1 (Sig, PWR)
6
CONTINUOUS
10
150.7072939999999903
20
-103.2192209999999903
11
150.9016179999999849
21
-103.25
0
LINE
8
L1 (Sig, PWR)
6
CONTINUOUS
10
150.9016179999999849
20
-103.25
11
151.0983819999999866
21
-103.25
0
LINE
8
L1 (Sig, PWR)
6
CONTINUOUS
10
151.0983819999999866
20
-103.25
11
151.2927049999999838
21
-103.2192209999999903
0
LINE
8
L1 (Sig, PWR)
6
CONTINUOUS
10
151.2927049999999838
20
-103.2192209999999903
11
151.47983499999998
21
-103.1584179999999975
0
LINE
8
L1 (Sig, PWR)
6
CONTINUOUS
10
151.47983499999998
20
-103.1584179999999975
11
151.6551429999999812
21
-103.0690949999999901
0
LINE
8
L1 (Sig, PWR)
6
CONTINUOUS
10
151.6551429999999812
20
-103.0690949999999901
11
151.6901249999999948
21
-103.0436779999999999
0
LINE
8
L1 (Sig, PWR)
6
CONTINUOUS
10
151.6901249999999948
20
-103.0436779999999999
11
151.6901259999999922
21
-103.0436779999999999
0
LINE
8
L1 (Sig, PWR)
6
CONTINUOUS
10
151.6901259999999922
20
-103.0436779999999999
11
151.3212619999999902
21
-102.6748139999999978
0
LINE
8
L1 (Sig, PWR)
6
CONTINUOUS
10
151.3212619999999902
20
-102.6748139999999978
11
151.2177140000000009
21
-102.7177049999999952
0
LINE
8
L1 (Sig, PWR)
6
CONTINUOUS
10
151.2177140000000009
20
-102.7177049999999952
11
151.0735129999999913
21
-102.7463889999999935
0
LINE
8
L1 (Sig, PWR)
6
CONTINUOUS
10
151.0735129999999913
20
-102.7463889999999935
11
150.9264869999999803
21
-102.7463889999999935
0
LINE
8
L1 (Sig, PWR)
6
CONTINUOUS
10
150.9264869999999803
20
-102.7463889999999935
11
150.7822859999999991
21
-102.7177049999999952
0
LINE
8
L1 (Sig, PWR)
6
CONTINUOUS
10
150.7822859999999991
20
-102.7177049999999952
11
150.6787369999999839
21
-102.6748139999999978
0
LINE
8
L1 (Sig, PWR)
6
CONTINUOUS
10
150.6787369999999839
20
-102.6748139999999978
11
150.3098729999999819
21
-103.0436770000000024
0
LINE
8
L1 (Sig, PWR)
6
CONTINUOUS
10
150.3098729999999819
20
-103.0436770000000024
11
150.3098729999999819
21
-103.0436779999999999
0
LINE
8
L1 (Sig, PWR)
6
CONTINUOUS
10
149.75
20
-102.0983820000000009
11
149.780777999999998
21
-102.292704999999998
0
LINE
8
L1 (Sig, PWR)
6
CONTINUOUS
10
149.780777999999998
20
-102.292704999999998
11
149.8415809999999908
21
-102.4798349999999942
0
LINE
8
L1 (Sig, PWR)
6
CONTINUOUS
10
149.8415809999999908
20
-102.4798349999999942
11
149.9309049999999957
21
-102.6551449999999903
0
LINE
8
L1 (Sig, PWR)
6
CONTINUOUS
10
149.9309049999999957
20
-102.6551449999999903
11
149.9563189999999793
21
-102.6901249999999948
0
LINE
8
L1 (Sig, PWR)
6
CONTINUOUS
10
149.9563189999999793
20
-102.6901249999999948
11
149.9563200000000052
21
-102.6901249999999948
0
LINE
8
L1 (Sig, PWR)
6
CONTINUOUS
10
149.9563200000000052
20
-102.6901249999999948
11
150.3251850000000047
21
-102.3212599999999952
0
LINE
8
L1 (Sig, PWR)
6
CONTINUOUS
10
150.3251850000000047
20
-102.3212599999999952
11
150.2822950000000048
21
-102.2177140000000009
0
LINE
8
L1 (Sig, PWR)
6
CONTINUOUS
10
150.2822950000000048
20
-102.2177140000000009
11
150.2536110000000065
21
-102.0735129999999913
0
LINE
8
L1 (Sig, PWR)
6
CONTINUOUS
10
150.2536110000000065
20
-102.0735129999999913
11
150.2536110000000065
21
-101.9264869999999945
0
LINE
8
L1 (Sig, PWR)
6
CONTINUOUS
10
150.2536110000000065
20
-101.9264869999999945
11
150.2822950000000048
21
-101.7822859999999991
0
LINE
8
L1 (Sig, PWR)
6
CONTINUOUS
10
150.2822950000000048
20
-101.7822859999999991
11
150.3251850000000047
21
-101.6787379999999956
0
LINE
8
L1 (Sig, PWR)
6
CONTINUOUS
10
150.3251850000000047
20
-101.6787379999999956
11
149.9563200000000052
21
-101.3098719999999986
0
LINE
8
L1 (Sig, PWR)
6
CONTINUOUS
10
149.9563200000000052
20
-101.3098719999999986
11
149.9563200000000052
21
-101.3098729999999961
0
LINE
8
L1 (Sig, PWR)
6
CONTINUOUS
10
149.9563200000000052
20
-101.3098729999999961
11
149.9309020000000032
21
-101.3448589999999996
0
LINE
8
L1 (Sig, PWR)
6
CONTINUOUS
10
149.9309020000000032
20
-101.3448589999999996
11
149.9308989999999824
21
-101.3448629999999895
0
LINE
8
L1 (Sig, PWR)
6
CONTINUOUS
10
149.9308989999999824
20
-101.3448629999999895
11
149.8415819999999883
21
-101.5201610000000016
0
LINE
8
L1 (Sig, PWR)
6
CONTINUOUS
10
149.8415819999999883
20
-101.5201610000000016
11
149.780777999999998
21
-101.7072939999999903
0
LINE
8
L1 (Sig, PWR)
6
CONTINUOUS
10
149.780777999999998
20
-101.7072939999999903
11
149.75
21
-101.9016170000000017
0
LINE
8
L1 (Sig, PWR)
6
CONTINUOUS
10
149.75
20
-101.9016170000000017
11
149.75
21
-102.0983820000000009
0
LINE
8
L1 (Sig, PWR)
6
CONTINUOUS
10
146.6860429999999837
20
-101.8423429999999996
11
146.7337239999999952
21
-101.9953589999999934
0
LINE
8
L1 (Sig, PWR)
6
CONTINUOUS
10
146.7337239999999952
20
-101.9953589999999934
11
146.7337259999999901
21
-101.9953629999999976
0
LINE
8
L1 (Sig, PWR)
6
CONTINUOUS
10
146.7337259999999901
20
-101.9953629999999976
11
146.8166389999999808
21
-102.1325190000000021
0
LINE
8
L1 (Sig, PWR)
6
CONTINUOUS
10
146.8166389999999808
20
-102.1325190000000021
11
146.8166420000000016
21
-102.132522999999992
0
LINE
8
L1 (Sig, PWR)
6
CONTINUOUS
10
146.8166420000000016
20
-102.132522999999992
11
146.9299759999999822
21
-102.2458570000000009
0
LINE
8
L1 (Sig, PWR)
6
CONTINUOUS
10
146.9299759999999822
20
-102.2458570000000009
11
146.9299800000000005
21
-102.2458599999999933
0
LINE
8
L1 (Sig, PWR)
6
CONTINUOUS
10
146.9299800000000005
20
-102.2458599999999933
11
147.067136000000005
21
-102.3287729999999982
0
LINE
8
L1 (Sig, PWR)
6
CONTINUOUS
10
147.067136000000005
20
-102.3287729999999982
11
147.0671379999999999
21
-102.3287739999999957
0
LINE
8
L1 (Sig, PWR)
6
CONTINUOUS
10
147.0671379999999999
20
-102.3287739999999957
11
147.2201550000000054
21
-102.3764559999999904
0
LINE
8
L1 (Sig, PWR)
6
CONTINUOUS
10
147.2201550000000054
20
-102.3764559999999904
11
147.2201609999999903
21
-102.3764579999999995
0
LINE
8
L1 (Sig, PWR)
6
CONTINUOUS
10
147.2201609999999903
20
-102.3764579999999995
11
147.2499990000000025
21
-102.3791679999999928
0
LINE
8
L1 (Sig, PWR)
6
CONTINUOUS
10
147.2499990000000025
20
-102.3791679999999928
11
147.25
21
-102.3791679999999928
0
LINE
8
L1 (Sig, PWR)
6
CONTINUOUS
10
147.25
20
-102.3791679999999928
11
147.25
21
-101.8510959999999983
0
LINE
8
L1 (Sig, PWR)
6
CONTINUOUS
10
147.25
20
-101.8510959999999983
11
147.2268629999999803
21
-101.8356369999999913
0
LINE
8
L1 (Sig, PWR)
6
CONTINUOUS
10
147.2268629999999803
20
-101.8356369999999913
11
147.1921789999999817
21
-101.7837289999999939
0
LINE
8
L1 (Sig, PWR)
6
CONTINUOUS
10
147.1921789999999817
20
-101.7837289999999939
11
147.1854699999999809
21
-101.75
0
LINE
8
L1 (Sig, PWR)
6
CONTINUOUS
10
147.1854699999999809
20
-101.75
11
146.6800000000000068
21
-101.75
0
LINE
8
L1 (Sig, PWR)
6
CONTINUOUS
10
146.6800000000000068
20
-101.75
11
146.6800000000000068
21
-101.7758369999999957
0
LINE
8
L1 (Sig, PWR)
6
CONTINUOUS
10
146.6800000000000068
20
-101.7758369999999957
11
146.6860429999999837
21
-101.8423429999999996
0
LINE
8
L1 (Sig, PWR)
6
CONTINUOUS
10
131.4146849999999915
20
-101.5699999999999932
11
131.4636559999999861
21
-101.4851809999999972
0
LINE
8
L1 (Sig, PWR)
6
CONTINUOUS
10
131.4636559999999861
20
-101.4851809999999972
11
131.5651809999999955
21
-101.383656000000002
0
LINE
8
L1 (Sig, PWR)
6
CONTINUOUS
10
131.5651809999999955
20
-101.383656000000002
11
131.6895240000000058
21
-101.3118659999999949
0
LINE
8
L1 (Sig, PWR)
6
CONTINUOUS
10
131.6895240000000058
20
-101.3118659999999949
11
131.8282109999999818
21
-101.2747049999999973
0
LINE
8
L1 (Sig, PWR)
6
CONTINUOUS
10
131.8282109999999818
20
-101.2747049999999973
11
131.9000000000000057
21
-101.269999999999996
0
LINE
8
L1 (Sig, PWR)
6
CONTINUOUS
10
131.9000000000000057
20
-101.269999999999996
11
131.9499999999999886
21
-101.269999999999996
0
LINE
8
L1 (Sig, PWR)
6
CONTINUOUS
10
131.9499999999999886
20
-101.269999999999996
11
131.9499999999999886
21
-100.769999999999996
0
LINE
8
L1 (Sig, PWR)
6
CONTINUOUS
10
131.9499999999999886
20
-100.769999999999996
11
131.7965789999999799
21
-100.769999999999996
0
LINE
8
L1 (Sig, PWR)
6
CONTINUOUS
10
131.7965789999999799
20
-100.769999999999996
11
131.5937329999999861
21
-100.8103479999999905
0
LINE
8
L1 (Sig, PWR)
6
CONTINUOUS
10
131.5937329999999861
20
-100.8103479999999905
11
131.5937250000000063
21
-100.8103499999999997
0
LINE
8
L1 (Sig, PWR)
6
CONTINUOUS
10
131.5937250000000063
20
-100.8103499999999997
11
131.4026409999999885
21
-100.8894999999999982
0
LINE
8
L1 (Sig, PWR)
6
CONTINUOUS
10
131.4026409999999885
20
-100.8894999999999982
11
131.4026309999999853
21
-100.8895049999999998
0
LINE
8
L1 (Sig, PWR)
6
CONTINUOUS
10
131.4026309999999853
20
-100.8895049999999998
11
131.2306639999999902
21
-101.0044099999999929
0
LINE
8
L1 (Sig, PWR)
6
CONTINUOUS
10
131.2306639999999902
20
-101.0044099999999929
11
131.2306600000000003
21
-101.0044129999999996
0
LINE
8
L1 (Sig, PWR)
6
CONTINUOUS
10
131.2306600000000003
20
-101.0044129999999996
11
131.0844129999999836
21
-101.150660000000002
0
LINE
8
L1 (Sig, PWR)
6
CONTINUOUS
10
131.0844129999999836
20
-101.150660000000002
11
131.0844099999999912
21
-101.1506639999999919
0
LINE
8
L1 (Sig, PWR)
6
CONTINUOUS
10
131.0844099999999912
20
-101.1506639999999919
11
130.9695049999999981
21
-101.3226310000000012
0
LINE
8
L1 (Sig, PWR)
6
CONTINUOUS
10
130.9695049999999981
20
-101.3226310000000012
11
130.9694999999999823
21
-101.3226409999999902
0
LINE
8
L1 (Sig, PWR)
6
CONTINUOUS
10
130.9694999999999823
20
-101.3226409999999902
11
130.8903509999999812
21
-101.5137229999999988
0
LINE
8
L1 (Sig, PWR)
6
CONTINUOUS
10
130.8903509999999812
20
-101.5137229999999988
11
130.8903499999999838
21
-101.5137249999999938
0
LINE
8
L1 (Sig, PWR)
6
CONTINUOUS
10
130.8903499999999838
20
-101.5137249999999938
11
130.8791569999999922
21
-101.5699999999999932
0
LINE
8
L1 (Sig, PWR)
6
CONTINUOUS
10
130.8791569999999922
20
-101.5699999999999932
11
131.4146849999999915
21
-101.5699999999999932
0
LINE
8
L1 (Sig, PWR)
6
CONTINUOUS
10
135.2146850000000029
20
-101.5699999999999932
11
135.2636559999999974
21
-101.4851809999999972
0
LINE
8
L1 (Sig, PWR)
6
CONTINUOUS
10
135.2636559999999974
20
-101.4851809999999972
11
135.3651810000000069
21
-101.383656000000002
0
LINE
8
L1 (Sig, PWR)
6
CONTINUOUS
10
135.3651810000000069
20
-101.383656000000002
11
135.4895239999999887
21
-101.3118659999999949
0
LINE
8
L1 (Sig, PWR)
6
CONTINUOUS
10
135.4895239999999887
20
-101.3118659999999949
11
135.6282109999999932
21
-101.2747049999999973
0
LINE
8
L1 (Sig, PWR)
6
CONTINUOUS
10
135.6282109999999932
20
-101.2747049999999973
11
135.6999999999999886
21
-101.269999999999996
0
LINE
8
L1 (Sig, PWR)
6
CONTINUOUS
10
135.6999999999999886
20
-101.269999999999996
11
135.75
21
-101.269999999999996
0
LINE
8
L1 (Sig, PWR)
6
CONTINUOUS
10
135.75
20
-101.269999999999996
11
135.75
21
-100.7639999999999958
0
LINE
8
L1 (Sig, PWR)
6
CONTINUOUS
10
135.75
20
-100.7639999999999958
11
135.7696849999999813
21
-100.6969610000000017
0
LINE
8
L1 (Sig, PWR)
6
CONTINUOUS
10
135.7696849999999813
20
-100.6969610000000017
11
135.7948089999999866
21
-100.6751900000000006
0
LINE
8
L1 (Sig, PWR)
6
CONTINUOUS
10
135.7948089999999866
20
-100.6751900000000006
11
135.8199999999999932
21
-100.6499999999999915
0
LINE
8
L1 (Sig, PWR)
6
CONTINUOUS
10
135.8199999999999932
20
-100.6499999999999915
11
135.6800000000000068
21
-100.6499999999999915
0
LINE
8
L1 (Sig, PWR)
6
CONTINUOUS
10
135.6800000000000068
20
-100.6499999999999915
11
135.603463000000005
21
-100.6347760000000022
0
LINE
8
L1 (Sig, PWR)
6
CONTINUOUS
10
135.603463000000005
20
-100.6347760000000022
11
135.5385789999999986
21
-100.5914209999999969
0
LINE
8
L1 (Sig, PWR)
6
CONTINUOUS
10
135.5385789999999986
20
-100.5914209999999969
11
135.4952240000000074
21
-100.5265369999999905
0
LINE
8
L1 (Sig, PWR)
6
CONTINUOUS
10
135.4952240000000074
20
-100.5265369999999905
11
135.4899460000000033
21
-100.5
0
LINE
8
L1 (Sig, PWR)
6
CONTINUOUS
10
135.4899460000000033
20
-100.5
11
134.9800009999999872
21
-100.5
0
LINE
8
L1 (Sig, PWR)
6
CONTINUOUS
10
134.9800009999999872
20
-100.5
11
134.9800009999999872
21
-100.5065819999999945
0
LINE
8
L1 (Sig, PWR)
6
CONTINUOUS
10
134.9800009999999872
20
-100.5065819999999945
11
134.9864079999999831
21
-100.5771019999999965
0
LINE
8
L1 (Sig, PWR)
6
CONTINUOUS
10
134.9864079999999831
20
-100.5771019999999965
11
134.9864089999999806
21
-100.577106999999998
0
LINE
8
L1 (Sig, PWR)
6
CONTINUOUS
10
134.9864089999999806
20
-100.577106999999998
11
135.0369809999999973
21
-100.7393959999999993
0
LINE
8
L1 (Sig, PWR)
6
CONTINUOUS
10
135.0369809999999973
20
-100.7393959999999993
11
135.0879689999999869
21
-100.8237409999999983
0
LINE
8
L1 (Sig, PWR)
6
CONTINUOUS
10
135.0879689999999869
20
-100.8237409999999983
11
135.1058050000000037
21
-100.891295999999997
0
LINE
8
L1 (Sig, PWR)
6
CONTINUOUS
10
135.1058050000000037
20
-100.891295999999997
11
135.0842869999999891
21
-100.957768999999999
0
LINE
8
L1 (Sig, PWR)
6
CONTINUOUS
10
135.0842869999999891
20
-100.957768999999999
11
135.0507460000000037
21
-100.990990999999994
0
LINE
8
L1 (Sig, PWR)
6
CONTINUOUS
10
135.0507460000000037
20
-100.990990999999994
11
135.0306649999999991
21
-101.0044089999999954
0
LINE
8
L1 (Sig, PWR)
6
CONTINUOUS
10
135.0306649999999991
20
-101.0044089999999954
11
135.0306599999999833
21
-101.0044129999999996
0
LINE
8
L1 (Sig, PWR)
6
CONTINUOUS
10
135.0306599999999833
20
-101.0044129999999996
11
134.884412999999995
21
-101.150660000000002
0
LINE
8
L1 (Sig, PWR)
6
CONTINUOUS
10
134.884412999999995
20
-101.150660000000002
11
134.8844100000000026
21
-101.1506639999999919
0
LINE
8
L1 (Sig, PWR)
6
CONTINUOUS
10
134.8844100000000026
20
-101.1506639999999919
11
134.769504999999981
21
-101.3226310000000012
0
LINE
8
L1 (Sig, PWR)
6
CONTINUOUS
10
134.769504999999981
20
-101.3226310000000012
11
134.7694999999999936
21
-101.3226409999999902
0
LINE
8
L1 (Sig, PWR)
6
CONTINUOUS
10
134.7694999999999936
20
-101.3226409999999902
11
134.6903509999999926
21
-101.5137229999999988
0
LINE
8
L1 (Sig, PWR)
6
CONTINUOUS
10
134.6903509999999926
20
-101.5137229999999988
11
134.6903499999999951
21
-101.5137249999999938
0
LINE
8
L1 (Sig, PWR)
6
CONTINUOUS
10
134.6903499999999951
20
-101.5137249999999938
11
134.6791570000000036
21
-101.5699999999999932
0
LINE
8
L1 (Sig, PWR)
6
CONTINUOUS
10
134.6791570000000036
20
-101.5699999999999932
11
135.2146850000000029
21
-101.5699999999999932
0
LINE
8
L1 (Sig, PWR)
6
CONTINUOUS
10
150.6787379999999814
20
-101.3251849999999905
11
150.7822859999999991
21
-101.2822949999999906
0
LINE
8
L1 (Sig, PWR)
6
CONTINUOUS
10
150.7822859999999991
20
-101.2822949999999906
11
150.9264869999999803
21
-101.2536109999999923
0
LINE
8
L1 (Sig, PWR)
6
CONTINUOUS
10
150.9264869999999803
20
-101.2536109999999923
11
151.0735129999999913
21
-101.2536109999999923
0
LINE
8
L1 (Sig, PWR)
6
CONTINUOUS
10
151.0735129999999913
20
-101.2536109999999923
11
151.2177140000000009
21
-101.2822949999999906
0
LINE
8
L1 (Sig, PWR)
6
CONTINUOUS
10
151.2177140000000009
20
-101.2822949999999906
11
151.3212599999999952
21
-101.3251849999999905
0
LINE
8
L1 (Sig, PWR)
6
CONTINUOUS
10
151.3212599999999952
20
-101.3251849999999905
11
151.6901249999999948
21
-100.956319999999991
0
LINE
8
L1 (Sig, PWR)
6
CONTINUOUS
10
151.6901249999999948
20
-100.956319999999991
11
151.6901249999999948
21
-100.9563189999999935
0
LINE
8
L1 (Sig, PWR)
6
CONTINUOUS
10
151.6901249999999948
20
-100.9563189999999935
11
151.6551450000000045
21
-100.9309049999999957
0
LINE
8
L1 (Sig, PWR)
6
CONTINUOUS
10
151.6551450000000045
20
-100.9309049999999957
11
151.47983499999998
21
-100.8415809999999908
0
LINE
8
L1 (Sig, PWR)
6
CONTINUOUS
10
151.47983499999998
20
-100.8415809999999908
11
151.2927049999999838
21
-100.780777999999998
0
LINE
8
L1 (Sig, PWR)
6
CONTINUOUS
10
151.2927049999999838
20
-100.780777999999998
11
151.0983819999999866
21
-100.75
0
LINE
8
L1 (Sig, PWR)
6
CONTINUOUS
10
151.0983819999999866
20
-100.75
11
150.9016179999999849
21
-100.75
0
LINE
8
L1 (Sig, PWR)
6
CONTINUOUS
10
150.9016179999999849
20
-100.75
11
150.7072939999999903
21
-100.780777999999998
0
LINE
8
L1 (Sig, PWR)
6
CONTINUOUS
10
150.7072939999999903
20
-100.780777999999998
11
150.5201610000000016
21
-100.8415820000000025
0
LINE
8
L1 (Sig, PWR)
6
CONTINUOUS
10
150.5201610000000016
20
-100.8415820000000025
11
150.3448630000000037
21
-100.9308989999999966
0
LINE
8
L1 (Sig, PWR)
6
CONTINUOUS
10
150.3448630000000037
20
-100.9308989999999966
11
150.3448589999999854
21
-100.930901999999989
0
LINE
8
L1 (Sig, PWR)
6
CONTINUOUS
10
150.3448589999999854
20
-100.930901999999989
11
150.3098729999999819
21
-100.956319999999991
0
LINE
8
L1 (Sig, PWR)
6
CONTINUOUS
10
150.3098729999999819
20
-100.956319999999991
11
150.3098719999999844
21
-100.956319999999991
0
LINE
8
L1 (Sig, PWR)
6
CONTINUOUS
10
150.3098719999999844
20
-100.956319999999991
11
150.6787379999999814
21
-101.3251849999999905
0
LINE
8
L1 (Sig, PWR)
6
CONTINUOUS
10
144.3104940000000056
20
-99.5026969999999977
11
144.3656409999999823
21
-99.6691189999999949
0
LINE
8
L1 (Sig, PWR)
6
CONTINUOUS
10
144.3656409999999823
20
-99.6691189999999949
11
144.3656430000000057
21
-99.6691239999999965
0
LINE
8
L1 (Sig, PWR)
6
CONTINUOUS
10
144.3656430000000057
20
-99.6691239999999965
11
144.4576840000000004
21
-99.8183449999999937
0
LINE
8
L1 (Sig, PWR)
6
CONTINUOUS
10
144.4576840000000004
20
-99.8183449999999937
11
144.5816539999999861
21
-99.9423149999999936
0
LINE
8
L1 (Sig, PWR)
6
CONTINUOUS
10
144.5816539999999861
20
-99.9423149999999936
11
144.7308749999999975
21
-100.0343560000000025
0
LINE
8
L1 (Sig, PWR)
6
CONTINUOUS
10
144.7308749999999975
20
-100.0343560000000025
11
144.7308799999999849
21
-100.0343579999999974
0
LINE
8
L1 (Sig, PWR)
6
CONTINUOUS
10
144.7308799999999849
20
-100.0343579999999974
11
144.8973019999999963
21
-100.0895049999999884
0
LINE
8
L1 (Sig, PWR)
6
CONTINUOUS
10
144.8973019999999963
20
-100.0895049999999884
11
144.897309000000007
21
-100.0895060000000001
0
LINE
8
L1 (Sig, PWR)
6
CONTINUOUS
10
144.897309000000007
20
-100.0895060000000001
11
145.0000189999999805
21
-100.0999989999999968
0
LINE
8
L1 (Sig, PWR)
6
CONTINUOUS
10
145.0000189999999805
20
-100.0999989999999968
11
145.2499990000000025
21
-100.0999989999999968
0
LINE
8
L1 (Sig, PWR)
6
CONTINUOUS
10
145.2499990000000025
20
-100.0999989999999968
11
145.25
21
-100.0999979999999994
0
LINE
8
L1 (Sig, PWR)
6
CONTINUOUS
10
145.25
20
-100.0999979999999994
11
145.25
21
-99.5999999999999943
0
LINE
8
L1 (Sig, PWR)
6
CONTINUOUS
10
145.25
20
-99.5999999999999943
11
145.0499999999999829
21
-99.5999999999999943
0
LINE
8
L1 (Sig, PWR)
6
CONTINUOUS
10
145.0499999999999829
20
-99.5999999999999943
11
144.9543290000000013
21
-99.5809699999999935
0
LINE
8
L1 (Sig, PWR)
6
CONTINUOUS
10
144.9543290000000013
20
-99.5809699999999935
11
144.8732229999999959
21
-99.5267769999999956
0
LINE
8
L1 (Sig, PWR)
6
CONTINUOUS
10
144.8732229999999959
20
-99.5267769999999956
11
144.8190299999999979
21
-99.4456709999999902
0
LINE
8
L1 (Sig, PWR)
6
CONTINUOUS
10
144.8190299999999979
20
-99.4456709999999902
11
144.7999999999999829
21
-99.3499999999999943
0
LINE
8
L1 (Sig, PWR)
6
CONTINUOUS
10
144.7999999999999829
20
-99.3499999999999943
11
144.7999999999999829
21
-99.25
0
LINE
8
L1 (Sig, PWR)
6
CONTINUOUS
10
144.7999999999999829
20
-99.25
11
144.3000009999999804
21
-99.25
0
LINE
8
L1 (Sig, PWR)
6
CONTINUOUS
10
144.3000009999999804
20
-99.25
11
144.3000009999999804
21
-99.3999859999999984
0
LINE
8
L1 (Sig, PWR)
6
CONTINUOUS
10
144.3000009999999804
20
-99.3999859999999984
11
144.3104940000000056
21
-99.5026969999999977
0
LINE
8
L1 (Sig, PWR)
6
CONTINUOUS
10
131.4146849999999915
20
-92.9299999999999926
11
131.4636559999999861
21
-92.8451809999999966
0
LINE
8
L1 (Sig, PWR)
6
CONTINUOUS
10
131.4636559999999861
20
-92.8451809999999966
11
131.5651809999999955
21
-92.7436560000000014
0
LINE
8
L1 (Sig, PWR)
6
CONTINUOUS
10
131.5651809999999955
20
-92.7436560000000014
11
131.6895240000000058
21
-92.6718659999999943
0
LINE
8
L1 (Sig, PWR)
6
CONTINUOUS
10
131.6895240000000058
20
-92.6718659999999943
11
131.8282109999999818
21
-92.6347049999999967
0
LINE
8
L1 (Sig, PWR)
6
CONTINUOUS
10
131.8282109999999818
20
-92.6347049999999967
11
131.9000000000000057
21
-92.6299999999999955
0
LINE
8
L1 (Sig, PWR)
6
CONTINUOUS
10
131.9000000000000057
20
-92.6299999999999955
11
131.9499999999999886
21
-92.6299999999999955
0
LINE
8
L1 (Sig, PWR)
6
CONTINUOUS
10
131.9499999999999886
20
-92.6299999999999955
11
131.9499999999999886
21
-92.1299999999999955
0
LINE
8
L1 (Sig, PWR)
6
CONTINUOUS
10
131.9499999999999886
20
-92.1299999999999955
11
131.7965789999999799
21
-92.1299999999999955
0
LINE
8
L1 (Sig, PWR)
6
CONTINUOUS
10
131.7965789999999799
20
-92.1299999999999955
11
131.5937329999999861
21
-92.17034799999999
0
LINE
8
L1 (Sig, PWR)
6
CONTINUOUS
10
131.5937329999999861
20
-92.17034799999999
11
131.5937250000000063
21
-92.1703499999999991
0
LINE
8
L1 (Sig, PWR)
6
CONTINUOUS
10
131.5937250000000063
20
-92.1703499999999991
11
131.4026409999999885
21
-92.2494999999999976
0
LINE
8
L1 (Sig, PWR)
6
CONTINUOUS
10
131.4026409999999885
20
-92.2494999999999976
11
131.4026309999999853
21
-92.2495049999999992
0
LINE
8
L1 (Sig, PWR)
6
CONTINUOUS
10
131.4026309999999853
20
-92.2495049999999992
11
131.2306639999999902
21
-92.3644099999999924
0
LINE
8
L1 (Sig, PWR)
6
CONTINUOUS
10
131.2306639999999902
20
-92.3644099999999924
11
131.2306600000000003
21
-92.364412999999999
0
LINE
8
L1 (Sig, PWR)
6
CONTINUOUS
10
131.2306600000000003
20
-92.364412999999999
11
131.0844129999999836
21
-92.5106600000000014
0
LINE
8
L1 (Sig, PWR)
6
CONTINUOUS
10
131.0844129999999836
20
-92.5106600000000014
11
131.0844099999999912
21
-92.5106639999999913
0
LINE
8
L1 (Sig, PWR)
6
CONTINUOUS
10
131.0844099999999912
20
-92.5106639999999913
11
130.9695049999999981
21
-92.6826310000000007
0
LINE
8
L1 (Sig, PWR)
6
CONTINUOUS
10
130.9695049999999981
20
-92.6826310000000007
11
130.9694999999999823
21
-92.6826409999999896
0
LINE
8
L1 (Sig, PWR)
6
CONTINUOUS
10
130.9694999999999823
20
-92.6826409999999896
11
130.8903509999999812
21
-92.8737229999999983
0
LINE
8
L1 (Sig, PWR)
6
CONTINUOUS
10
130.8903509999999812
20
-92.8737229999999983
11
130.8903499999999838
21
-92.8737249999999932
0
LINE
8
L1 (Sig, PWR)
6
CONTINUOUS
10
130.8903499999999838
20
-92.8737249999999932
11
130.8791569999999922
21
-92.9299999999999926
0
LINE
8
L1 (Sig, PWR)
6
CONTINUOUS
10
130.8791569999999922
20
-92.9299999999999926
11
131.4146849999999915
21
-92.9299999999999926
0
LINE
8
L1 (Sig, PWR)
6
CONTINUOUS
10
135.2146850000000029
20
-92.9299999999999926
11
135.2636559999999974
21
-92.8451809999999966
0
LINE
8
L1 (Sig, PWR)
6
CONTINUOUS
10
135.2636559999999974
20
-92.8451809999999966
11
135.3651810000000069
21
-92.7436560000000014
0
LINE
8
L1 (Sig, PWR)
6
CONTINUOUS
10
135.3651810000000069
20
-92.7436560000000014
11
135.4895239999999887
21
-92.6718659999999943
0
LINE
8
L1 (Sig, PWR)
6
CONTINUOUS
10
135.4895239999999887
20
-92.6718659999999943
11
135.6282109999999932
21
-92.6347049999999967
0
LINE
8
L1 (Sig, PWR)
6
CONTINUOUS
10
135.6282109999999932
20
-92.6347049999999967
11
135.6999999999999886
21
-92.6299999999999955
0
LINE
8
L1 (Sig, PWR)
6
CONTINUOUS
10
135.6999999999999886
20
-92.6299999999999955
11
135.75
21
-92.6299999999999955
0
LINE
8
L1 (Sig, PWR)
6
CONTINUOUS
10
135.75
20
-92.6299999999999955
11
135.75
21
-92.1299999999999955
0
LINE
8
L1 (Sig, PWR)
6
CONTINUOUS
10
135.75
20
-92.1299999999999955
11
135.5965789999999913
21
-92.1299999999999955
0
LINE
8
L1 (Sig, PWR)
6
CONTINUOUS
10
135.5965789999999913
20
-92.1299999999999955
11
135.3937329999999974
21
-92.17034799999999
0
LINE
8
L1 (Sig, PWR)
6
CONTINUOUS
10
135.3937329999999974
20
-92.17034799999999
11
135.3937249999999892
21
-92.1703499999999991
0
LINE
8
L1 (Sig, PWR)
6
CONTINUOUS
10
135.3937249999999892
20
-92.1703499999999991
11
135.2026409999999998
21
-92.2494999999999976
0
LINE
8
L1 (Sig, PWR)
6
CONTINUOUS
10
135.2026409999999998
20
-92.2494999999999976
11
135.2026309999999967
21
-92.2495049999999992
0
LINE
8
L1 (Sig, PWR)
6
CONTINUOUS
10
135.2026309999999967
20
-92.2495049999999992
11
135.0306640000000016
21
-92.3644099999999924
0
LINE
8
L1 (Sig, PWR)
6
CONTINUOUS
10
135.0306640000000016
20
-92.3644099999999924
11
135.0306599999999833
21
-92.364412999999999
0
LINE
8
L1 (Sig, PWR)
6
CONTINUOUS
10
135.0306599999999833
20
-92.364412999999999
11
134.884412999999995
21
-92.5106600000000014
0
LINE
8
L1 (Sig, PWR)
6
CONTINUOUS
10
134.884412999999995
20
-92.5106600000000014
11
134.8844100000000026
21
-92.5106639999999913
0
LINE
8
L1 (Sig, PWR)
6
CONTINUOUS
10
134.8844100000000026
20
-92.5106639999999913
11
134.769504999999981
21
-92.6826310000000007
0
LINE
8
L1 (Sig, PWR)
6
CONTINUOUS
10
134.769504999999981
20
-92.6826310000000007
11
134.7694999999999936
21
-92.6826409999999896
0
LINE
8
L1 (Sig, PWR)
6
CONTINUOUS
10
134.7694999999999936
20
-92.6826409999999896
11
134.6903509999999926
21
-92.8737229999999983
0
LINE
8
L1 (Sig, PWR)
6
CONTINUOUS
10
134.6903509999999926
20
-92.8737229999999983
11
134.6903499999999951
21
-92.8737249999999932
0
LINE
8
L1 (Sig, PWR)
6
CONTINUOUS
10
134.6903499999999951
20
-92.8737249999999932
11
134.6791570000000036
21
-92.9299999999999926
0
LINE
8
L1 (Sig, PWR)
6
CONTINUOUS
10
134.6791570000000036
20
-92.9299999999999926
11
135.2146850000000029
21
-92.9299999999999926
0
CIRCLE
8
L1 (Sig, PWR)
10
155.4599999999999795
20
-93.9599999999999937
40
0.175
0
CIRCLE
8
L1 (Sig, PWR)
10
158.
20
-93.9599999999999937
40
0.175
0
CIRCLE
8
L1 (Sig, PWR)
10
155.4599999999999795
20
-96.5
40
0.175
0
CIRCLE
8
L1 (Sig, PWR)
10
158.
20
-96.5
40
0.175
0
CIRCLE
8
L1 (Sig, PWR)
10
155.4599999999999795
20
-99.039999999999992
40
0.175
0
CIRCLE
8
L1 (Sig, PWR)
10
158.
20
-99.039999999999992
40
0.175
0
CIRCLE
8
L1 (Sig, PWR)
10
155.4599999999999795
20
-101.5799999999999983
40
0.175
0
CIRCLE
8
L1 (Sig, PWR)
10
158.
20
-101.5799999999999983
40
0.175
0
LINE
8
L1 (Sig, PWR)
6
CONTINUOUS
10
136.2999999999999829
20
-92.6299999999999955
11
135.6999999999999886
21
-92.6299999999999955
0
ARC
8
L1 (Sig, PWR)
10
135.6999999999999886
20
-93.1799999999999926
40
0.5499999999999999
50
90.00000000
51
270.00000000
0
LINE
8
L1 (Sig, PWR)
6
CONTINUOUS
10
135.6999999999999886
20
-93.7299999999999898
11
136.2999999999999829
21
-93.7299999999999898
0
ARC
8
L1 (Sig, PWR)
10
136.2999999999999829
20
-93.1799999999999926
40
0.5499999999999999
50
270.00000000
51
450.00000000
0
LINE
8
L1 (Sig, PWR)
6
CONTINUOUS
10
132.5
20
-92.6299999999999955
11
131.9000000000000057
21
-92.6299999999999955
0
ARC
8
L1 (Sig, PWR)
10
131.9000000000000057
20
-93.1799999999999926
40
0.5499999999999999
50
90.00000000
51
270.00000000
0
LINE
8
L1 (Sig, PWR)
6
CONTINUOUS
10
131.9000000000000057
20
-93.7299999999999898
11
132.5
21
-93.7299999999999898
0
ARC
8
L1 (Sig, PWR)
10
132.5
20
-93.1799999999999926
40
0.5499999999999999
50
270.00000000
51
450.00000000
0
LINE
8
L1 (Sig, PWR)
6
CONTINUOUS
10
136.2999999999999829
20
-101.269999999999996
11
135.6999999999999886
21
-101.269999999999996
0
ARC
8
L1 (Sig, PWR)
10
135.6999999999999886
20
-101.8199999999999932
40
0.5499999999999999
50
90.00000000
51
270.00000000
0
LINE
8
L1 (Sig, PWR)
6
CONTINUOUS
10
135.6999999999999886
20
-102.3699999999999903
11
136.2999999999999829
21
-102.3699999999999903
0
ARC
8
L1 (Sig, PWR)
10
136.2999999999999829
20
-101.8199999999999932
40
0.5499999999999999
50
270.00000000
51
450.00000000
0
LINE
8
L1 (Sig, PWR)
6
CONTINUOUS
10
132.5
20
-101.269999999999996
11
131.9000000000000057
21
-101.269999999999996
0
ARC
8
L1 (Sig, PWR)
10
131.9000000000000057
20
-101.8199999999999932
40
0.5499999999999999
50
90.00000000
51
270.00000000
0
LINE
8
L1 (Sig, PWR)
6
CONTINUOUS
10
131.9000000000000057
20
-102.3699999999999903
11
132.5
21
-102.3699999999999903
0
ARC
8
L1 (Sig, PWR)
10
132.5
20
-101.8199999999999932
40
0.5499999999999999
50
270.00000000
51
450.00000000
0
CIRCLE
8
L1 (Sig, PWR)
10
155.4599999999999795
20
-93.9599999999999937
40
0.175
0
CIRCLE
8
L1 (Sig, PWR)
10
158.
20
-93.9599999999999937
40
0.175
0
CIRCLE
8
L1 (Sig, PWR)
10
155.4599999999999795
20
-96.5
40
0.175
0
CIRCLE
8
L1 (Sig, PWR)
10
158.
20
-96.5
40
0.175
0
CIRCLE
8
L1 (Sig, PWR)
10
155.4599999999999795
20
-99.039999999999992
40
0.175
0
CIRCLE
8
L1 (Sig, PWR)
10
158.
20
-99.039999999999992
40
0.175
0
CIRCLE
8
L1 (Sig, PWR)
10
155.4599999999999795
20
-101.5799999999999983
40
0.175
0
CIRCLE
8
L1 (Sig, PWR)
10
158.
20
-101.5799999999999983
40
0.175
0
LINE
8
L1 (Sig, PWR)
6
CONTINUOUS
10
136.2999999999999829
20
-92.8799999999999955
11
135.6999999999999886
21
-92.8799999999999955
0
ARC
8
L1 (Sig, PWR)
10
135.6999999999999886
20
-93.1799999999999926
40
0.3
50
90.00000000
51
270.00000000
0
LINE
8
L1 (Sig, PWR)
6
CONTINUOUS
10
135.6999999999999886
20
-93.4799999999999898
11
136.2999999999999829
21
-93.4799999999999898
0
ARC
8
L1 (Sig, PWR)
10
136.2999999999999829
20
-93.1799999999999926
40
0.3
50
270.00000000
51
450.00000000
0
LINE
8
L1 (Sig, PWR)
6
CONTINUOUS
10
132.5
20
-92.8799999999999955
11
131.9000000000000057
21
-92.8799999999999955
0
ARC
8
L1 (Sig, PWR)
10
131.9000000000000057
20
-93.1799999999999926
40
0.3
50
90.00000000
51
270.00000000
0
LINE
8
L1 (Sig, PWR)
6
CONTINUOUS
10
131.9000000000000057
20
-93.4799999999999898
11
132.5
21
-93.4799999999999898
0
ARC
8
L1 (Sig, PWR)
10
132.5
20
-93.1799999999999926
40
0.3
50
270.00000000
51
450.00000000
0
LINE
8
L1 (Sig, PWR)
6
CONTINUOUS
10
136.2999999999999829
20
-101.519999999999996
11
135.6999999999999886
21
-101.519999999999996
0
ARC
8
L1 (Sig, PWR)
10
135.6999999999999886
20
-101.8199999999999932
40
0.3
50
90.00000000
51
270.00000000
0
LINE
8
L1 (Sig, PWR)
6
CONTINUOUS
10
135.6999999999999886
20
-102.1199999999999903
11
136.2999999999999829
21
-102.1199999999999903
0
ARC
8
L1 (Sig, PWR)
10
136.2999999999999829
20
-101.8199999999999932
40
0.3
50
270.00000000
51
450.00000000
0
LINE
8
L1 (Sig, PWR)
6
CONTINUOUS
10
132.5
20
-101.519999999999996
11
131.9000000000000057
21
-101.519999999999996
0
ARC
8
L1 (Sig, PWR)
10
131.9000000000000057
20
-101.8199999999999932
40
0.3
50
90.00000000
51
270.00000000
0
LINE
8
L1 (Sig, PWR)
6
CONTINUOUS
10
131.9000000000000057
20
-102.1199999999999903
11
132.5
21
-102.1199999999999903
0
ARC
8
L1 (Sig, PWR)
10
132.5
20
-101.8199999999999932
40
0.3
50
270.00000000
51
450.00000000
  0
ENDSEC
  0
EOF
