  0
SECTION
  2
HEADER
  9
$ANGBASE
  50
0.0
  9
$ANGDIR
  70
1
  9
$MEASUREMENT
  70
1
  9
$INSUNITS
  70
4
  0
ENDSEC
  0
SECTION
  2
TABLES
  0
TABLE
  2
LTYPE
  70
4
  0
LTYPE
  5
40F
  2
CONTINUOUS
  70
0
  3
Solid line
  72
65
  73
0
  40
0.0
  0
LTYPE
  5
410
  2
DASHDOT
 70
0
  3
Dash Dot ____ _ ____ _
 72
65
 73
4
 40
2.0
 49
1.25
 49
-0.25
 49
0.25
 49
-0.25
  0
LTYPE
  5
411
  2
DASHED
 70
0
  3
Dashed __ __ __ __ __
 72
65
 73
2
 40
0.75
 49
0.5
 49
-0.25
  0
LTYPE
  5
43B
  2
DOTTED
 70
0
  3
Dotted .  .  .  .
 72
65
 73
2
 40
0.2
 49
0.0
 49
-0.2
  0
ENDTAB
  0
TABLE
  2
STYLE
  70
4
  0
STYLE
  2
KICAD
  70
0
  40
0
  41
1
  42
1
  50
0
  71
0
  3
isocp.shx
  0
STYLE
  2
KICADB
  70
0
  40
0
  41
1
  42
1
  50
0
  71
0
  3
isocp.shx
  0
STYLE
  2
KICADI
  70
0
  40
0
  41
1
  42
1
  50
15
  71
0
  3
isocp.shx
  0
STYLE
  2
KICADBI
  70
0
  40
0
  41
1
  42
1
  50
15
  71
0
  3
isocp.shx
  0
ENDTAB
  0
TABLE
  2
LAYER
  70
9
  0
LAYER
  2
L1 (Sig, PWR)
  70
0
  62
13
  420
13120564
  6
CONTINUOUS
  0
LAYER
  2
L6 (Sig, PWR)
  70
0
  62
153
  420
5078980
  6
CONTINUOUS
  0
LAYER
  2
F.Paste
  70
0
  62
253
  420
11837594
  6
CONTINUOUS
  0
LAYER
  2
B.Paste
  70
0
  62
132
  420
49858
  6
CONTINUOUS
  0
LAYER
  2
F.Silkscreen
  70
0
  62
41
  420
15920545
  6
CONTINUOUS
  0
LAYER
  2
B.Silkscreen
  70
0
  62
31
  420
15250087
  6
CONTINUOUS
  0
LAYER
  2
F.Mask
  70
0
  62
201
  420
14181631
  6
CONTINUOUS
  0
LAYER
  2
B.Mask
  70
0
  62
4
  420
196590
  6
CONTINUOUS
  0
LAYER
  2
Edge.Cuts
  70
0
  62
254
  420
13685453
  6
CONTINUOUS
  0
ENDTAB
  0
ENDSEC
  0
SECTION
  2
ENTITIES
0
LINE
8
F.Silkscreen
6
CONTINUOUS
10
157.2066800000000057
20
-91.3748429999999985
11
157.2213119999999833
21
-91.3762839999999983
0
LINE
8
F.Silkscreen
6
CONTINUOUS
10
157.2213119999999833
20
-91.3762839999999983
11
157.2227350000000001
21
-91.3766409999999922
0
LINE
8
F.Silkscreen
6
CONTINUOUS
10
157.2227350000000001
20
-91.3766409999999922
11
157.2244739999999865
21
-91.3773609999999934
0
LINE
8
F.Silkscreen
6
CONTINUOUS
10
157.2244739999999865
20
-91.3773609999999934
11
157.2263529999999889
21
-91.3774949999999961
0
LINE
8
F.Silkscreen
6
CONTINUOUS
10
157.2263529999999889
20
-91.3774949999999961
11
157.2277859999999805
21
-91.3778119999999916
0
LINE
8
F.Silkscreen
6
CONTINUOUS
10
157.2277859999999805
20
-91.3778119999999916
11
157.241517999999985
21
-91.3830669999999969
0
LINE
8
F.Silkscreen
6
CONTINUOUS
10
157.241517999999985
20
-91.3830669999999969
11
157.2419669999999883
21
-91.3832649999999944
0
LINE
8
F.Silkscreen
6
CONTINUOUS
10
157.2419669999999883
20
-91.3832649999999944
11
157.3372049999999831
21
-91.4308839999999918
0
LINE
8
F.Silkscreen
6
CONTINUOUS
10
157.3372049999999831
20
-91.4308839999999918
11
157.3376319999999851
21
-91.431123999999997
0
LINE
8
F.Silkscreen
6
CONTINUOUS
10
157.3376319999999851
20
-91.431123999999997
11
157.3435729999999921
21
-91.4348619999999954
0
LINE
8
F.Silkscreen
6
CONTINUOUS
10
157.3435729999999921
20
-91.4348619999999954
11
157.3450109999999995
21
-91.4354589999999945
0
LINE
8
F.Silkscreen
6
CONTINUOUS
10
157.3450109999999995
20
-91.4354589999999945
11
157.3462690000000066
21
-91.4362139999999926
0
LINE
8
F.Silkscreen
6
CONTINUOUS
10
157.3462690000000066
20
-91.4362139999999926
11
157.3480789999999843
21
-91.4376999999999924
0
LINE
8
F.Silkscreen
6
CONTINUOUS
10
157.3480789999999843
20
-91.4376999999999924
11
157.3500750000000039
21
-91.4389559999999904
0
LINE
8
F.Silkscreen
6
CONTINUOUS
10
157.3500750000000039
20
-91.4389559999999904
11
157.3511900000000026
21
-91.4399119999999925
0
LINE
8
F.Silkscreen
6
CONTINUOUS
10
157.3511900000000026
20
-91.4399119999999925
11
157.3522130000000061
21
-91.4410919999999976
0
LINE
8
F.Silkscreen
6
CONTINUOUS
10
157.3522130000000061
20
-91.4410919999999976
11
157.3576329999999928
21
-91.4455399999999941
0
LINE
8
F.Silkscreen
6
CONTINUOUS
10
157.3576329999999928
20
-91.4455399999999941
11
157.3579969999999832
21
-91.4458690000000018
0
LINE
8
F.Silkscreen
6
CONTINUOUS
10
157.3579969999999832
20
-91.4458690000000018
11
157.4056159999999807
21
-91.4934879999999993
0
LINE
8
F.Silkscreen
6
CONTINUOUS
10
157.4056159999999807
20
-91.4934879999999993
11
157.4059450000000027
21
-91.4938519999999897
0
LINE
8
F.Silkscreen
6
CONTINUOUS
10
157.4059450000000027
20
-91.4938519999999897
11
157.4103939999999966
21
-91.4992739999999998
0
LINE
8
F.Silkscreen
6
CONTINUOUS
10
157.4103939999999966
20
-91.4992739999999998
11
157.4115730000000042
21
-91.5002959999999916
0
LINE
8
F.Silkscreen
6
CONTINUOUS
10
157.4115730000000042
20
-91.5002959999999916
11
157.4125290000000064
21
-91.5014109999999903
0
LINE
8
F.Silkscreen
6
CONTINUOUS
10
157.4125290000000064
20
-91.5014109999999903
11
157.4137810000000002
21
-91.5034009999999967
0
LINE
8
F.Silkscreen
6
CONTINUOUS
10
157.4137810000000002
20
-91.5034009999999967
11
157.41527099999999
21
-91.5052159999999901
0
LINE
8
F.Silkscreen
6
CONTINUOUS
10
157.41527099999999
20
-91.5052159999999901
11
157.416025999999988
21
-91.5064749999999947
0
LINE
8
F.Silkscreen
6
CONTINUOUS
10
157.416025999999988
20
-91.5064749999999947
11
157.4166199999999947
21
-91.5079089999999979
0
LINE
8
F.Silkscreen
6
CONTINUOUS
10
157.4166199999999947
20
-91.5079089999999979
11
157.4203609999999856
21
-91.5138529999999975
0
LINE
8
F.Silkscreen
6
CONTINUOUS
10
157.4203609999999856
20
-91.5138529999999975
11
157.4206010000000049
21
-91.5142799999999994
0
LINE
8
F.Silkscreen
6
CONTINUOUS
10
157.4206010000000049
20
-91.5142799999999994
11
157.4682200000000023
21
-91.6095179999999942
0
LINE
8
F.Silkscreen
6
CONTINUOUS
10
157.4682200000000023
20
-91.6095179999999942
11
157.4684179999999856
21
-91.6099669999999975
0
LINE
8
F.Silkscreen
6
CONTINUOUS
10
157.4684179999999856
20
-91.6099669999999975
11
157.4736729999999909
21
-91.6236979999999903
0
LINE
8
F.Silkscreen
6
CONTINUOUS
10
157.4736729999999909
20
-91.6236979999999903
11
157.4739899999999864
21
-91.6251309999999961
0
LINE
8
F.Silkscreen
6
CONTINUOUS
10
157.4739899999999864
20
-91.6251309999999961
11
157.4741229999999916
21
-91.6270099999999985
0
LINE
8
F.Silkscreen
6
CONTINUOUS
10
157.4741229999999916
20
-91.6270099999999985
11
157.4748439999999903
21
-91.6287499999999966
0
LINE
8
F.Silkscreen
6
CONTINUOUS
10
157.4748439999999903
20
-91.6287499999999966
11
157.4752009999999984
21
-91.6301729999999992
0
LINE
8
F.Silkscreen
6
CONTINUOUS
10
157.4752009999999984
20
-91.6301729999999992
11
157.4766419999999982
21
-91.644804999999991
0
LINE
8
F.Silkscreen
6
CONTINUOUS
10
157.4766419999999982
20
-91.644804999999991
11
157.4766659999999945
21
-91.6452949999999902
0
LINE
8
F.Silkscreen
6
CONTINUOUS
10
157.4766659999999945
20
-91.6452949999999902
11
157.4766659999999945
21
-91.7405329999999992
0
LINE
8
F.Silkscreen
6
CONTINUOUS
10
157.4766659999999945
20
-91.7405329999999992
11
157.4766419999999982
21
-91.7410229999999984
0
LINE
8
F.Silkscreen
6
CONTINUOUS
10
157.4766419999999982
20
-91.7410229999999984
11
157.4759530000000041
21
-91.7480079999999987
0
LINE
8
F.Silkscreen
6
CONTINUOUS
10
157.4759530000000041
20
-91.7480079999999987
11
157.4760639999999796
21
-91.7495579999999933
0
LINE
8
F.Silkscreen
6
CONTINUOUS
10
157.4760639999999796
20
-91.7495579999999933
11
157.4759520000000066
21
-91.7510229999999893
0
LINE
8
F.Silkscreen
6
CONTINUOUS
10
157.4759520000000066
20
-91.7510229999999893
11
157.4754309999999862
21
-91.753309999999999
0
LINE
8
F.Silkscreen
6
CONTINUOUS
10
157.4754309999999862
20
-91.753309999999999
11
157.4752009999999984
21
-91.7556539999999927
0
LINE
8
F.Silkscreen
6
CONTINUOUS
10
157.4752009999999984
20
-91.7556539999999927
11
157.4748439999999903
21
-91.7570809999999994
0
LINE
8
F.Silkscreen
6
CONTINUOUS
10
157.4748439999999903
20
-91.7570809999999994
11
157.4742469999999912
21
-91.7585189999999926
0
LINE
8
F.Silkscreen
6
CONTINUOUS
10
157.4742469999999912
20
-91.7585189999999926
11
157.4726929999999925
21
-91.7653589999999895
0
LINE
8
F.Silkscreen
6
CONTINUOUS
10
157.4726929999999925
20
-91.7653589999999895
11
157.4725599999999872
21
-91.765831999999989
0
LINE
8
F.Silkscreen
6
CONTINUOUS
10
157.4725599999999872
20
-91.765831999999989
11
157.4249409999999898
21
-91.9086879999999979
0
LINE
8
F.Silkscreen
6
CONTINUOUS
10
157.4249409999999898
20
-91.9086879999999979
11
157.4247639999999819
21
-91.9091449999999952
0
LINE
8
F.Silkscreen
6
CONTINUOUS
10
157.4247639999999819
20
-91.9091449999999952
11
157.418769999999995
21
-91.9225709999999907
0
LINE
8
F.Silkscreen
6
CONTINUOUS
10
157.418769999999995
20
-91.9225709999999907
11
157.41798
21
-91.9238099999999889
0
LINE
8
F.Silkscreen
6
CONTINUOUS
10
157.41798
20
-91.9238099999999889
11
157.4167479999999841
21
-91.9252290000000016
0
LINE
8
F.Silkscreen
6
CONTINUOUS
10
157.4167479999999841
20
-91.9252290000000016
11
157.416027999999983
21
-91.9269699999999972
0
LINE
8
F.Silkscreen
6
CONTINUOUS
10
157.416027999999983
20
-91.9269699999999972
11
157.4152729999999849
21
-91.9282299999999992
0
LINE
8
F.Silkscreen
6
CONTINUOUS
10
157.4152729999999849
20
-91.9282299999999992
11
157.4059450000000027
21
-91.9395949999999971
0
LINE
8
F.Silkscreen
6
CONTINUOUS
10
157.4059450000000027
20
-91.9395949999999971
11
157.4056159999999807
21
-91.9399590000000018
0
LINE
8
F.Silkscreen
6
CONTINUOUS
10
157.4056159999999807
20
-91.9399590000000018
11
156.9707569999999919
21
-92.3748190000000022
0
LINE
8
F.Silkscreen
6
CONTINUOUS
10
156.9707569999999919
20
-92.3748190000000022
11
157.396665999999982
21
-92.3748190000000022
0
LINE
8
F.Silkscreen
6
CONTINUOUS
10
157.396665999999982
20
-92.3748190000000022
11
157.3971559999999954
21
-92.3748429999999985
0
LINE
8
F.Silkscreen
6
CONTINUOUS
10
157.3971559999999954
20
-92.3748429999999985
11
157.4117880000000014
21
-92.3762839999999983
0
LINE
8
F.Silkscreen
6
CONTINUOUS
10
157.4117880000000014
20
-92.3762839999999983
11
157.4132109999999898
21
-92.3766409999999922
0
LINE
8
F.Silkscreen
6
CONTINUOUS
10
157.4132109999999898
20
-92.3766409999999922
11
157.4402469999999994
21
-92.3878399999999971
0
LINE
8
F.Silkscreen
6
CONTINUOUS
10
157.4402469999999994
20
-92.3878399999999971
11
157.4418699999999944
21
-92.3889229999999912
0
LINE
8
F.Silkscreen
6
CONTINUOUS
10
157.4418699999999944
20
-92.3889229999999912
11
157.4625619999999913
21
-92.4096150000000023
0
LINE
8
F.Silkscreen
6
CONTINUOUS
10
157.4625619999999913
20
-92.4096150000000023
11
157.4636449999999854
21
-92.4112379999999973
0
LINE
8
F.Silkscreen
6
CONTINUOUS
10
157.4636449999999854
20
-92.4112379999999973
11
157.4748439999999903
21
-92.4382739999999927
0
LINE
8
F.Silkscreen
6
CONTINUOUS
10
157.4748439999999903
20
-92.4382739999999927
11
157.4752249999999947
21
-92.4401869999999946
0
LINE
8
F.Silkscreen
6
CONTINUOUS
10
157.4752249999999947
20
-92.4401869999999946
11
157.4752249999999947
21
-92.4694509999999923
0
LINE
8
F.Silkscreen
6
CONTINUOUS
10
157.4752249999999947
20
-92.4694509999999923
11
157.4748439999999903
21
-92.4713639999999941
0
LINE
8
F.Silkscreen
6
CONTINUOUS
10
157.4748439999999903
20
-92.4713639999999941
11
157.4636449999999854
21
-92.4983999999999895
0
LINE
8
F.Silkscreen
6
CONTINUOUS
10
157.4636449999999854
20
-92.4983999999999895
11
157.4625619999999913
21
-92.5000229999999988
0
LINE
8
F.Silkscreen
6
CONTINUOUS
10
157.4625619999999913
20
-92.5000229999999988
11
157.4425849999999798
21
-92.519999999999996
0
LINE
8
F.Silkscreen
6
CONTINUOUS
10
157.4425849999999798
20
-92.519999999999996
11
159.3799999999999955
21
-92.519999999999996
0
LINE
8
F.Silkscreen
6
CONTINUOUS
10
159.3799999999999955
20
-92.519999999999996
11
159.4029610000000048
21
-92.5245669999999905
0
LINE
8
F.Silkscreen
6
CONTINUOUS
10
159.4029610000000048
20
-92.5245669999999905
11
159.4354329999999891
21
-92.557038999999989
0
LINE
8
F.Silkscreen
6
CONTINUOUS
10
159.4354329999999891
20
-92.557038999999989
11
159.4399999999999977
21
-92.5799999999999983
0
LINE
8
F.Silkscreen
6
CONTINUOUS
10
159.4399999999999977
20
-92.5799999999999983
11
159.4399999999999977
21
-102.9599999999999937
0
LINE
8
F.Silkscreen
6
CONTINUOUS
10
159.4399999999999977
20
-102.9599999999999937
11
159.4354329999999891
21
-102.9829609999999889
0
LINE
8
F.Silkscreen
6
CONTINUOUS
10
159.4354329999999891
20
-102.9829609999999889
11
159.4029610000000048
21
-103.0154330000000016
0
LINE
8
F.Silkscreen
6
CONTINUOUS
10
159.4029610000000048
20
-103.0154330000000016
11
159.3799999999999955
21
-103.019999999999996
0
LINE
8
F.Silkscreen
6
CONTINUOUS
10
159.3799999999999955
20
-103.019999999999996
11
154.0799999999999841
21
-103.019999999999996
0
LINE
8
F.Silkscreen
6
CONTINUOUS
10
154.0799999999999841
20
-103.019999999999996
11
154.0570390000000032
21
-103.0154330000000016
0
LINE
8
F.Silkscreen
6
CONTINUOUS
10
154.0570390000000032
20
-103.0154330000000016
11
154.0245669999999905
21
-102.9829609999999889
0
LINE
8
F.Silkscreen
6
CONTINUOUS
10
154.0245669999999905
20
-102.9829609999999889
11
154.0199999999999818
21
-102.9599999999999937
0
LINE
8
F.Silkscreen
6
CONTINUOUS
10
154.0199999999999818
20
-102.9599999999999937
11
154.0199999999999818
21
-95.289999999999992
0
LINE
8
F.Silkscreen
6
CONTINUOUS
10
154.0199999999999818
20
-95.289999999999992
11
154.1399999999999864
21
-95.289999999999992
0
LINE
8
F.Silkscreen
6
CONTINUOUS
10
154.1399999999999864
20
-95.289999999999992
11
154.1399999999999864
21
-102.8999999999999915
0
LINE
8
F.Silkscreen
6
CONTINUOUS
10
154.1399999999999864
20
-102.8999999999999915
11
159.3199999999999932
21
-102.8999999999999915
0
LINE
8
F.Silkscreen
6
CONTINUOUS
10
159.3199999999999932
20
-102.8999999999999915
11
159.3199999999999932
21
-92.6400000000000006
0
LINE
8
F.Silkscreen
6
CONTINUOUS
10
159.3199999999999932
20
-92.6400000000000006
11
156.789999999999992
21
-92.6400000000000006
0
LINE
8
F.Silkscreen
6
CONTINUOUS
10
156.789999999999992
20
-92.6400000000000006
11
156.789999999999992
21
-95.2299999999999898
0
LINE
8
F.Silkscreen
6
CONTINUOUS
10
156.789999999999992
20
-95.2299999999999898
11
156.7854329999999834
21
-95.2529609999999991
0
LINE
8
F.Silkscreen
6
CONTINUOUS
10
156.7854329999999834
20
-95.2529609999999991
11
156.7529609999999991
21
-95.2854329999999976
0
LINE
8
F.Silkscreen
6
CONTINUOUS
10
156.7529609999999991
20
-95.2854329999999976
11
156.7299999999999898
21
-95.289999999999992
0
LINE
8
F.Silkscreen
6
CONTINUOUS
10
156.7299999999999898
20
-95.289999999999992
11
154.1399999999999864
21
-95.289999999999992
0
LINE
8
F.Silkscreen
6
CONTINUOUS
10
154.1399999999999864
20
-95.289999999999992
11
154.0199999999999818
21
-95.289999999999992
0
LINE
8
F.Silkscreen
6
CONTINUOUS
10
154.0199999999999818
20
-95.289999999999992
11
154.0199999999999818
21
-95.2299999999999898
0
LINE
8
F.Silkscreen
6
CONTINUOUS
10
154.0199999999999818
20
-95.2299999999999898
11
154.0245669999999905
21
-95.2070389999999946
0
LINE
8
F.Silkscreen
6
CONTINUOUS
10
154.0245669999999905
20
-95.2070389999999946
11
154.0570390000000032
21
-95.1745669999999961
0
LINE
8
F.Silkscreen
6
CONTINUOUS
10
154.0570390000000032
20
-95.1745669999999961
11
154.0799999999999841
21
-95.1700000000000017
0
LINE
8
F.Silkscreen
6
CONTINUOUS
10
154.0799999999999841
20
-95.1700000000000017
11
156.6699999999999875
21
-95.1700000000000017
0
LINE
8
F.Silkscreen
6
CONTINUOUS
10
156.6699999999999875
20
-95.1700000000000017
11
156.6699999999999875
21
-92.5799999999999983
0
LINE
8
F.Silkscreen
6
CONTINUOUS
10
156.6699999999999875
20
-92.5799999999999983
11
156.6745669999999961
21
-92.557038999999989
0
LINE
8
F.Silkscreen
6
CONTINUOUS
10
156.6745669999999961
20
-92.557038999999989
11
156.7070389999999804
21
-92.5245669999999905
0
LINE
8
F.Silkscreen
6
CONTINUOUS
10
156.7070389999999804
20
-92.5245669999999905
11
156.7299999999999898
21
-92.519999999999996
0
LINE
8
F.Silkscreen
6
CONTINUOUS
10
156.7299999999999898
20
-92.519999999999996
11
156.7316999999999894
21
-92.519999999999996
0
LINE
8
F.Silkscreen
6
CONTINUOUS
10
156.7316999999999894
20
-92.519999999999996
11
156.7117230000000063
21
-92.5000229999999988
0
LINE
8
F.Silkscreen
6
CONTINUOUS
10
156.7117230000000063
20
-92.5000229999999988
11
156.7106399999999837
21
-92.4983999999999895
0
LINE
8
F.Silkscreen
6
CONTINUOUS
10
156.7106399999999837
20
-92.4983999999999895
11
156.6994409999999789
21
-92.4713639999999941
0
LINE
8
F.Silkscreen
6
CONTINUOUS
10
156.6994409999999789
20
-92.4713639999999941
11
156.6990600000000029
21
-92.4694509999999923
0
LINE
8
F.Silkscreen
6
CONTINUOUS
10
156.6990600000000029
20
-92.4694509999999923
11
156.6990600000000029
21
-92.4401869999999946
0
LINE
8
F.Silkscreen
6
CONTINUOUS
10
156.6990600000000029
20
-92.4401869999999946
11
156.6994409999999789
21
-92.4382739999999927
0
LINE
8
F.Silkscreen
6
CONTINUOUS
10
156.6994409999999789
20
-92.4382739999999927
11
156.7106399999999837
21
-92.4112379999999973
0
LINE
8
F.Silkscreen
6
CONTINUOUS
10
156.7106399999999837
20
-92.4112379999999973
11
156.7113939999999843
21
-92.4099789999999928
0
LINE
8
F.Silkscreen
6
CONTINUOUS
10
156.7113939999999843
20
-92.4099789999999928
11
156.7207209999999975
21
-92.3986139999999949
0
LINE
8
F.Silkscreen
6
CONTINUOUS
10
156.7207209999999975
20
-92.3986139999999949
11
156.7210499999999911
21
-92.3982499999999902
0
LINE
8
F.Silkscreen
6
CONTINUOUS
10
156.7210499999999911
20
-92.3982499999999902
11
157.2791249999999934
21
-91.8401719999999955
0
LINE
8
F.Silkscreen
6
CONTINUOUS
10
157.2791249999999934
20
-91.8401719999999955
11
157.3166659999999979
21
-91.7275520000000029
0
LINE
8
F.Silkscreen
6
CONTINUOUS
10
157.3166659999999979
20
-91.7275520000000029
11
157.3166659999999979
21
-91.6641800000000018
0
LINE
8
F.Silkscreen
6
CONTINUOUS
10
157.3166659999999979
20
-91.6641800000000018
11
157.283299999999997
21
-91.597448
0
LINE
8
F.Silkscreen
6
CONTINUOUS
10
157.283299999999997
20
-91.597448
11
157.2540369999999825
21
-91.5681849999999997
0
LINE
8
F.Silkscreen
6
CONTINUOUS
10
157.2540369999999825
20
-91.5681849999999997
11
157.1873049999999807
21
-91.5348189999999988
0
LINE
8
F.Silkscreen
6
CONTINUOUS
10
157.1873049999999807
20
-91.5348189999999988
11
156.9869799999999884
21
-91.5348189999999988
0
LINE
8
F.Silkscreen
6
CONTINUOUS
10
156.9869799999999884
20
-91.5348189999999988
11
156.9202479999999866
21
-91.5681849999999997
0
LINE
8
F.Silkscreen
6
CONTINUOUS
10
156.9202479999999866
20
-91.5681849999999997
11
156.8818069999999807
21
-91.6066259999999914
0
LINE
8
F.Silkscreen
6
CONTINUOUS
10
156.8818069999999807
20
-91.6066259999999914
11
156.8814429999999902
21
-91.6069549999999992
0
LINE
8
F.Silkscreen
6
CONTINUOUS
10
156.8814429999999902
20
-91.6069549999999992
11
156.8700780000000066
21
-91.6162819999999982
0
LINE
8
F.Silkscreen
6
CONTINUOUS
10
156.8700780000000066
20
-91.6162819999999982
11
156.868819000000002
21
-91.6170359999999988
0
LINE
8
F.Silkscreen
6
CONTINUOUS
10
156.868819000000002
20
-91.6170359999999988
11
156.8417819999999949
21
-91.6282349999999894
0
LINE
8
F.Silkscreen
6
CONTINUOUS
10
156.8417819999999949
20
-91.6282349999999894
11
156.8398689999999931
21
-91.6286159999999938
0
LINE
8
F.Silkscreen
6
CONTINUOUS
10
156.8398689999999931
20
-91.6286159999999938
11
156.8106070000000045
21
-91.6286159999999938
0
LINE
8
F.Silkscreen
6
CONTINUOUS
10
156.8106070000000045
20
-91.6286159999999938
11
156.8086940000000027
21
-91.6282349999999894
0
LINE
8
F.Silkscreen
6
CONTINUOUS
10
156.8086940000000027
20
-91.6282349999999894
11
156.7816569999999956
21
-91.6170359999999988
0
LINE
8
F.Silkscreen
6
CONTINUOUS
10
156.7816569999999956
20
-91.6170359999999988
11
156.7800340000000006
21
-91.6159529999999904
0
LINE
8
F.Silkscreen
6
CONTINUOUS
10
156.7800340000000006
20
-91.6159529999999904
11
156.7593420000000037
21
-91.5952609999999936
0
LINE
8
F.Silkscreen
6
CONTINUOUS
10
156.7593420000000037
20
-91.5952609999999936
11
156.7582589999999811
21
-91.5936379999999986
0
LINE
8
F.Silkscreen
6
CONTINUOUS
10
156.7582589999999811
20
-91.5936379999999986
11
156.7470600000000047
21
-91.5666009999999915
0
LINE
8
F.Silkscreen
6
CONTINUOUS
10
156.7470600000000047
20
-91.5666009999999915
11
156.7466790000000003
21
-91.5646879999999896
0
LINE
8
F.Silkscreen
6
CONTINUOUS
10
156.7466790000000003
20
-91.5646879999999896
11
156.7466790000000003
21
-91.5354260000000011
0
LINE
8
F.Silkscreen
6
CONTINUOUS
10
156.7466790000000003
20
-91.5354260000000011
11
156.7470600000000047
21
-91.5335129999999992
0
LINE
8
F.Silkscreen
6
CONTINUOUS
10
156.7470600000000047
20
-91.5335129999999992
11
156.7582589999999811
21
-91.5064759999999922
0
LINE
8
F.Silkscreen
6
CONTINUOUS
10
156.7582589999999811
20
-91.5064759999999922
11
156.7590129999999817
21
-91.5052170000000018
0
LINE
8
F.Silkscreen
6
CONTINUOUS
10
156.7590129999999817
20
-91.5052170000000018
11
156.7683399999999949
21
-91.4938519999999897
0
LINE
8
F.Silkscreen
6
CONTINUOUS
10
156.7683399999999949
20
-91.4938519999999897
11
156.7686689999999885
21
-91.4934879999999993
0
LINE
8
F.Silkscreen
6
CONTINUOUS
10
156.7686689999999885
20
-91.4934879999999993
11
156.8162879999999859
21
-91.4458690000000018
0
LINE
8
F.Silkscreen
6
CONTINUOUS
10
156.8162879999999859
20
-91.4458690000000018
11
156.8166520000000048
21
-91.4455399999999941
0
LINE
8
F.Silkscreen
6
CONTINUOUS
10
156.8166520000000048
20
-91.4455399999999941
11
156.8220749999999839
21
-91.4410879999999935
0
LINE
8
F.Silkscreen
6
CONTINUOUS
10
156.8220749999999839
20
-91.4410879999999935
11
156.82309699999999
21
-91.4399109999999951
0
LINE
8
F.Silkscreen
6
CONTINUOUS
10
156.82309699999999
20
-91.4399109999999951
11
156.8242089999999962
21
-91.438957000000002
0
LINE
8
F.Silkscreen
6
CONTINUOUS
10
156.8242089999999962
20
-91.438957000000002
11
156.8262009999999975
21
-91.4377020000000016
0
LINE
8
F.Silkscreen
6
CONTINUOUS
10
156.8262009999999975
20
-91.4377020000000016
11
156.8280169999999885
21
-91.4362129999999951
0
LINE
8
F.Silkscreen
6
CONTINUOUS
10
156.8280169999999885
20
-91.4362129999999951
11
156.8292730000000006
21
-91.435459999999992
0
LINE
8
F.Silkscreen
6
CONTINUOUS
10
156.8292730000000006
20
-91.435459999999992
11
156.8307069999999896
21
-91.4348639999999904
0
LINE
8
F.Silkscreen
6
CONTINUOUS
10
156.8307069999999896
20
-91.4348639999999904
11
156.8366529999999841
21
-91.431123999999997
0
LINE
8
F.Silkscreen
6
CONTINUOUS
10
156.8366529999999841
20
-91.431123999999997
11
156.8370799999999861
21
-91.4308839999999918
0
LINE
8
F.Silkscreen
6
CONTINUOUS
10
156.8370799999999861
20
-91.4308839999999918
11
156.9323179999999809
21
-91.3832649999999944
0
LINE
8
F.Silkscreen
6
CONTINUOUS
10
156.9323179999999809
20
-91.3832649999999944
11
156.9327669999999841
21
-91.3830669999999969
0
LINE
8
F.Silkscreen
6
CONTINUOUS
10
156.9327669999999841
20
-91.3830669999999969
11
156.9464979999999912
21
-91.3778119999999916
0
LINE
8
F.Silkscreen
6
CONTINUOUS
10
156.9464979999999912
20
-91.3778119999999916
11
156.9479289999999878
21
-91.3774949999999961
0
LINE
8
F.Silkscreen
6
CONTINUOUS
10
156.9479289999999878
20
-91.3774949999999961
11
156.9498089999999877
21
-91.3773599999999959
0
LINE
8
F.Silkscreen
6
CONTINUOUS
10
156.9498089999999877
20
-91.3773599999999959
11
156.9515509999999949
21
-91.3766399999999948
0
LINE
8
F.Silkscreen
6
CONTINUOUS
10
156.9515509999999949
20
-91.3766399999999948
11
156.9529729999999859
21
-91.3762839999999983
0
LINE
8
F.Silkscreen
6
CONTINUOUS
10
156.9529729999999859
20
-91.3762839999999983
11
156.9676049999999918
21
-91.3748429999999985
0
LINE
8
F.Silkscreen
6
CONTINUOUS
10
156.9676049999999918
20
-91.3748429999999985
11
156.9680950000000053
21
-91.3748190000000022
0
LINE
8
F.Silkscreen
6
CONTINUOUS
10
156.9680950000000053
20
-91.3748190000000022
11
157.2061899999999923
21
-91.3748190000000022
0
LINE
8
F.Silkscreen
6
CONTINUOUS
10
157.2061899999999923
20
-91.3748190000000022
11
157.2066800000000057
21
-91.3748429999999985
0
LINE
8
F.Silkscreen
6
CONTINUOUS
10
151.2931879999999865
20
-101.0334900000000005
11
151.4761110000000031
21
-101.1092599999999919
0
LINE
8
F.Silkscreen
6
CONTINUOUS
10
151.4761110000000031
20
-101.1092599999999919
11
151.6407370000000014
21
-101.2192589999999939
0
LINE
8
F.Silkscreen
6
CONTINUOUS
10
151.6407370000000014
20
-101.2192589999999939
11
151.7807410000000061
21
-101.3592629999999986
0
LINE
8
F.Silkscreen
6
CONTINUOUS
10
151.7807410000000061
20
-101.3592629999999986
11
151.8907399999999939
21
-101.5238889999999969
0
LINE
8
F.Silkscreen
6
CONTINUOUS
10
151.8907399999999939
20
-101.5238889999999969
11
151.9665099999999995
21
-101.7068119999999993
0
LINE
8
F.Silkscreen
6
CONTINUOUS
10
151.9665099999999995
20
-101.7068119999999993
11
152.0051369999999906
21
-101.9010029999999887
0
LINE
8
F.Silkscreen
6
CONTINUOUS
10
152.0051369999999906
20
-101.9010029999999887
11
152.0051369999999906
21
-102.0989969999999971
0
LINE
8
F.Silkscreen
6
CONTINUOUS
10
152.0051369999999906
20
-102.0989969999999971
11
151.9665099999999995
21
-102.2931880000000007
0
LINE
8
F.Silkscreen
6
CONTINUOUS
10
151.9665099999999995
20
-102.2931880000000007
11
151.8907399999999939
21
-102.4761109999999888
0
LINE
8
F.Silkscreen
6
CONTINUOUS
10
151.8907399999999939
20
-102.4761109999999888
11
151.7807410000000061
21
-102.6407370000000014
0
LINE
8
F.Silkscreen
6
CONTINUOUS
10
151.7807410000000061
20
-102.6407370000000014
11
151.6407370000000014
21
-102.7807409999999919
0
LINE
8
F.Silkscreen
6
CONTINUOUS
10
151.6407370000000014
20
-102.7807409999999919
11
151.4761110000000031
21
-102.8907399999999939
0
LINE
8
F.Silkscreen
6
CONTINUOUS
10
151.4761110000000031
20
-102.8907399999999939
11
151.2931879999999865
21
-102.9665099999999995
0
LINE
8
F.Silkscreen
6
CONTINUOUS
10
151.2931879999999865
20
-102.9665099999999995
11
151.0989969999999971
21
-103.0051369999999906
0
LINE
8
F.Silkscreen
6
CONTINUOUS
10
151.0989969999999971
20
-103.0051369999999906
11
150.9010030000000029
21
-103.0051369999999906
0
LINE
8
F.Silkscreen
6
CONTINUOUS
10
150.9010030000000029
20
-103.0051369999999906
11
150.7068119999999851
21
-102.9665099999999995
0
LINE
8
F.Silkscreen
6
CONTINUOUS
10
150.7068119999999851
20
-102.9665099999999995
11
150.5238889999999969
21
-102.8907399999999939
0
LINE
8
F.Silkscreen
6
CONTINUOUS
10
150.5238889999999969
20
-102.8907399999999939
11
150.3592629999999986
21
-102.7807409999999919
0
LINE
8
F.Silkscreen
6
CONTINUOUS
10
150.3592629999999986
20
-102.7807409999999919
11
150.2192589999999939
21
-102.6407370000000014
0
LINE
8
F.Silkscreen
6
CONTINUOUS
10
150.2192589999999939
20
-102.6407370000000014
11
150.1092600000000061
21
-102.4761109999999888
0
LINE
8
F.Silkscreen
6
CONTINUOUS
10
150.1092600000000061
20
-102.4761109999999888
11
150.0334900000000005
21
-102.2931880000000007
0
LINE
8
F.Silkscreen
6
CONTINUOUS
10
150.0334900000000005
20
-102.2931880000000007
11
149.994862999999981
21
-102.0989969999999971
0
LINE
8
F.Silkscreen
6
CONTINUOUS
10
149.994862999999981
20
-102.0989969999999971
11
149.994862999999981
21
-101.9127649999999932
0
LINE
8
F.Silkscreen
6
CONTINUOUS
10
149.994862999999981
20
-101.9127649999999932
11
150.1142859999999928
21
-101.9127649999999932
0
LINE
8
F.Silkscreen
6
CONTINUOUS
10
150.1142859999999928
20
-101.9127649999999932
11
150.1142859999999928
21
-102.0872349999999926
0
LINE
8
F.Silkscreen
6
CONTINUOUS
10
150.1142859999999928
20
-102.0872349999999926
11
150.1483230000000049
21
-102.2583529999999996
0
LINE
8
F.Silkscreen
6
CONTINUOUS
10
150.1483230000000049
20
-102.2583529999999996
11
150.2150900000000036
21
-102.4195429999999902
0
LINE
8
F.Silkscreen
6
CONTINUOUS
10
150.2150900000000036
20
-102.4195429999999902
11
150.3120209999999872
21
-102.5646100000000018
0
LINE
8
F.Silkscreen
6
CONTINUOUS
10
150.3120209999999872
20
-102.5646100000000018
11
150.435389999999984
21
-102.6879789999999986
0
LINE
8
F.Silkscreen
6
CONTINUOUS
10
150.435389999999984
20
-102.6879789999999986
11
150.5804569999999956
21
-102.7849099999999964
0
LINE
8
F.Silkscreen
6
CONTINUOUS
10
150.5804569999999956
20
-102.7849099999999964
11
150.7416470000000004
21
-102.8516769999999951
0
LINE
8
F.Silkscreen
6
CONTINUOUS
10
150.7416470000000004
20
-102.8516769999999951
11
150.9127650000000074
21
-102.885713999999993
0
LINE
8
F.Silkscreen
6
CONTINUOUS
10
150.9127650000000074
20
-102.885713999999993
11
151.0872349999999926
21
-102.885713999999993
0
LINE
8
F.Silkscreen
6
CONTINUOUS
10
151.0872349999999926
20
-102.885713999999993
11
151.2583529999999996
21
-102.8516769999999951
0
LINE
8
F.Silkscreen
6
CONTINUOUS
10
151.2583529999999996
20
-102.8516769999999951
11
151.4195430000000044
21
-102.7849099999999964
0
LINE
8
F.Silkscreen
6
CONTINUOUS
10
151.4195430000000044
20
-102.7849099999999964
11
151.5646099999999876
21
-102.6879789999999986
0
LINE
8
F.Silkscreen
6
CONTINUOUS
10
151.5646099999999876
20
-102.6879789999999986
11
151.6879789999999844
21
-102.5646100000000018
0
LINE
8
F.Silkscreen
6
CONTINUOUS
10
151.6879789999999844
20
-102.5646100000000018
11
151.7849099999999964
21
-102.4195429999999902
0
LINE
8
F.Silkscreen
6
CONTINUOUS
10
151.7849099999999964
20
-102.4195429999999902
11
151.8516769999999951
21
-102.2583529999999996
0
LINE
8
F.Silkscreen
6
CONTINUOUS
10
151.8516769999999951
20
-102.2583529999999996
11
151.8857140000000072
21
-102.0872349999999926
0
LINE
8
F.Silkscreen
6
CONTINUOUS
10
151.8857140000000072
20
-102.0872349999999926
11
151.8857140000000072
21
-101.9127649999999932
0
LINE
8
F.Silkscreen
6
CONTINUOUS
10
151.8857140000000072
20
-101.9127649999999932
11
151.8516769999999951
21
-101.7416470000000004
0
LINE
8
F.Silkscreen
6
CONTINUOUS
10
151.8516769999999951
20
-101.7416470000000004
11
151.7849099999999964
21
-101.5804569999999956
0
LINE
8
F.Silkscreen
6
CONTINUOUS
10
151.7849099999999964
20
-101.5804569999999956
11
151.6879789999999844
21
-101.4353899999999982
0
LINE
8
F.Silkscreen
6
CONTINUOUS
10
151.6879789999999844
20
-101.4353899999999982
11
151.5646099999999876
21
-101.3120210000000014
0
LINE
8
F.Silkscreen
6
CONTINUOUS
10
151.5646099999999876
20
-101.3120210000000014
11
151.4195430000000044
21
-101.2150899999999893
0
LINE
8
F.Silkscreen
6
CONTINUOUS
10
151.4195430000000044
20
-101.2150899999999893
11
151.2583529999999996
21
-101.1483229999999907
0
LINE
8
F.Silkscreen
6
CONTINUOUS
10
151.2583529999999996
20
-101.1483229999999907
11
151.0872349999999926
21
-101.1142859999999928
0
LINE
8
F.Silkscreen
6
CONTINUOUS
10
151.0872349999999926
20
-101.1142859999999928
11
150.9127650000000074
21
-101.1142859999999928
0
LINE
8
F.Silkscreen
6
CONTINUOUS
10
150.9127650000000074
20
-101.1142859999999928
11
150.7416470000000004
21
-101.1483229999999907
0
LINE
8
F.Silkscreen
6
CONTINUOUS
10
150.7416470000000004
20
-101.1483229999999907
11
150.5804569999999956
21
-101.2150899999999893
0
LINE
8
F.Silkscreen
6
CONTINUOUS
10
150.5804569999999956
20
-101.2150899999999893
11
150.435389999999984
21
-101.3120210000000014
0
LINE
8
F.Silkscreen
6
CONTINUOUS
10
150.435389999999984
20
-101.3120210000000014
11
150.3120209999999872
21
-101.4353899999999982
0
LINE
8
F.Silkscreen
6
CONTINUOUS
10
150.3120209999999872
20
-101.4353899999999982
11
150.2150900000000036
21
-101.5804569999999956
0
LINE
8
F.Silkscreen
6
CONTINUOUS
10
150.2150900000000036
20
-101.5804569999999956
11
150.1483230000000049
21
-101.7416470000000004
0
LINE
8
F.Silkscreen
6
CONTINUOUS
10
150.1483230000000049
20
-101.7416470000000004
11
150.1142859999999928
21
-101.9127649999999932
0
LINE
8
F.Silkscreen
6
CONTINUOUS
10
150.1142859999999928
20
-101.9127649999999932
11
149.994862999999981
21
-101.9127649999999932
0
LINE
8
F.Silkscreen
6
CONTINUOUS
10
149.994862999999981
20
-101.9127649999999932
11
149.994862999999981
21
-101.9010029999999887
0
LINE
8
F.Silkscreen
6
CONTINUOUS
10
149.994862999999981
20
-101.9010029999999887
11
150.0334900000000005
21
-101.7068119999999993
0
LINE
8
F.Silkscreen
6
CONTINUOUS
10
150.0334900000000005
20
-101.7068119999999993
11
150.1092600000000061
21
-101.5238889999999969
0
LINE
8
F.Silkscreen
6
CONTINUOUS
10
150.1092600000000061
20
-101.5238889999999969
11
150.2192589999999939
21
-101.3592629999999986
0
LINE
8
F.Silkscreen
6
CONTINUOUS
10
150.2192589999999939
20
-101.3592629999999986
11
150.3592629999999986
21
-101.2192589999999939
0
LINE
8
F.Silkscreen
6
CONTINUOUS
10
150.3592629999999986
20
-101.2192589999999939
11
150.5238889999999969
21
-101.1092599999999919
0
LINE
8
F.Silkscreen
6
CONTINUOUS
10
150.5238889999999969
20
-101.1092599999999919
11
150.7068119999999851
21
-101.0334900000000005
0
LINE
8
F.Silkscreen
6
CONTINUOUS
10
150.7068119999999851
20
-101.0334900000000005
11
150.9010030000000029
21
-100.9948629999999952
0
LINE
8
F.Silkscreen
6
CONTINUOUS
10
150.9010030000000029
20
-100.9948629999999952
11
151.0989969999999971
21
-100.9948629999999952
0
LINE
8
F.Silkscreen
6
CONTINUOUS
10
151.0989969999999971
20
-100.9948629999999952
11
151.2931879999999865
21
-101.0334900000000005
0
LINE
8
F.Silkscreen
6
CONTINUOUS
10
143.1671560000000056
20
-101.3748429999999985
11
143.1741419999999891
21
-101.3755299999999977
0
LINE
8
F.Silkscreen
6
CONTINUOUS
10
143.1741419999999891
20
-101.3755299999999977
11
143.175691999999998
21
-101.3754209999999887
0
LINE
8
F.Silkscreen
6
CONTINUOUS
10
143.175691999999998
20
-101.3754209999999887
11
143.1771540000000016
21
-101.3755319999999926
0
LINE
8
F.Silkscreen
6
CONTINUOUS
10
143.1771540000000016
20
-101.3755319999999926
11
143.1794459999999845
21
-101.3760520000000014
0
LINE
8
F.Silkscreen
6
CONTINUOUS
10
143.1794459999999845
20
-101.3760520000000014
11
143.1817889999999807
21
-101.3762839999999983
0
LINE
8
F.Silkscreen
6
CONTINUOUS
10
143.1817889999999807
20
-101.3762839999999983
11
143.183211
21
-101.3766399999999948
0
LINE
8
F.Silkscreen
6
CONTINUOUS
10
143.183211
20
-101.3766399999999948
11
143.1846549999999922
21
-101.3772369999999938
0
LINE
8
F.Silkscreen
6
CONTINUOUS
10
143.1846549999999922
20
-101.3772369999999938
11
143.1914919999999825
21
-101.3787930000000017
0
LINE
8
F.Silkscreen
6
CONTINUOUS
10
143.1914919999999825
20
-101.3787930000000017
11
143.1919639999999845
21
-101.3789249999999953
0
LINE
8
F.Silkscreen
6
CONTINUOUS
10
143.1919639999999845
20
-101.3789249999999953
11
143.3348210000000051
21
-101.4265439999999927
0
LINE
8
F.Silkscreen
6
CONTINUOUS
10
143.3348210000000051
20
-101.4265439999999927
11
143.3352779999999882
21
-101.4267210000000006
0
LINE
8
F.Silkscreen
6
CONTINUOUS
10
143.3352779999999882
20
-101.4267210000000006
11
143.3487030000000004
21
-101.4327150000000017
0
LINE
8
F.Silkscreen
6
CONTINUOUS
10
143.3487030000000004
20
-101.4327150000000017
11
143.3499410000000012
21
-101.4335039999999992
0
LINE
8
F.Silkscreen
6
CONTINUOUS
10
143.3499410000000012
20
-101.4335039999999992
11
143.3513619999999946
21
-101.4347369999999984
0
LINE
8
F.Silkscreen
6
CONTINUOUS
10
143.3513619999999946
20
-101.4347369999999984
11
143.3531049999999993
21
-101.4354589999999945
0
LINE
8
F.Silkscreen
6
CONTINUOUS
10
143.3531049999999993
20
-101.4354589999999945
11
143.3543630000000064
21
-101.4362129999999951
0
LINE
8
F.Silkscreen
6
CONTINUOUS
10
143.3543630000000064
20
-101.4362129999999951
11
143.3657279999999901
21
-101.4455399999999941
0
LINE
8
F.Silkscreen
6
CONTINUOUS
10
143.3657279999999901
20
-101.4455399999999941
11
143.3660919999999805
21
-101.4458690000000018
0
LINE
8
F.Silkscreen
6
CONTINUOUS
10
143.3660919999999805
20
-101.4458690000000018
11
143.4613300000000038
21
-101.5411069999999967
0
LINE
8
F.Silkscreen
6
CONTINUOUS
10
143.4613300000000038
20
-101.5411069999999967
11
143.4616589999999974
21
-101.5414710000000014
0
LINE
8
F.Silkscreen
6
CONTINUOUS
10
143.4616589999999974
20
-101.5414710000000014
11
143.4661109999999837
21
-101.5468949999999921
0
LINE
8
F.Silkscreen
6
CONTINUOUS
10
143.4661109999999837
20
-101.5468949999999921
11
143.4672879999999964
21
-101.5479160000000007
0
LINE
8
F.Silkscreen
6
CONTINUOUS
10
143.4672879999999964
20
-101.5479160000000007
11
143.4682420000000036
21
-101.5490279999999927
0
LINE
8
F.Silkscreen
6
CONTINUOUS
10
143.4682420000000036
20
-101.5490279999999927
11
143.4694929999999999
21
-101.5510149999999925
0
LINE
8
F.Silkscreen
6
CONTINUOUS
10
143.4694929999999999
20
-101.5510149999999925
11
143.4709869999999796
21
-101.5528359999999992
0
LINE
8
F.Silkscreen
6
CONTINUOUS
10
143.4709869999999796
20
-101.5528359999999992
11
143.4717420000000061
21
-101.5540960000000013
0
LINE
8
F.Silkscreen
6
CONTINUOUS
10
143.4717420000000061
20
-101.5540960000000013
11
143.4723380000000077
21
-101.5555359999999894
0
LINE
8
F.Silkscreen
6
CONTINUOUS
10
143.4723380000000077
20
-101.5555359999999894
11
143.4760739999999828
21
-101.5614709999999974
0
LINE
8
F.Silkscreen
6
CONTINUOUS
10
143.4760739999999828
20
-101.5614709999999974
11
143.4763149999999996
21
-101.5618989999999968
0
LINE
8
F.Silkscreen
6
CONTINUOUS
10
143.4763149999999996
20
-101.5618989999999968
11
143.523933999999997
21
-101.6571369999999916
0
LINE
8
F.Silkscreen
6
CONTINUOUS
10
143.523933999999997
20
-101.6571369999999916
11
143.5241319999999803
21
-101.6575859999999949
0
LINE
8
F.Silkscreen
6
CONTINUOUS
10
143.5241319999999803
20
-101.6575859999999949
11
143.5243559999999832
21
-101.6581719999999933
0
LINE
8
F.Silkscreen
6
CONTINUOUS
10
143.5243559999999832
20
-101.6581719999999933
11
143.5249029999999948
21
-101.6591959999999943
0
LINE
8
F.Silkscreen
6
CONTINUOUS
10
143.5249029999999948
20
-101.6591959999999943
11
143.5270779999999888
21
-101.6652849999999972
0
LINE
8
F.Silkscreen
6
CONTINUOUS
10
143.5270779999999888
20
-101.6652849999999972
11
143.5293869999999856
21
-101.6713170000000019
0
LINE
8
F.Silkscreen
6
CONTINUOUS
10
143.5293869999999856
20
-101.6713170000000019
11
143.5296380000000056
21
-101.6724499999999978
0
LINE
8
F.Silkscreen
6
CONTINUOUS
10
143.5296380000000056
20
-101.6724499999999978
11
143.5298489999999845
21
-101.6730409999999978
0
LINE
8
F.Silkscreen
6
CONTINUOUS
10
143.5298489999999845
20
-101.6730409999999978
11
143.5299919999999929
21
-101.6735109999999906
0
LINE
8
F.Silkscreen
6
CONTINUOUS
10
143.5299919999999929
20
-101.6735109999999906
11
143.5776109999999903
21
-101.8639869999999945
0
LINE
8
F.Silkscreen
6
CONTINUOUS
10
143.5776109999999903
20
-101.8639869999999945
11
143.5777060000000063
21
-101.8644689999999997
0
LINE
8
F.Silkscreen
6
CONTINUOUS
10
143.5777060000000063
20
-101.8644689999999997
11
143.5779899999999998
21
-101.8663919999999905
0
LINE
8
F.Silkscreen
6
CONTINUOUS
10
143.5779899999999998
20
-101.8663919999999905
11
143.5781779999999799
21
-101.8668459999999953
0
LINE
8
F.Silkscreen
6
CONTINUOUS
10
143.5781779999999799
20
-101.8668459999999953
11
143.5785339999999906
21
-101.868268999999998
0
LINE
8
F.Silkscreen
6
CONTINUOUS
10
143.5785339999999906
20
-101.868268999999998
11
143.5790639999999883
21
-101.873660000000001
0
LINE
8
F.Silkscreen
6
CONTINUOUS
10
143.5790639999999883
20
-101.873660000000001
11
143.5798560000000066
21
-101.8790119999999888
0
LINE
8
F.Silkscreen
6
CONTINUOUS
10
143.5798560000000066
20
-101.8790119999999888
11
143.5798549999999807
21
-101.8804820000000007
0
LINE
8
F.Silkscreen
6
CONTINUOUS
10
143.5798549999999807
20
-101.8804820000000007
11
143.5797829999999919
21
-101.8809589999999901
0
LINE
8
F.Silkscreen
6
CONTINUOUS
10
143.5797829999999919
20
-101.8809589999999901
11
143.5799749999999904
21
-101.8828989999999948
0
LINE
8
F.Silkscreen
6
CONTINUOUS
10
143.5799749999999904
20
-101.8828989999999948
11
143.5799989999999866
21
-101.8833899999999915
0
LINE
8
F.Silkscreen
6
CONTINUOUS
10
143.5799989999999866
20
-101.8833899999999915
11
143.5799989999999866
21
-102.0262469999999979
0
LINE
8
F.Silkscreen
6
CONTINUOUS
10
143.5799989999999866
20
-102.0262469999999979
11
143.5799749999999904
21
-102.0267379999999946
0
LINE
8
F.Silkscreen
6
CONTINUOUS
10
143.5799749999999904
20
-102.0267379999999946
11
143.5797829999999919
21
-102.0286770000000018
0
LINE
8
F.Silkscreen
6
CONTINUOUS
10
143.5797829999999919
20
-102.0286770000000018
11
143.5798549999999807
21
-102.0291560000000004
0
LINE
8
F.Silkscreen
6
CONTINUOUS
10
143.5798549999999807
20
-102.0291560000000004
11
143.5798560000000066
21
-102.0306250000000006
0
LINE
8
F.Silkscreen
6
CONTINUOUS
10
143.5798560000000066
20
-102.0306250000000006
11
143.5790639999999883
21
-102.0359749999999934
0
LINE
8
F.Silkscreen
6
CONTINUOUS
10
143.5790639999999883
20
-102.0359749999999934
11
143.5785339999999906
21
-102.0413679999999914
0
LINE
8
F.Silkscreen
6
CONTINUOUS
10
143.5785339999999906
20
-102.0413679999999914
11
143.5781769999999824
21
-102.042792999999989
0
LINE
8
F.Silkscreen
6
CONTINUOUS
10
143.5781769999999824
20
-102.042792999999989
11
143.5779899999999998
21
-102.0432429999999897
0
LINE
8
F.Silkscreen
6
CONTINUOUS
10
143.5779899999999998
20
-102.0432429999999897
11
143.5777060000000063
21
-102.0451679999999897
0
LINE
8
F.Silkscreen
6
CONTINUOUS
10
143.5777060000000063
20
-102.0451679999999897
11
143.5776109999999903
21
-102.0456499999999949
0
LINE
8
F.Silkscreen
6
CONTINUOUS
10
143.5776109999999903
20
-102.0456499999999949
11
143.5299919999999929
21
-102.2361259999999987
0
LINE
8
F.Silkscreen
6
CONTINUOUS
10
143.5299919999999929
20
-102.2361259999999987
11
143.5298489999999845
21
-102.2365969999999891
0
LINE
8
F.Silkscreen
6
CONTINUOUS
10
143.5298489999999845
20
-102.2365969999999891
11
143.5296369999999797
21
-102.2371879999999891
0
LINE
8
F.Silkscreen
6
CONTINUOUS
10
143.5296369999999797
20
-102.2371879999999891
11
143.5293869999999856
21
-102.2383209999999991
0
LINE
8
F.Silkscreen
6
CONTINUOUS
10
143.5293869999999856
20
-102.2383209999999991
11
143.5270730000000015
21
-102.2443650000000019
0
LINE
8
F.Silkscreen
6
CONTINUOUS
10
143.5270730000000015
20
-102.2443650000000019
11
143.5249029999999948
21
-102.250440999999995
0
LINE
8
F.Silkscreen
6
CONTINUOUS
10
143.5249029999999948
20
-102.250440999999995
11
143.5243549999999857
21
-102.2514639999999986
0
LINE
8
F.Silkscreen
6
CONTINUOUS
10
143.5243549999999857
20
-102.2514639999999986
11
143.5241319999999803
21
-102.2520489999999995
0
LINE
8
F.Silkscreen
6
CONTINUOUS
10
143.5241319999999803
20
-102.2520489999999995
11
143.523933999999997
21
-102.2524999999999977
0
LINE
8
F.Silkscreen
6
CONTINUOUS
10
143.523933999999997
20
-102.2524999999999977
11
143.4763149999999996
21
-102.3477379999999926
0
LINE
8
F.Silkscreen
6
CONTINUOUS
10
143.4763149999999996
20
-102.3477379999999926
11
143.4760739999999828
21
-102.348165999999992
0
LINE
8
F.Silkscreen
6
CONTINUOUS
10
143.4760739999999828
20
-102.348165999999992
11
143.4723349999999868
21
-102.3541029999999949
0
LINE
8
F.Silkscreen
6
CONTINUOUS
10
143.4723349999999868
20
-102.3541029999999949
11
143.4717420000000061
21
-102.3555389999999932
0
LINE
8
F.Silkscreen
6
CONTINUOUS
10
143.4717420000000061
20
-102.3555389999999932
11
143.4709859999999821
21
-102.3568009999999902
0
LINE
8
F.Silkscreen
6
CONTINUOUS
10
143.4709859999999821
20
-102.3568009999999902
11
143.4694939999999974
21
-102.3586159999999978
0
LINE
8
F.Silkscreen
6
CONTINUOUS
10
143.4694939999999974
20
-102.3586159999999978
11
143.4682430000000011
21
-102.3606070000000017
0
LINE
8
F.Silkscreen
6
CONTINUOUS
10
143.4682430000000011
20
-102.3606070000000017
11
143.4672850000000039
21
-102.3617239999999953
0
LINE
8
F.Silkscreen
6
CONTINUOUS
10
143.4672850000000039
20
-102.3617239999999953
11
143.4661069999999938
21
-102.3627439999999922
0
LINE
8
F.Silkscreen
6
CONTINUOUS
10
143.4661069999999938
20
-102.3627439999999922
11
143.4616599999999949
21
-102.3681649999999905
0
LINE
8
F.Silkscreen
6
CONTINUOUS
10
143.4616599999999949
20
-102.3681649999999905
11
143.4613310000000013
21
-102.3685289999999952
0
LINE
8
F.Silkscreen
6
CONTINUOUS
10
143.4613310000000013
20
-102.3685289999999952
11
143.3660919999999805
21
-102.4637689999999992
0
LINE
8
F.Silkscreen
6
CONTINUOUS
10
143.3660919999999805
20
-102.4637689999999992
11
143.3657279999999901
21
-102.4640979999999928
0
LINE
8
F.Silkscreen
6
CONTINUOUS
10
143.3657279999999901
20
-102.4640979999999928
11
143.3543630000000064
21
-102.4734249999999918
0
LINE
8
F.Silkscreen
6
CONTINUOUS
10
143.3543630000000064
20
-102.4734249999999918
11
143.3531030000000044
21
-102.4741799999999898
0
LINE
8
F.Silkscreen
6
CONTINUOUS
10
143.3531030000000044
20
-102.4741799999999898
11
143.3513619999999946
21
-102.474899999999991
0
LINE
8
F.Silkscreen
6
CONTINUOUS
10
143.3513619999999946
20
-102.474899999999991
11
143.3499419999999986
21
-102.4761329999999901
0
LINE
8
F.Silkscreen
6
CONTINUOUS
10
143.3499419999999986
20
-102.4761329999999901
11
143.3487030000000004
21
-102.4769229999999993
0
LINE
8
F.Silkscreen
6
CONTINUOUS
10
143.3487030000000004
20
-102.4769229999999993
11
143.3352779999999882
21
-102.4829170000000005
0
LINE
8
F.Silkscreen
6
CONTINUOUS
10
143.3352779999999882
20
-102.4829170000000005
11
143.3348210000000051
21
-102.4830939999999941
0
LINE
8
F.Silkscreen
6
CONTINUOUS
10
143.3348210000000051
20
-102.4830939999999941
11
143.1919639999999845
21
-102.5307129999999916
0
LINE
8
F.Silkscreen
6
CONTINUOUS
10
143.1919639999999845
20
-102.5307129999999916
11
143.191490999999985
21
-102.5308459999999968
0
LINE
8
F.Silkscreen
6
CONTINUOUS
10
143.191490999999985
20
-102.5308459999999968
11
143.1846510000000023
21
-102.5323999999999955
0
LINE
8
F.Silkscreen
6
CONTINUOUS
10
143.1846510000000023
20
-102.5323999999999955
11
143.183212999999995
21
-102.5329969999999946
0
LINE
8
F.Silkscreen
6
CONTINUOUS
10
143.183212999999995
20
-102.5329969999999946
11
143.1817869999999857
21
-102.5333539999999886
0
LINE
8
F.Silkscreen
6
CONTINUOUS
10
143.1817869999999857
20
-102.5333539999999886
11
143.1794419999999946
21
-102.5335839999999905
0
LINE
8
F.Silkscreen
6
CONTINUOUS
10
143.1794419999999946
20
-102.5335839999999905
11
143.1771549999999991
21
-102.5341049999999967
0
LINE
8
F.Silkscreen
6
CONTINUOUS
10
143.1771549999999991
20
-102.5341049999999967
11
143.175690000000003
21
-102.5342169999999982
0
LINE
8
F.Silkscreen
6
CONTINUOUS
10
143.175690000000003
20
-102.5342169999999982
11
143.1741409999999917
21
-102.5341059999999942
0
LINE
8
F.Silkscreen
6
CONTINUOUS
10
143.1741409999999917
20
-102.5341059999999942
11
143.1671570000000031
21
-102.5347949999999884
0
LINE
8
F.Silkscreen
6
CONTINUOUS
10
143.1671570000000031
20
-102.5347949999999884
11
143.1666659999999922
21
-102.5348189999999988
0
LINE
8
F.Silkscreen
6
CONTINUOUS
10
143.1666659999999922
20
-102.5348189999999988
11
142.9285710000000051
21
-102.5348189999999988
0
LINE
8
F.Silkscreen
6
CONTINUOUS
10
142.9285710000000051
20
-102.5348189999999988
11
142.9280809999999917
21
-102.5347949999999884
0
LINE
8
F.Silkscreen
6
CONTINUOUS
10
142.9280809999999917
20
-102.5347949999999884
11
142.9134489999999857
21
-102.5333539999999886
0
LINE
8
F.Silkscreen
6
CONTINUOUS
10
142.9134489999999857
20
-102.5333539999999886
11
142.9120259999999973
21
-102.5329969999999946
0
LINE
8
F.Silkscreen
6
CONTINUOUS
10
142.9120259999999973
20
-102.5329969999999946
11
142.8849899999999877
21
-102.5217979999999898
0
LINE
8
F.Silkscreen
6
CONTINUOUS
10
142.8849899999999877
20
-102.5217979999999898
11
142.8833669999999927
21
-102.5207149999999956
0
LINE
8
F.Silkscreen
6
CONTINUOUS
10
142.8833669999999927
20
-102.5207149999999956
11
142.8626749999999959
21
-102.5000229999999988
0
LINE
8
F.Silkscreen
6
CONTINUOUS
10
142.8626749999999959
20
-102.5000229999999988
11
142.8615920000000017
21
-102.4983999999999895
0
LINE
8
F.Silkscreen
6
CONTINUOUS
10
142.8615920000000017
20
-102.4983999999999895
11
142.8503929999999968
21
-102.4713639999999941
0
LINE
8
F.Silkscreen
6
CONTINUOUS
10
142.8503929999999968
20
-102.4713639999999941
11
142.8500359999999887
21
-102.4699409999999915
0
LINE
8
F.Silkscreen
6
CONTINUOUS
10
142.8500359999999887
20
-102.4699409999999915
11
142.8485949999999889
21
-102.4553089999999997
0
LINE
8
F.Silkscreen
6
CONTINUOUS
10
142.8485949999999889
20
-102.4553089999999997
11
142.8485709999999926
21
-102.4548190000000005
0
LINE
8
F.Silkscreen
6
CONTINUOUS
10
142.8485709999999926
20
-102.4548190000000005
11
142.8485709999999926
21
-102.3748190000000022
0
LINE
8
F.Silkscreen
6
CONTINUOUS
10
142.8485709999999926
20
-102.3748190000000022
11
143.0085709999999892
21
-102.3748190000000022
0
LINE
8
F.Silkscreen
6
CONTINUOUS
10
143.0085709999999892
20
-102.3748190000000022
11
143.1536859999999933
21
-102.3748190000000022
0
LINE
8
F.Silkscreen
6
CONTINUOUS
10
143.1536859999999933
20
-102.3748190000000022
11
143.2663049999999885
21
-102.3372779999999977
0
LINE
8
F.Silkscreen
6
CONTINUOUS
10
143.2663049999999885
20
-102.3372779999999977
11
143.3390129999999942
21
-102.264569999999992
0
LINE
8
F.Silkscreen
6
CONTINUOUS
10
143.3390129999999942
20
-102.264569999999992
11
143.3768959999999879
21
-102.1888029999999929
0
LINE
8
F.Silkscreen
6
CONTINUOUS
10
143.3768959999999879
20
-102.1888029999999929
11
143.41999899999999
21
-102.0163949999999886
0
LINE
8
F.Silkscreen
6
CONTINUOUS
10
143.41999899999999
20
-102.0163949999999886
11
143.41999899999999
21
-101.8932409999999891
0
LINE
8
F.Silkscreen
6
CONTINUOUS
10
143.41999899999999
20
-101.8932409999999891
11
143.3768959999999879
21
-101.7208320000000015
0
LINE
8
F.Silkscreen
6
CONTINUOUS
10
143.3768959999999879
20
-101.7208320000000015
11
143.3390129999999942
21
-101.6450659999999999
0
LINE
8
F.Silkscreen
6
CONTINUOUS
10
143.3390129999999942
20
-101.6450659999999999
11
143.2663059999999859
21
-101.5723589999999916
0
LINE
8
F.Silkscreen
6
CONTINUOUS
10
143.2663059999999859
20
-101.5723589999999916
11
143.1536859999999933
21
-101.5348189999999988
0
LINE
8
F.Silkscreen
6
CONTINUOUS
10
143.1536859999999933
20
-101.5348189999999988
11
143.0085709999999892
21
-101.5348189999999988
0
LINE
8
F.Silkscreen
6
CONTINUOUS
10
143.0085709999999892
20
-101.5348189999999988
11
143.0085709999999892
21
-102.3748190000000022
0
LINE
8
F.Silkscreen
6
CONTINUOUS
10
143.0085709999999892
20
-102.3748190000000022
11
142.8485709999999926
21
-102.3748190000000022
0
LINE
8
F.Silkscreen
6
CONTINUOUS
10
142.8485709999999926
20
-102.3748190000000022
11
142.8485709999999926
21
-101.4548190000000005
0
LINE
8
F.Silkscreen
6
CONTINUOUS
10
142.8485709999999926
20
-101.4548190000000005
11
142.8485949999999889
21
-101.4543290000000013
0
LINE
8
F.Silkscreen
6
CONTINUOUS
10
142.8485949999999889
20
-101.4543290000000013
11
142.8500359999999887
21
-101.4396969999999953
0
LINE
8
F.Silkscreen
6
CONTINUOUS
10
142.8500359999999887
20
-101.4396969999999953
11
142.8503929999999968
21
-101.4382739999999927
0
LINE
8
F.Silkscreen
6
CONTINUOUS
10
142.8503929999999968
20
-101.4382739999999927
11
142.8615920000000017
21
-101.4112379999999973
0
LINE
8
F.Silkscreen
6
CONTINUOUS
10
142.8615920000000017
20
-101.4112379999999973
11
142.8626749999999959
21
-101.4096150000000023
0
LINE
8
F.Silkscreen
6
CONTINUOUS
10
142.8626749999999959
20
-101.4096150000000023
11
142.8833669999999927
21
-101.3889229999999912
0
LINE
8
F.Silkscreen
6
CONTINUOUS
10
142.8833669999999927
20
-101.3889229999999912
11
142.8849899999999877
21
-101.3878399999999971
0
LINE
8
F.Silkscreen
6
CONTINUOUS
10
142.8849899999999877
20
-101.3878399999999971
11
142.9120259999999973
21
-101.3766409999999922
0
LINE
8
F.Silkscreen
6
CONTINUOUS
10
142.9120259999999973
20
-101.3766409999999922
11
142.9134489999999857
21
-101.3762839999999983
0
LINE
8
F.Silkscreen
6
CONTINUOUS
10
142.9134489999999857
20
-101.3762839999999983
11
142.9280809999999917
21
-101.3748429999999985
0
LINE
8
F.Silkscreen
6
CONTINUOUS
10
142.9280809999999917
20
-101.3748429999999985
11
142.9285710000000051
21
-101.3748190000000022
0
LINE
8
F.Silkscreen
6
CONTINUOUS
10
142.9285710000000051
20
-101.3748190000000022
11
143.1666659999999922
21
-101.3748190000000022
0
LINE
8
F.Silkscreen
6
CONTINUOUS
10
143.1666659999999922
20
-101.3748190000000022
11
143.1671560000000056
21
-101.3748429999999985
0
LINE
8
F.Silkscreen
6
CONTINUOUS
10
144.4528699999999901
20
-101.3748429999999985
11
144.4601969999999937
21
-101.3755639999999971
0
LINE
8
F.Silkscreen
6
CONTINUOUS
10
144.4601969999999937
20
-101.3755639999999971
11
144.4617539999999849
21
-101.3754610000000014
0
LINE
8
F.Silkscreen
6
CONTINUOUS
10
144.4617539999999849
20
-101.3754610000000014
11
144.4636869999999931
21
-101.3757129999999904
0
LINE
8
F.Silkscreen
6
CONTINUOUS
10
144.4636869999999931
20
-101.3757129999999904
11
144.4645009999999843
21
-101.3759879999999924
0
LINE
8
F.Silkscreen
6
CONTINUOUS
10
144.4645009999999843
20
-101.3759879999999924
11
144.4675019999999961
21
-101.3762839999999983
0
LINE
8
F.Silkscreen
6
CONTINUOUS
10
144.4675019999999961
20
-101.3762839999999983
11
144.4689249999999845
21
-101.3766409999999922
0
LINE
8
F.Silkscreen
6
CONTINUOUS
10
144.4689249999999845
20
-101.3766409999999922
11
144.480025999999981
21
-101.3812389999999937
0
LINE
8
F.Silkscreen
6
CONTINUOUS
10
144.480025999999981
20
-101.3812389999999937
11
144.4914090000000044
21
-101.3850889999999936
0
LINE
8
F.Silkscreen
6
CONTINUOUS
10
144.4914090000000044
20
-101.3850889999999936
11
144.4930980000000034
21
-101.386060999999998
0
LINE
8
F.Silkscreen
6
CONTINUOUS
10
144.4930980000000034
20
-101.386060999999998
11
144.4943829999999991
21
-101.3871850000000023
0
LINE
8
F.Silkscreen
6
CONTINUOUS
10
144.4943829999999991
20
-101.3871850000000023
11
144.4959629999999891
21
-101.3878399999999971
0
LINE
8
F.Silkscreen
6
CONTINUOUS
10
144.4959629999999891
20
-101.3878399999999971
11
144.4975839999999891
21
-101.3889229999999912
0
LINE
8
F.Silkscreen
6
CONTINUOUS
10
144.4975839999999891
20
-101.3889229999999912
11
144.5060849999999846
21
-101.3974240000000009
0
LINE
8
F.Silkscreen
6
CONTINUOUS
10
144.5060849999999846
20
-101.3974240000000009
11
144.5151229999999885
21
-101.4053320000000014
0
LINE
8
F.Silkscreen
6
CONTINUOUS
10
144.5151229999999885
20
-101.4053320000000014
11
144.5163129999999967
21
-101.4068789999999893
0
LINE
8
F.Silkscreen
6
CONTINUOUS
10
144.5163129999999967
20
-101.4068789999999893
11
144.5170689999999922
21
-101.4084079999999943
0
LINE
8
F.Silkscreen
6
CONTINUOUS
10
144.5170689999999922
20
-101.4084079999999943
11
144.518275999999986
21
-101.4096150000000023
0
LINE
8
F.Silkscreen
6
CONTINUOUS
10
144.518275999999986
20
-101.4096150000000023
11
144.5193589999999801
21
-101.4112379999999973
0
LINE
8
F.Silkscreen
6
CONTINUOUS
10
144.5193589999999801
20
-101.4112379999999973
11
144.52395199999998
21
-101.4223279999999932
0
LINE
8
F.Silkscreen
6
CONTINUOUS
10
144.52395199999998
20
-101.4223279999999932
11
144.5292849999999873
21
-101.4331109999999967
0
LINE
8
F.Silkscreen
6
CONTINUOUS
10
144.5292849999999873
20
-101.4331109999999967
11
144.5297919999999863
21
-101.4349950000000007
0
LINE
8
F.Silkscreen
6
CONTINUOUS
10
144.5297919999999863
20
-101.4349950000000007
11
144.5299049999999852
21
-101.4366979999999927
0
LINE
8
F.Silkscreen
6
CONTINUOUS
10
144.5299049999999852
20
-101.4366979999999927
11
144.530557999999985
21
-101.4382739999999927
0
LINE
8
F.Silkscreen
6
CONTINUOUS
10
144.530557999999985
20
-101.4382739999999927
11
144.5309389999999894
21
-101.4401869999999946
0
LINE
8
F.Silkscreen
6
CONTINUOUS
10
144.5309389999999894
20
-101.4401869999999946
11
144.5309389999999894
21
-101.4522039999999947
0
LINE
8
F.Silkscreen
6
CONTINUOUS
10
144.5309389999999894
20
-101.4522039999999947
11
144.5317379999999901
21
-101.4641929999999945
0
LINE
8
F.Silkscreen
6
CONTINUOUS
10
144.5317379999999901
20
-101.4641929999999945
11
144.5314850000000035
21
-101.4661270000000002
0
LINE
8
F.Silkscreen
6
CONTINUOUS
10
144.5314850000000035
20
-101.4661270000000002
11
144.5309389999999894
21
-101.4677409999999895
0
LINE
8
F.Silkscreen
6
CONTINUOUS
10
144.5309389999999894
20
-101.4677409999999895
11
144.5309389999999894
21
-101.4694509999999923
0
LINE
8
F.Silkscreen
6
CONTINUOUS
10
144.5309389999999894
20
-101.4694509999999923
11
144.530557999999985
21
-101.4713649999999916
0
LINE
8
F.Silkscreen
6
CONTINUOUS
10
144.530557999999985
20
-101.4713649999999916
11
144.5259599999999978
21
-101.4824619999999982
0
LINE
8
F.Silkscreen
6
CONTINUOUS
10
144.5259599999999978
20
-101.4824619999999982
11
144.5221109999999953
21
-101.4938470000000024
0
LINE
8
F.Silkscreen
6
CONTINUOUS
10
144.5221109999999953
20
-101.4938470000000024
11
144.5214409999999816
21
-101.4951539999999994
0
LINE
8
F.Silkscreen
6
CONTINUOUS
10
144.5214409999999816
20
-101.4951539999999994
11
144.5196889999999996
21
-101.497602999999998
0
LINE
8
F.Silkscreen
6
CONTINUOUS
10
144.5196889999999996
20
-101.497602999999998
11
144.519360000000006
21
-101.498398999999992
0
LINE
8
F.Silkscreen
6
CONTINUOUS
10
144.519360000000006
20
-101.498398999999992
11
144.518273999999991
21
-101.5000239999999962
0
LINE
8
F.Silkscreen
6
CONTINUOUS
10
144.518273999999991
20
-101.5000239999999962
11
144.5171729999999854
21
-101.5011229999999927
0
LINE
8
F.Silkscreen
6
CONTINUOUS
10
144.5171729999999854
20
-101.5011229999999927
11
144.5128909999999962
21
-101.5071149999999989
0
LINE
8
F.Silkscreen
6
CONTINUOUS
10
144.5128909999999962
20
-101.5071149999999989
11
144.5125859999999989
21
-101.5074999999999932
0
LINE
8
F.Silkscreen
6
CONTINUOUS
10
144.5125859999999989
20
-101.5074999999999932
11
144.2904139999999984
21
-101.7614090000000004
0
LINE
8
F.Silkscreen
6
CONTINUOUS
10
144.2904139999999984
20
-101.7614090000000004
11
144.2972319999999797
21
-101.7640189999999905
0
LINE
8
F.Silkscreen
6
CONTINUOUS
10
144.2972319999999797
20
-101.7640189999999905
11
144.297680999999983
21
-101.7642170000000021
0
LINE
8
F.Silkscreen
6
CONTINUOUS
10
144.297680999999983
20
-101.7642170000000021
11
144.3929190000000062
21
-101.8118359999999996
0
LINE
8
F.Silkscreen
6
CONTINUOUS
10
144.3929190000000062
20
-101.8118359999999996
11
144.3933459999999798
21
-101.8120759999999905
0
LINE
8
F.Silkscreen
6
CONTINUOUS
10
144.3933459999999798
20
-101.8120759999999905
11
144.3992869999999868
21
-101.8158139999999889
0
LINE
8
F.Silkscreen
6
CONTINUOUS
10
144.3992869999999868
20
-101.8158139999999889
11
144.4007249999999942
21
-101.8164110000000022
0
LINE
8
F.Silkscreen
6
CONTINUOUS
10
144.4007249999999942
20
-101.8164110000000022
11
144.4019830000000013
21
-101.8171660000000003
0
LINE
8
F.Silkscreen
6
CONTINUOUS
10
144.4019830000000013
20
-101.8171660000000003
11
144.4037930000000074
21
-101.8186520000000002
0
LINE
8
F.Silkscreen
6
CONTINUOUS
10
144.4037930000000074
20
-101.8186520000000002
11
144.4057889999999986
21
-101.8199079999999981
0
LINE
8
F.Silkscreen
6
CONTINUOUS
10
144.4057889999999986
20
-101.8199079999999981
11
144.4069039999999973
21
-101.8208640000000003
0
LINE
8
F.Silkscreen
6
CONTINUOUS
10
144.4069039999999973
20
-101.8208640000000003
11
144.4079270000000008
21
-101.8220439999999911
0
LINE
8
F.Silkscreen
6
CONTINUOUS
10
144.4079270000000008
20
-101.8220439999999911
11
144.4133469999999875
21
-101.8264920000000018
0
LINE
8
F.Silkscreen
6
CONTINUOUS
10
144.4133469999999875
20
-101.8264920000000018
11
144.4137110000000064
21
-101.8268209999999954
0
LINE
8
F.Silkscreen
6
CONTINUOUS
10
144.4137110000000064
20
-101.8268209999999954
11
144.4613300000000038
21
-101.8744399999999928
0
LINE
8
F.Silkscreen
6
CONTINUOUS
10
144.4613300000000038
20
-101.8744399999999928
11
144.4616589999999974
21
-101.8748039999999975
0
LINE
8
F.Silkscreen
6
CONTINUOUS
10
144.4616589999999974
20
-101.8748039999999975
11
144.4661079999999913
21
-101.8802259999999933
0
LINE
8
F.Silkscreen
6
CONTINUOUS
10
144.4661079999999913
20
-101.8802259999999933
11
144.4672869999999989
21
-101.8812479999999994
0
LINE
8
F.Silkscreen
6
CONTINUOUS
10
144.4672869999999989
20
-101.8812479999999994
11
144.4682430000000011
21
-101.882362999999998
0
LINE
8
F.Silkscreen
6
CONTINUOUS
10
144.4682430000000011
20
-101.882362999999998
11
144.4694949999999949
21
-101.8843529999999902
0
LINE
8
F.Silkscreen
6
CONTINUOUS
10
144.4694949999999949
20
-101.8843529999999902
11
144.4709849999999847
21
-101.8861679999999978
0
LINE
8
F.Silkscreen
6
CONTINUOUS
10
144.4709849999999847
20
-101.8861679999999978
11
144.4717399999999827
21
-101.8874270000000024
0
LINE
8
F.Silkscreen
6
CONTINUOUS
10
144.4717399999999827
20
-101.8874270000000024
11
144.4723339999999894
21
-101.8888609999999915
0
LINE
8
F.Silkscreen
6
CONTINUOUS
10
144.4723339999999894
20
-101.8888609999999915
11
144.4760749999999803
21
-101.894804999999991
0
LINE
8
F.Silkscreen
6
CONTINUOUS
10
144.4760749999999803
20
-101.894804999999991
11
144.4763149999999996
21
-101.8952319999999929
0
LINE
8
F.Silkscreen
6
CONTINUOUS
10
144.4763149999999996
20
-101.8952319999999929
11
144.523933999999997
21
-101.990470000000002
0
LINE
8
F.Silkscreen
6
CONTINUOUS
10
144.523933999999997
20
-101.990470000000002
11
144.5241319999999803
21
-101.990918999999991
0
LINE
8
F.Silkscreen
6
CONTINUOUS
10
144.5241319999999803
20
-101.990918999999991
11
144.5293869999999856
21
-102.004649999999998
0
LINE
8
F.Silkscreen
6
CONTINUOUS
10
144.5293869999999856
20
-102.004649999999998
11
144.5297039999999811
21
-102.0060829999999896
0
LINE
8
F.Silkscreen
6
CONTINUOUS
10
144.5297039999999811
20
-102.0060829999999896
11
144.5298369999999863
21
-102.007961999999992
0
LINE
8
F.Silkscreen
6
CONTINUOUS
10
144.5298369999999863
20
-102.007961999999992
11
144.530557999999985
21
-102.0097019999999901
0
LINE
8
F.Silkscreen
6
CONTINUOUS
10
144.530557999999985
20
-102.0097019999999901
11
144.5309149999999931
21
-102.0111249999999927
0
LINE
8
F.Silkscreen
6
CONTINUOUS
10
144.5309149999999931
20
-102.0111249999999927
11
144.5323559999999929
21
-102.0257569999999987
0
LINE
8
F.Silkscreen
6
CONTINUOUS
10
144.5323559999999929
20
-102.0257569999999987
11
144.5323799999999892
21
-102.0262469999999979
0
LINE
8
F.Silkscreen
6
CONTINUOUS
10
144.5323799999999892
20
-102.0262469999999979
11
144.5323799999999892
21
-102.2643419999999992
0
LINE
8
F.Silkscreen
6
CONTINUOUS
10
144.5323799999999892
20
-102.2643419999999992
11
144.5323559999999929
21
-102.2648319999999984
0
LINE
8
F.Silkscreen
6
CONTINUOUS
10
144.5323559999999929
20
-102.2648319999999984
11
144.5309149999999931
21
-102.2794639999999902
0
LINE
8
F.Silkscreen
6
CONTINUOUS
10
144.5309149999999931
20
-102.2794639999999902
11
144.530557999999985
21
-102.2808879999999903
0
LINE
8
F.Silkscreen
6
CONTINUOUS
10
144.530557999999985
20
-102.2808879999999903
11
144.5298369999999863
21
-102.2826259999999934
0
LINE
8
F.Silkscreen
6
CONTINUOUS
10
144.5298369999999863
20
-102.2826259999999934
11
144.5297039999999811
21
-102.2845059999999933
0
LINE
8
F.Silkscreen
6
CONTINUOUS
10
144.5297039999999811
20
-102.2845059999999933
11
144.5293869999999856
21
-102.2859389999999991
0
LINE
8
F.Silkscreen
6
CONTINUOUS
10
144.5293869999999856
20
-102.2859389999999991
11
144.5241319999999803
21
-102.2996699999999919
0
LINE
8
F.Silkscreen
6
CONTINUOUS
10
144.5241319999999803
20
-102.2996699999999919
11
144.523933999999997
21
-102.3001189999999951
0
LINE
8
F.Silkscreen
6
CONTINUOUS
10
144.523933999999997
20
-102.3001189999999951
11
144.4763149999999996
21
-102.39535699999999
0
LINE
8
F.Silkscreen
6
CONTINUOUS
10
144.4763149999999996
20
-102.39535699999999
11
144.4760739999999828
21
-102.3957849999999894
0
LINE
8
F.Silkscreen
6
CONTINUOUS
10
144.4760739999999828
20
-102.3957849999999894
11
144.4723349999999868
21
-102.4017219999999924
0
LINE
8
F.Silkscreen
6
CONTINUOUS
10
144.4723349999999868
20
-102.4017219999999924
11
144.4717420000000061
21
-102.4031579999999906
0
LINE
8
F.Silkscreen
6
CONTINUOUS
10
144.4717420000000061
20
-102.4031579999999906
11
144.4709859999999821
21
-102.4044200000000018
0
LINE
8
F.Silkscreen
6
CONTINUOUS
10
144.4709859999999821
20
-102.4044200000000018
11
144.4694939999999974
21
-102.4062349999999952
0
LINE
8
F.Silkscreen
6
CONTINUOUS
10
144.4694939999999974
20
-102.4062349999999952
11
144.4682430000000011
21
-102.4082259999999991
0
LINE
8
F.Silkscreen
6
CONTINUOUS
10
144.4682430000000011
20
-102.4082259999999991
11
144.4672850000000039
21
-102.4093429999999927
0
LINE
8
F.Silkscreen
6
CONTINUOUS
10
144.4672850000000039
20
-102.4093429999999927
11
144.4661069999999938
21
-102.4103629999999896
0
LINE
8
F.Silkscreen
6
CONTINUOUS
10
144.4661069999999938
20
-102.4103629999999896
11
144.4616589999999974
21
-102.4157849999999996
0
LINE
8
F.Silkscreen
6
CONTINUOUS
10
144.4616589999999974
20
-102.4157849999999996
11
144.4613300000000038
21
-102.4161479999999926
0
LINE
8
F.Silkscreen
6
CONTINUOUS
10
144.4613300000000038
20
-102.4161479999999926
11
144.4137120000000039
21
-102.46376699999999
0
LINE
8
F.Silkscreen
6
CONTINUOUS
10
144.4137120000000039
20
-102.46376699999999
11
144.4133479999999849
21
-102.4640969999999953
0
LINE
8
F.Silkscreen
6
CONTINUOUS
10
144.4133479999999849
20
-102.4640969999999953
11
144.4079250000000059
21
-102.4685459999999892
0
LINE
8
F.Silkscreen
6
CONTINUOUS
10
144.4079250000000059
20
-102.4685459999999892
11
144.4069039999999973
21
-102.4697249999999968
0
LINE
8
F.Silkscreen
6
CONTINUOUS
10
144.4069039999999973
20
-102.4697249999999968
11
144.4057889999999986
21
-102.4706819999999965
0
LINE
8
F.Silkscreen
6
CONTINUOUS
10
144.4057889999999986
20
-102.4706819999999965
11
144.4037930000000074
21
-102.4719369999999969
0
LINE
8
F.Silkscreen
6
CONTINUOUS
10
144.4037930000000074
20
-102.4719369999999969
11
144.4019830000000013
21
-102.4734239999999943
0
LINE
8
F.Silkscreen
6
CONTINUOUS
10
144.4019830000000013
20
-102.4734239999999943
11
144.4007229999999993
21
-102.4741799999999898
0
LINE
8
F.Silkscreen
6
CONTINUOUS
10
144.4007229999999993
20
-102.4741799999999898
11
144.3992829999999969
21
-102.474774999999994
0
LINE
8
F.Silkscreen
6
CONTINUOUS
10
144.3992829999999969
20
-102.474774999999994
11
144.3933470000000057
21
-102.4785129999999924
0
LINE
8
F.Silkscreen
6
CONTINUOUS
10
144.3933470000000057
20
-102.4785129999999924
11
144.3929190000000062
21
-102.478753999999995
0
LINE
8
F.Silkscreen
6
CONTINUOUS
10
144.3929190000000062
20
-102.478753999999995
11
144.297680999999983
21
-102.5263729999999924
0
LINE
8
F.Silkscreen
6
CONTINUOUS
10
144.297680999999983
20
-102.5263729999999924
11
144.2972319999999797
21
-102.5265709999999899
0
LINE
8
F.Silkscreen
6
CONTINUOUS
10
144.2972319999999797
20
-102.5265709999999899
11
144.2835000000000036
21
-102.5318259999999952
0
LINE
8
F.Silkscreen
6
CONTINUOUS
10
144.2835000000000036
20
-102.5318259999999952
11
144.2820659999999862
21
-102.5321440000000024
0
LINE
8
F.Silkscreen
6
CONTINUOUS
10
144.2820659999999862
20
-102.5321440000000024
11
144.2801879999999812
21
-102.532275999999996
0
LINE
8
F.Silkscreen
6
CONTINUOUS
10
144.2801879999999812
20
-102.532275999999996
11
144.2784509999999898
21
-102.5329969999999946
0
LINE
8
F.Silkscreen
6
CONTINUOUS
10
144.2784509999999898
20
-102.5329969999999946
11
144.2770260000000064
21
-102.5333539999999886
0
LINE
8
F.Silkscreen
6
CONTINUOUS
10
144.2770260000000064
20
-102.5333539999999886
11
144.2623940000000005
21
-102.5347949999999884
0
LINE
8
F.Silkscreen
6
CONTINUOUS
10
144.2623940000000005
20
-102.5347949999999884
11
144.261903999999987
21
-102.5348189999999988
0
LINE
8
F.Silkscreen
6
CONTINUOUS
10
144.261903999999987
20
-102.5348189999999988
11
143.9761900000000026
21
-102.5348189999999988
0
LINE
8
F.Silkscreen
6
CONTINUOUS
10
143.9761900000000026
20
-102.5348189999999988
11
143.9756999999999891
21
-102.5347949999999884
0
LINE
8
F.Silkscreen
6
CONTINUOUS
10
143.9756999999999891
20
-102.5347949999999884
11
143.9610679999999832
21
-102.5333539999999886
0
LINE
8
F.Silkscreen
6
CONTINUOUS
10
143.9610679999999832
20
-102.5333539999999886
11
143.9596449999999948
21
-102.5329969999999946
0
LINE
8
F.Silkscreen
6
CONTINUOUS
10
143.9596449999999948
20
-102.5329969999999946
11
143.9579049999999825
21
-102.532275999999996
0
LINE
8
F.Silkscreen
6
CONTINUOUS
10
143.9579049999999825
20
-102.532275999999996
11
143.9560259999999801
21
-102.5321429999999907
0
LINE
8
F.Silkscreen
6
CONTINUOUS
10
143.9560259999999801
20
-102.5321429999999907
11
143.9545929999999885
21
-102.5318259999999952
0
LINE
8
F.Silkscreen
6
CONTINUOUS
10
143.9545929999999885
20
-102.5318259999999952
11
143.9408619999999814
21
-102.5265709999999899
0
LINE
8
F.Silkscreen
6
CONTINUOUS
10
143.9408619999999814
20
-102.5265709999999899
11
143.9404130000000066
21
-102.5263729999999924
0
LINE
8
F.Silkscreen
6
CONTINUOUS
10
143.9404130000000066
20
-102.5263729999999924
11
143.8451749999999834
21
-102.478753999999995
0
LINE
8
F.Silkscreen
6
CONTINUOUS
10
143.8451749999999834
20
-102.478753999999995
11
143.8447479999999814
21
-102.4785139999999899
0
LINE
8
F.Silkscreen
6
CONTINUOUS
10
143.8447479999999814
20
-102.4785139999999899
11
143.8388039999999819
21
-102.474772999999999
0
LINE
8
F.Silkscreen
6
CONTINUOUS
10
143.8388039999999819
20
-102.474772999999999
11
143.8373699999999928
21
-102.4741789999999924
0
LINE
8
F.Silkscreen
6
CONTINUOUS
10
143.8373699999999928
20
-102.4741789999999924
11
143.8361119999999858
21
-102.4734249999999918
0
LINE
8
F.Silkscreen
6
CONTINUOUS
10
143.8361119999999858
20
-102.4734249999999918
11
143.8342959999999948
21
-102.471935000000002
0
LINE
8
F.Silkscreen
6
CONTINUOUS
10
143.8342959999999948
20
-102.471935000000002
11
143.8323039999999935
21
-102.470680999999999
0
LINE
8
F.Silkscreen
6
CONTINUOUS
10
143.8323039999999935
20
-102.470680999999999
11
143.8311909999999898
21
-102.4697259999999943
0
LINE
8
F.Silkscreen
6
CONTINUOUS
10
143.8311909999999898
20
-102.4697259999999943
11
143.8301679999999863
21
-102.4685459999999892
0
LINE
8
F.Silkscreen
6
CONTINUOUS
10
143.8301679999999863
20
-102.4685459999999892
11
143.8247460000000046
21
-102.4640969999999953
0
LINE
8
F.Silkscreen
6
CONTINUOUS
10
143.8247460000000046
20
-102.4640969999999953
11
143.8243819999999857
21
-102.46376699999999
0
LINE
8
F.Silkscreen
6
CONTINUOUS
10
143.8243819999999857
20
-102.46376699999999
11
143.7767629999999883
21
-102.4161469999999952
0
LINE
8
F.Silkscreen
6
CONTINUOUS
10
143.7767629999999883
20
-102.4161469999999952
11
143.7764339999999947
21
-102.4157840000000022
0
LINE
8
F.Silkscreen
6
CONTINUOUS
10
143.7764339999999947
20
-102.4157840000000022
11
143.7671069999999816
21
-102.4044189999999901
0
LINE
8
F.Silkscreen
6
CONTINUOUS
10
143.7671069999999816
20
-102.4044189999999901
11
143.766352999999981
21
-102.4031599999999997
0
LINE
8
F.Silkscreen
6
CONTINUOUS
10
143.766352999999981
20
-102.4031599999999997
11
143.755155000000002
21
-102.3761239999999901
0
LINE
8
F.Silkscreen
6
CONTINUOUS
10
143.755155000000002
20
-102.3761239999999901
11
143.7547739999999976
21
-102.3742109999999883
0
LINE
8
F.Silkscreen
6
CONTINUOUS
10
143.7547739999999976
20
-102.3742109999999883
11
143.7547739999999976
21
-102.3449480000000023
0
LINE
8
F.Silkscreen
6
CONTINUOUS
10
143.7547739999999976
20
-102.3449480000000023
11
143.755155000000002
21
-102.3430350000000004
0
LINE
8
F.Silkscreen
6
CONTINUOUS
10
143.755155000000002
20
-102.3430350000000004
11
143.7663540000000069
21
-102.3159989999999908
0
LINE
8
F.Silkscreen
6
CONTINUOUS
10
143.7663540000000069
20
-102.3159989999999908
11
143.767437000000001
21
-102.3143759999999958
0
LINE
8
F.Silkscreen
6
CONTINUOUS
10
143.767437000000001
20
-102.3143759999999958
11
143.7881299999999953
21
-102.2936830000000015
0
LINE
8
F.Silkscreen
6
CONTINUOUS
10
143.7881299999999953
20
-102.2936830000000015
11
143.7897529999999904
21
-102.2925999999999931
0
LINE
8
F.Silkscreen
6
CONTINUOUS
10
143.7897529999999904
20
-102.2925999999999931
11
143.816789
21
-102.2814019999999999
0
LINE
8
F.Silkscreen
6
CONTINUOUS
10
143.816789
20
-102.2814019999999999
11
143.8187020000000018
21
-102.2810209999999955
0
LINE
8
F.Silkscreen
6
CONTINUOUS
10
143.8187020000000018
20
-102.2810209999999955
11
143.8479649999999879
21
-102.2810209999999955
0
LINE
8
F.Silkscreen
6
CONTINUOUS
10
143.8479649999999879
20
-102.2810209999999955
11
143.8498779999999897
21
-102.2814019999999999
0
LINE
8
F.Silkscreen
6
CONTINUOUS
10
143.8498779999999897
20
-102.2814019999999999
11
143.8769139999999993
21
-102.2926009999999906
0
LINE
8
F.Silkscreen
6
CONTINUOUS
10
143.8769139999999993
20
-102.2926009999999906
11
143.8781730000000039
21
-102.2933549999999912
0
LINE
8
F.Silkscreen
6
CONTINUOUS
10
143.8781730000000039
20
-102.2933549999999912
11
143.889538999999985
21
-102.3026830000000018
0
LINE
8
F.Silkscreen
6
CONTINUOUS
10
143.889538999999985
20
-102.3026830000000018
11
143.8899030000000039
21
-102.3030129999999929
0
LINE
8
F.Silkscreen
6
CONTINUOUS
10
143.8899030000000039
20
-102.3030129999999929
11
143.928340999999989
21
-102.3414519999999897
0
LINE
8
F.Silkscreen
6
CONTINUOUS
10
143.928340999999989
20
-102.3414519999999897
11
143.9950749999999857
21
-102.3748190000000022
0
LINE
8
F.Silkscreen
6
CONTINUOUS
10
143.9950749999999857
20
-102.3748190000000022
11
144.2430190000000039
21
-102.3748190000000022
0
LINE
8
F.Silkscreen
6
CONTINUOUS
10
144.2430190000000039
20
-102.3748190000000022
11
144.3097510000000057
21
-102.3414519999999897
0
LINE
8
F.Silkscreen
6
CONTINUOUS
10
144.3097510000000057
20
-102.3414519999999897
11
144.3390119999999968
21
-102.3121909999999986
0
LINE
8
F.Silkscreen
6
CONTINUOUS
10
144.3390119999999968
20
-102.3121909999999986
11
144.3723799999999926
21
-102.2454559999999901
0
LINE
8
F.Silkscreen
6
CONTINUOUS
10
144.3723799999999926
20
-102.2454559999999901
11
144.3723799999999926
21
-102.0451319999999953
0
LINE
8
F.Silkscreen
6
CONTINUOUS
10
144.3723799999999926
20
-102.0451319999999953
11
144.3390139999999917
21
-101.9783999999999935
0
LINE
8
F.Silkscreen
6
CONTINUOUS
10
144.3390139999999917
20
-101.9783999999999935
11
144.3097510000000057
21
-101.9491369999999932
0
LINE
8
F.Silkscreen
6
CONTINUOUS
10
144.3097510000000057
20
-101.9491369999999932
11
144.2430190000000039
21
-101.9157709999999923
0
LINE
8
F.Silkscreen
6
CONTINUOUS
10
144.2430190000000039
20
-101.9157709999999923
11
144.1190469999999948
21
-101.9157709999999923
0
LINE
8
F.Silkscreen
6
CONTINUOUS
10
144.1190469999999948
20
-101.9157709999999923
11
144.1185559999999839
21
-101.9157469999999961
0
LINE
8
F.Silkscreen
6
CONTINUOUS
10
144.1185559999999839
20
-101.9157469999999961
11
144.1112289999999803
21
-101.9150239999999883
0
LINE
8
F.Silkscreen
6
CONTINUOUS
10
144.1112289999999803
20
-101.9150239999999883
11
144.1096760000000074
21
-101.9151289999999932
0
LINE
8
F.Silkscreen
6
CONTINUOUS
10
144.1096760000000074
20
-101.9151289999999932
11
144.1077379999999835
21
-101.9148759999999925
0
LINE
8
F.Silkscreen
6
CONTINUOUS
10
144.1077379999999835
20
-101.9148759999999925
11
144.1069249999999897
21
-101.914599999999993
0
LINE
8
F.Silkscreen
6
CONTINUOUS
10
144.1069249999999897
20
-101.914599999999993
11
144.1039260000000013
21
-101.9143059999999963
0
LINE
8
F.Silkscreen
6
CONTINUOUS
10
144.1039260000000013
20
-101.9143059999999963
11
144.1025009999999895
21
-101.9139490000000023
0
LINE
8
F.Silkscreen
6
CONTINUOUS
10
144.1025009999999895
20
-101.9139490000000023
11
144.0914070000000038
21
-101.9093529999999959
0
LINE
8
F.Silkscreen
6
CONTINUOUS
10
144.0914070000000038
20
-101.9093529999999959
11
144.0800179999999955
21
-101.9055019999999985
0
LINE
8
F.Silkscreen
6
CONTINUOUS
10
144.0800179999999955
20
-101.9055019999999985
11
144.0783279999999991
21
-101.9045289999999966
0
LINE
8
F.Silkscreen
6
CONTINUOUS
10
144.0783279999999991
20
-101.9045289999999966
11
144.0770399999999825
21
-101.9034019999999998
0
LINE
8
F.Silkscreen
6
CONTINUOUS
10
144.0770399999999825
20
-101.9034019999999998
11
144.0754649999999799
21
-101.9027499999999975
0
LINE
8
F.Silkscreen
6
CONTINUOUS
10
144.0754649999999799
20
-101.9027499999999975
11
144.0738429999999823
21
-101.9016669999999891
0
LINE
8
F.Silkscreen
6
CONTINUOUS
10
144.0738429999999823
20
-101.9016669999999891
11
144.065339999999992
21
-101.8931639999999987
0
LINE
8
F.Silkscreen
6
CONTINUOUS
10
144.065339999999992
20
-101.8931639999999987
11
144.056303999999983
21
-101.8852579999999932
0
LINE
8
F.Silkscreen
6
CONTINUOUS
10
144.056303999999983
20
-101.8852579999999932
11
144.0551140000000032
21
-101.8837119999999885
0
LINE
8
F.Silkscreen
6
CONTINUOUS
10
144.0551140000000032
20
-101.8837119999999885
11
144.0543559999999843
21
-101.8821799999999911
0
LINE
8
F.Silkscreen
6
CONTINUOUS
10
144.0543559999999843
20
-101.8821799999999911
11
144.0531509999999855
21
-101.8809749999999923
0
LINE
8
F.Silkscreen
6
CONTINUOUS
10
144.0531509999999855
20
-101.8809749999999923
11
144.0520679999999913
21
-101.8793529999999947
0
LINE
8
F.Silkscreen
6
CONTINUOUS
10
144.0520679999999913
20
-101.8793529999999947
11
144.0474700000000041
21
-101.8682549999999907
0
LINE
8
F.Silkscreen
6
CONTINUOUS
10
144.0474700000000041
20
-101.8682549999999907
11
144.0421419999999841
21
-101.8574789999999979
0
LINE
8
F.Silkscreen
6
CONTINUOUS
10
144.0421419999999841
20
-101.8574789999999979
11
144.0416349999999852
21
-101.8555969999999888
0
LINE
8
F.Silkscreen
6
CONTINUOUS
10
144.0416349999999852
20
-101.8555969999999888
11
144.0415199999999913
21
-101.8538920000000019
0
LINE
8
F.Silkscreen
6
CONTINUOUS
10
144.0415199999999913
20
-101.8538920000000019
11
144.040867999999989
21
-101.8523149999999902
0
LINE
8
F.Silkscreen
6
CONTINUOUS
10
144.040867999999989
20
-101.8523149999999902
11
144.0404879999999821
21
-101.850403
0
LINE
8
F.Silkscreen
6
CONTINUOUS
10
144.0404879999999821
20
-101.850403
11
144.0404879999999821
21
-101.8383850000000024
0
LINE
8
F.Silkscreen
6
CONTINUOUS
10
144.0404879999999821
20
-101.8383850000000024
11
144.0396889999999814
21
-101.8263979999999975
0
LINE
8
F.Silkscreen
6
CONTINUOUS
10
144.0396889999999814
20
-101.8263979999999975
11
144.0399409999999989
21
-101.8244639999999919
0
LINE
8
F.Silkscreen
6
CONTINUOUS
10
144.0399409999999989
20
-101.8244639999999919
11
144.0404879999999821
21
-101.8228450000000009
0
LINE
8
F.Silkscreen
6
CONTINUOUS
10
144.0404879999999821
20
-101.8228450000000009
11
144.0404879999999821
21
-101.8211390000000023
0
LINE
8
F.Silkscreen
6
CONTINUOUS
10
144.0404879999999821
20
-101.8211390000000023
11
144.0408689999999865
21
-101.8192260000000005
0
LINE
8
F.Silkscreen
6
CONTINUOUS
10
144.0408689999999865
20
-101.8192260000000005
11
144.0454670000000021
21
-101.8081229999999948
0
LINE
8
F.Silkscreen
6
CONTINUOUS
10
144.0454670000000021
20
-101.8081229999999948
11
144.0493170000000021
21
-101.7967419999999947
0
LINE
8
F.Silkscreen
6
CONTINUOUS
10
144.0493170000000021
20
-101.7967419999999947
11
144.0499849999999924
21
-101.7954369999999926
0
LINE
8
F.Silkscreen
6
CONTINUOUS
10
144.0499849999999924
20
-101.7954369999999926
11
144.0517389999999978
21
-101.792981999999995
0
LINE
8
F.Silkscreen
6
CONTINUOUS
10
144.0517389999999978
20
-101.792981999999995
11
144.0520689999999888
21
-101.7921869999999984
0
LINE
8
F.Silkscreen
6
CONTINUOUS
10
144.0520689999999888
20
-101.7921869999999984
11
144.053149999999988
21
-101.7905689999999908
0
LINE
8
F.Silkscreen
6
CONTINUOUS
10
144.053149999999988
20
-101.7905689999999908
11
144.0542549999999835
21
-101.7894620000000003
0
LINE
8
F.Silkscreen
6
CONTINUOUS
10
144.0542549999999835
20
-101.7894620000000003
11
144.0585370000000012
21
-101.7834749999999957
0
LINE
8
F.Silkscreen
6
CONTINUOUS
10
144.0585370000000012
20
-101.7834749999999957
11
144.058841000000001
21
-101.7830900000000014
0
LINE
8
F.Silkscreen
6
CONTINUOUS
10
144.058841000000001
20
-101.7830900000000014
11
144.2760789999999815
21
-101.5348189999999988
0
LINE
8
F.Silkscreen
6
CONTINUOUS
10
144.2760789999999815
20
-101.5348189999999988
11
143.8333329999999819
21
-101.5348189999999988
0
LINE
8
F.Silkscreen
6
CONTINUOUS
10
143.8333329999999819
20
-101.5348189999999988
11
143.8328429999999969
21
-101.5347949999999884
0
LINE
8
F.Silkscreen
6
CONTINUOUS
10
143.8328429999999969
20
-101.5347949999999884
11
143.8182109999999909
21
-101.5333539999999886
0
LINE
8
F.Silkscreen
6
CONTINUOUS
10
143.8182109999999909
20
-101.5333539999999886
11
143.8167880000000025
21
-101.5329969999999946
0
LINE
8
F.Silkscreen
6
CONTINUOUS
10
143.8167880000000025
20
-101.5329969999999946
11
143.7897519999999929
21
-101.5217979999999898
0
LINE
8
F.Silkscreen
6
CONTINUOUS
10
143.7897519999999929
20
-101.5217979999999898
11
143.7881289999999979
21
-101.5207149999999956
0
LINE
8
F.Silkscreen
6
CONTINUOUS
10
143.7881289999999979
20
-101.5207149999999956
11
143.767437000000001
21
-101.5000229999999988
0
LINE
8
F.Silkscreen
6
CONTINUOUS
10
143.767437000000001
20
-101.5000229999999988
11
143.7663540000000069
21
-101.4983999999999895
0
LINE
8
F.Silkscreen
6
CONTINUOUS
10
143.7663540000000069
20
-101.4983999999999895
11
143.755155000000002
21
-101.4713639999999941
0
LINE
8
F.Silkscreen
6
CONTINUOUS
10
143.755155000000002
20
-101.4713639999999941
11
143.7547739999999976
21
-101.4694509999999923
0
LINE
8
F.Silkscreen
6
CONTINUOUS
10
143.7547739999999976
20
-101.4694509999999923
11
143.7547739999999976
21
-101.4401869999999946
0
LINE
8
F.Silkscreen
6
CONTINUOUS
10
143.7547739999999976
20
-101.4401869999999946
11
143.755155000000002
21
-101.4382739999999927
0
LINE
8
F.Silkscreen
6
CONTINUOUS
10
143.755155000000002
20
-101.4382739999999927
11
143.7663540000000069
21
-101.4112379999999973
0
LINE
8
F.Silkscreen
6
CONTINUOUS
10
143.7663540000000069
20
-101.4112379999999973
11
143.767437000000001
21
-101.4096150000000023
0
LINE
8
F.Silkscreen
6
CONTINUOUS
10
143.767437000000001
20
-101.4096150000000023
11
143.7881289999999979
21
-101.3889229999999912
0
LINE
8
F.Silkscreen
6
CONTINUOUS
10
143.7881289999999979
20
-101.3889229999999912
11
143.7897519999999929
21
-101.3878399999999971
0
LINE
8
F.Silkscreen
6
CONTINUOUS
10
143.7897519999999929
20
-101.3878399999999971
11
143.8167880000000025
21
-101.3766409999999922
0
LINE
8
F.Silkscreen
6
CONTINUOUS
10
143.8167880000000025
20
-101.3766409999999922
11
143.8182109999999909
21
-101.3762839999999983
0
LINE
8
F.Silkscreen
6
CONTINUOUS
10
143.8182109999999909
20
-101.3762839999999983
11
143.8328429999999969
21
-101.3748429999999985
0
LINE
8
F.Silkscreen
6
CONTINUOUS
10
143.8328429999999969
20
-101.3748429999999985
11
143.8333329999999819
21
-101.3748190000000022
0
LINE
8
F.Silkscreen
6
CONTINUOUS
10
143.8333329999999819
20
-101.3748190000000022
11
144.4523800000000051
21
-101.3748190000000022
0
LINE
8
F.Silkscreen
6
CONTINUOUS
10
144.4523800000000051
20
-101.3748190000000022
11
144.4528699999999901
21
-101.3748429999999985
0
LINE
8
F.Silkscreen
6
CONTINUOUS
10
142.0719179999999824
20
-101.3748429999999985
11
142.0865499999999884
21
-101.3762839999999983
0
LINE
8
F.Silkscreen
6
CONTINUOUS
10
142.0865499999999884
20
-101.3762839999999983
11
142.0879730000000052
21
-101.3766409999999922
0
LINE
8
F.Silkscreen
6
CONTINUOUS
10
142.0879730000000052
20
-101.3766409999999922
11
142.1150089999999864
21
-101.3878399999999971
0
LINE
8
F.Silkscreen
6
CONTINUOUS
10
142.1150089999999864
20
-101.3878399999999971
11
142.1166319999999814
21
-101.3889229999999912
0
LINE
8
F.Silkscreen
6
CONTINUOUS
10
142.1166319999999814
20
-101.3889229999999912
11
142.1373240000000067
21
-101.4096150000000023
0
LINE
8
F.Silkscreen
6
CONTINUOUS
10
142.1373240000000067
20
-101.4096150000000023
11
142.1384070000000008
21
-101.4112379999999973
0
LINE
8
F.Silkscreen
6
CONTINUOUS
10
142.1384070000000008
20
-101.4112379999999973
11
142.1496060000000057
21
-101.4382739999999927
0
LINE
8
F.Silkscreen
6
CONTINUOUS
10
142.1496060000000057
20
-101.4382739999999927
11
142.1499869999999817
21
-101.4401869999999946
0
LINE
8
F.Silkscreen
6
CONTINUOUS
10
142.1499869999999817
20
-101.4401869999999946
11
142.1499869999999817
21
-101.4694509999999923
0
LINE
8
F.Silkscreen
6
CONTINUOUS
10
142.1499869999999817
20
-101.4694509999999923
11
142.1496060000000057
21
-101.4713639999999941
0
LINE
8
F.Silkscreen
6
CONTINUOUS
10
142.1496060000000057
20
-101.4713639999999941
11
142.1384070000000008
21
-101.4983999999999895
0
LINE
8
F.Silkscreen
6
CONTINUOUS
10
142.1384070000000008
20
-101.4983999999999895
11
142.1373240000000067
21
-101.5000229999999988
0
LINE
8
F.Silkscreen
6
CONTINUOUS
10
142.1373240000000067
20
-101.5000229999999988
11
142.1166319999999814
21
-101.5207149999999956
0
LINE
8
F.Silkscreen
6
CONTINUOUS
10
142.1166319999999814
20
-101.5207149999999956
11
142.1150089999999864
21
-101.5217979999999898
0
LINE
8
F.Silkscreen
6
CONTINUOUS
10
142.1150089999999864
20
-101.5217979999999898
11
142.0879730000000052
21
-101.5329969999999946
0
LINE
8
F.Silkscreen
6
CONTINUOUS
10
142.0879730000000052
20
-101.5329969999999946
11
142.0865499999999884
21
-101.5333539999999886
0
LINE
8
F.Silkscreen
6
CONTINUOUS
10
142.0865499999999884
20
-101.5333539999999886
11
142.0719179999999824
21
-101.5347949999999884
0
LINE
8
F.Silkscreen
6
CONTINUOUS
10
142.0719179999999824
20
-101.5347949999999884
11
142.0714279999999974
21
-101.5348189999999988
0
LINE
8
F.Silkscreen
6
CONTINUOUS
10
142.0714279999999974
20
-101.5348189999999988
11
141.6752380000000073
21
-101.5348189999999988
0
LINE
8
F.Silkscreen
6
CONTINUOUS
10
141.6752380000000073
20
-101.5348189999999988
11
141.6752380000000073
21
-101.8510089999999906
0
LINE
8
F.Silkscreen
6
CONTINUOUS
10
141.6752380000000073
20
-101.8510089999999906
11
141.9285710000000051
21
-101.8510089999999906
0
LINE
8
F.Silkscreen
6
CONTINUOUS
10
141.9285710000000051
20
-101.8510089999999906
11
141.9290609999999901
21
-101.851033000000001
0
LINE
8
F.Silkscreen
6
CONTINUOUS
10
141.9290609999999901
20
-101.851033000000001
11
141.9436929999999961
21
-101.8524740000000008
0
LINE
8
F.Silkscreen
6
CONTINUOUS
10
141.9436929999999961
20
-101.8524740000000008
11
141.9451159999999845
21
-101.8528309999999948
0
LINE
8
F.Silkscreen
6
CONTINUOUS
10
141.9451159999999845
20
-101.8528309999999948
11
141.9721519999999941
21
-101.8640299999999996
0
LINE
8
F.Silkscreen
6
CONTINUOUS
10
141.9721519999999941
20
-101.8640299999999996
11
141.9737749999999892
21
-101.8651129999999938
0
LINE
8
F.Silkscreen
6
CONTINUOUS
10
141.9737749999999892
20
-101.8651129999999938
11
141.994466999999986
21
-101.8858049999999906
0
LINE
8
F.Silkscreen
6
CONTINUOUS
10
141.994466999999986
20
-101.8858049999999906
11
141.9955499999999802
21
-101.8874279999999999
0
LINE
8
F.Silkscreen
6
CONTINUOUS
10
141.9955499999999802
20
-101.8874279999999999
11
142.006748999999985
21
-101.9144639999999953
0
LINE
8
F.Silkscreen
6
CONTINUOUS
10
142.006748999999985
20
-101.9144639999999953
11
142.0071299999999894
21
-101.9163769999999971
0
LINE
8
F.Silkscreen
6
CONTINUOUS
10
142.0071299999999894
20
-101.9163769999999971
11
142.0071299999999894
21
-101.9456409999999948
0
LINE
8
F.Silkscreen
6
CONTINUOUS
10
142.0071299999999894
20
-101.9456409999999948
11
142.006748999999985
21
-101.9475539999999967
0
LINE
8
F.Silkscreen
6
CONTINUOUS
10
142.006748999999985
20
-101.9475539999999967
11
141.9955499999999802
21
-101.9745899999999921
0
LINE
8
F.Silkscreen
6
CONTINUOUS
10
141.9955499999999802
20
-101.9745899999999921
11
141.994466999999986
21
-101.9762130000000013
0
LINE
8
F.Silkscreen
6
CONTINUOUS
10
141.994466999999986
20
-101.9762130000000013
11
141.9737749999999892
21
-101.9969049999999982
0
LINE
8
F.Silkscreen
6
CONTINUOUS
10
141.9737749999999892
20
-101.9969049999999982
11
141.9721519999999941
21
-101.9979879999999923
0
LINE
8
F.Silkscreen
6
CONTINUOUS
10
141.9721519999999941
20
-101.9979879999999923
11
141.9451159999999845
21
-102.0091869999999972
0
LINE
8
F.Silkscreen
6
CONTINUOUS
10
141.9451159999999845
20
-102.0091869999999972
11
141.9436929999999961
21
-102.0095439999999911
0
LINE
8
F.Silkscreen
6
CONTINUOUS
10
141.9436929999999961
20
-102.0095439999999911
11
141.9290609999999901
21
-102.0109849999999909
0
LINE
8
F.Silkscreen
6
CONTINUOUS
10
141.9290609999999901
20
-102.0109849999999909
11
141.9285710000000051
21
-102.0110090000000014
0
LINE
8
F.Silkscreen
6
CONTINUOUS
10
141.9285710000000051
20
-102.0110090000000014
11
141.6752380000000073
21
-102.0110090000000014
0
LINE
8
F.Silkscreen
6
CONTINUOUS
10
141.6752380000000073
20
-102.0110090000000014
11
141.6752380000000073
21
-102.4548190000000005
0
LINE
8
F.Silkscreen
6
CONTINUOUS
10
141.6752380000000073
20
-102.4548190000000005
11
141.6752139999999827
21
-102.4553089999999997
0
LINE
8
F.Silkscreen
6
CONTINUOUS
10
141.6752139999999827
20
-102.4553089999999997
11
141.6737729999999829
21
-102.4699409999999915
0
LINE
8
F.Silkscreen
6
CONTINUOUS
10
141.6737729999999829
20
-102.4699409999999915
11
141.6734160000000031
21
-102.4713639999999941
0
LINE
8
F.Silkscreen
6
CONTINUOUS
10
141.6734160000000031
20
-102.4713639999999941
11
141.6622169999999983
21
-102.4983999999999895
0
LINE
8
F.Silkscreen
6
CONTINUOUS
10
141.6622169999999983
20
-102.4983999999999895
11
141.6611340000000041
21
-102.5000229999999988
0
LINE
8
F.Silkscreen
6
CONTINUOUS
10
141.6611340000000041
20
-102.5000229999999988
11
141.6404420000000073
21
-102.5207149999999956
0
LINE
8
F.Silkscreen
6
CONTINUOUS
10
141.6404420000000073
20
-102.5207149999999956
11
141.6388189999999838
21
-102.5217979999999898
0
LINE
8
F.Silkscreen
6
CONTINUOUS
10
141.6388189999999838
20
-102.5217979999999898
11
141.6117830000000026
21
-102.5329969999999946
0
LINE
8
F.Silkscreen
6
CONTINUOUS
10
141.6117830000000026
20
-102.5329969999999946
11
141.6098700000000008
21
-102.533377999999999
0
LINE
8
F.Silkscreen
6
CONTINUOUS
10
141.6098700000000008
20
-102.533377999999999
11
141.5806059999999889
21
-102.533377999999999
0
LINE
8
F.Silkscreen
6
CONTINUOUS
10
141.5806059999999889
20
-102.533377999999999
11
141.578692999999987
21
-102.5329969999999946
0
LINE
8
F.Silkscreen
6
CONTINUOUS
10
141.578692999999987
20
-102.5329969999999946
11
141.5516570000000058
21
-102.5217979999999898
0
LINE
8
F.Silkscreen
6
CONTINUOUS
10
141.5516570000000058
20
-102.5217979999999898
11
141.5500339999999824
21
-102.5207149999999956
0
LINE
8
F.Silkscreen
6
CONTINUOUS
10
141.5500339999999824
20
-102.5207149999999956
11
141.5293419999999855
21
-102.5000229999999988
0
LINE
8
F.Silkscreen
6
CONTINUOUS
10
141.5293419999999855
20
-102.5000229999999988
11
141.5282589999999914
21
-102.4983999999999895
0
LINE
8
F.Silkscreen
6
CONTINUOUS
10
141.5282589999999914
20
-102.4983999999999895
11
141.5170599999999865
21
-102.4713639999999941
0
LINE
8
F.Silkscreen
6
CONTINUOUS
10
141.5170599999999865
20
-102.4713639999999941
11
141.5167030000000068
21
-102.4699409999999915
0
LINE
8
F.Silkscreen
6
CONTINUOUS
10
141.5167030000000068
20
-102.4699409999999915
11
141.515262000000007
21
-102.4553089999999997
0
LINE
8
F.Silkscreen
6
CONTINUOUS
10
141.515262000000007
20
-102.4553089999999997
11
141.5152379999999823
21
-102.4548190000000005
0
LINE
8
F.Silkscreen
6
CONTINUOUS
10
141.5152379999999823
20
-102.4548190000000005
11
141.5152379999999823
21
-101.4548190000000005
0
LINE
8
F.Silkscreen
6
CONTINUOUS
10
141.5152379999999823
20
-101.4548190000000005
11
141.515262000000007
21
-101.4543290000000013
0
LINE
8
F.Silkscreen
6
CONTINUOUS
10
141.515262000000007
20
-101.4543290000000013
11
141.5167030000000068
21
-101.4396969999999953
0
LINE
8
F.Silkscreen
6
CONTINUOUS
10
141.5167030000000068
20
-101.4396969999999953
11
141.5170599999999865
21
-101.4382739999999927
0
LINE
8
F.Silkscreen
6
CONTINUOUS
10
141.5170599999999865
20
-101.4382739999999927
11
141.5282589999999914
21
-101.4112379999999973
0
LINE
8
F.Silkscreen
6
CONTINUOUS
10
141.5282589999999914
20
-101.4112379999999973
11
141.5293419999999855
21
-101.4096150000000023
0
LINE
8
F.Silkscreen
6
CONTINUOUS
10
141.5293419999999855
20
-101.4096150000000023
11
141.5500339999999824
21
-101.3889229999999912
0
LINE
8
F.Silkscreen
6
CONTINUOUS
10
141.5500339999999824
20
-101.3889229999999912
11
141.5516570000000058
21
-101.3878399999999971
0
LINE
8
F.Silkscreen
6
CONTINUOUS
10
141.5516570000000058
20
-101.3878399999999971
11
141.578692999999987
21
-101.3766409999999922
0
LINE
8
F.Silkscreen
6
CONTINUOUS
10
141.578692999999987
20
-101.3766409999999922
11
141.5801160000000039
21
-101.3762839999999983
0
LINE
8
F.Silkscreen
6
CONTINUOUS
10
141.5801160000000039
20
-101.3762839999999983
11
141.5947479999999814
21
-101.3748429999999985
0
LINE
8
F.Silkscreen
6
CONTINUOUS
10
141.5947479999999814
20
-101.3748429999999985
11
141.5952379999999948
21
-101.3748190000000022
0
LINE
8
F.Silkscreen
6
CONTINUOUS
10
141.5952379999999948
20
-101.3748190000000022
11
142.0714279999999974
21
-101.3748190000000022
0
LINE
8
F.Silkscreen
6
CONTINUOUS
10
142.0714279999999974
20
-101.3748190000000022
11
142.0719179999999824
21
-101.3748429999999985
0
LINE
8
F.Silkscreen
6
CONTINUOUS
10
142.468925999999982
20
-101.3766409999999922
11
142.4959619999999916
21
-101.3878399999999971
0
LINE
8
F.Silkscreen
6
CONTINUOUS
10
142.4959619999999916
20
-101.3878399999999971
11
142.4975849999999866
21
-101.3889229999999912
0
LINE
8
F.Silkscreen
6
CONTINUOUS
10
142.4975849999999866
20
-101.3889229999999912
11
142.5182769999999834
21
-101.4096150000000023
0
LINE
8
F.Silkscreen
6
CONTINUOUS
10
142.5182769999999834
20
-101.4096150000000023
11
142.519360000000006
21
-101.4112379999999973
0
LINE
8
F.Silkscreen
6
CONTINUOUS
10
142.519360000000006
20
-101.4112379999999973
11
142.5305589999999825
21
-101.4382739999999927
0
LINE
8
F.Silkscreen
6
CONTINUOUS
10
142.5305589999999825
20
-101.4382739999999927
11
142.5309159999999906
21
-101.4396969999999953
0
LINE
8
F.Silkscreen
6
CONTINUOUS
10
142.5309159999999906
20
-101.4396969999999953
11
142.5323569999999904
21
-101.4543290000000013
0
LINE
8
F.Silkscreen
6
CONTINUOUS
10
142.5323569999999904
20
-101.4543290000000013
11
142.5323809999999867
21
-101.4548190000000005
0
LINE
8
F.Silkscreen
6
CONTINUOUS
10
142.5323809999999867
20
-101.4548190000000005
11
142.5323809999999867
21
-102.4548190000000005
0
LINE
8
F.Silkscreen
6
CONTINUOUS
10
142.5323809999999867
20
-102.4548190000000005
11
142.5323569999999904
21
-102.4553089999999997
0
LINE
8
F.Silkscreen
6
CONTINUOUS
10
142.5323569999999904
20
-102.4553089999999997
11
142.5309159999999906
21
-102.4699409999999915
0
LINE
8
F.Silkscreen
6
CONTINUOUS
10
142.5309159999999906
20
-102.4699409999999915
11
142.5305589999999825
21
-102.4713639999999941
0
LINE
8
F.Silkscreen
6
CONTINUOUS
10
142.5305589999999825
20
-102.4713639999999941
11
142.519360000000006
21
-102.4983999999999895
0
LINE
8
F.Silkscreen
6
CONTINUOUS
10
142.519360000000006
20
-102.4983999999999895
11
142.5182769999999834
21
-102.5000229999999988
0
LINE
8
F.Silkscreen
6
CONTINUOUS
10
142.5182769999999834
20
-102.5000229999999988
11
142.4975849999999866
21
-102.5207149999999956
0
LINE
8
F.Silkscreen
6
CONTINUOUS
10
142.4975849999999866
20
-102.5207149999999956
11
142.4959619999999916
21
-102.5217979999999898
0
LINE
8
F.Silkscreen
6
CONTINUOUS
10
142.4959619999999916
20
-102.5217979999999898
11
142.468925999999982
21
-102.5329969999999946
0
LINE
8
F.Silkscreen
6
CONTINUOUS
10
142.468925999999982
20
-102.5329969999999946
11
142.4670129999999801
21
-102.533377999999999
0
LINE
8
F.Silkscreen
6
CONTINUOUS
10
142.4670129999999801
20
-102.533377999999999
11
142.4377489999999966
21
-102.533377999999999
0
LINE
8
F.Silkscreen
6
CONTINUOUS
10
142.4377489999999966
20
-102.533377999999999
11
142.4358359999999948
21
-102.5329969999999946
0
LINE
8
F.Silkscreen
6
CONTINUOUS
10
142.4358359999999948
20
-102.5329969999999946
11
142.4087999999999852
21
-102.5217979999999898
0
LINE
8
F.Silkscreen
6
CONTINUOUS
10
142.4087999999999852
20
-102.5217979999999898
11
142.4071769999999901
21
-102.5207149999999956
0
LINE
8
F.Silkscreen
6
CONTINUOUS
10
142.4071769999999901
20
-102.5207149999999956
11
142.3864849999999933
21
-102.5000229999999988
0
LINE
8
F.Silkscreen
6
CONTINUOUS
10
142.3864849999999933
20
-102.5000229999999988
11
142.3854019999999991
21
-102.4983999999999895
0
LINE
8
F.Silkscreen
6
CONTINUOUS
10
142.3854019999999991
20
-102.4983999999999895
11
142.3742029999999943
21
-102.4713639999999941
0
LINE
8
F.Silkscreen
6
CONTINUOUS
10
142.3742029999999943
20
-102.4713639999999941
11
142.3738459999999861
21
-102.4699409999999915
0
LINE
8
F.Silkscreen
6
CONTINUOUS
10
142.3738459999999861
20
-102.4699409999999915
11
142.3724049999999863
21
-102.4553089999999997
0
LINE
8
F.Silkscreen
6
CONTINUOUS
10
142.3724049999999863
20
-102.4553089999999997
11
142.3723809999999901
21
-102.4548190000000005
0
LINE
8
F.Silkscreen
6
CONTINUOUS
10
142.3723809999999901
20
-102.4548190000000005
11
142.3723809999999901
21
-101.4548190000000005
0
LINE
8
F.Silkscreen
6
CONTINUOUS
10
142.3723809999999901
20
-101.4548190000000005
11
142.3724049999999863
21
-101.4543290000000013
0
LINE
8
F.Silkscreen
6
CONTINUOUS
10
142.3724049999999863
20
-101.4543290000000013
11
142.3738459999999861
21
-101.4396969999999953
0
LINE
8
F.Silkscreen
6
CONTINUOUS
10
142.3738459999999861
20
-101.4396969999999953
11
142.3742029999999943
21
-101.4382739999999927
0
LINE
8
F.Silkscreen
6
CONTINUOUS
10
142.3742029999999943
20
-101.4382739999999927
11
142.3854019999999991
21
-101.4112379999999973
0
LINE
8
F.Silkscreen
6
CONTINUOUS
10
142.3854019999999991
20
-101.4112379999999973
11
142.3864849999999933
21
-101.4096150000000023
0
LINE
8
F.Silkscreen
6
CONTINUOUS
10
142.3864849999999933
20
-101.4096150000000023
11
142.4071769999999901
21
-101.3889229999999912
0
LINE
8
F.Silkscreen
6
CONTINUOUS
10
142.4071769999999901
20
-101.3889229999999912
11
142.4087999999999852
21
-101.3878399999999971
0
LINE
8
F.Silkscreen
6
CONTINUOUS
10
142.4087999999999852
20
-101.3878399999999971
11
142.4358359999999948
21
-101.3766409999999922
0
LINE
8
F.Silkscreen
6
CONTINUOUS
10
142.4358359999999948
20
-101.3766409999999922
11
142.4377489999999966
21
-101.376260000000002
0
LINE
8
F.Silkscreen
6
CONTINUOUS
10
142.4377489999999966
20
-101.376260000000002
11
142.4670129999999801
21
-101.376260000000002
0
LINE
8
F.Silkscreen
6
CONTINUOUS
10
142.4670129999999801
20
-101.376260000000002
11
142.468925999999982
21
-101.3766409999999922
0
LINE
8
F.Silkscreen
6
CONTINUOUS
10
147.5555569999999932
20
-102.1093529999999987
11
147.5831469999999968
21
-102.1369430000000023
0
LINE
8
F.Silkscreen
6
CONTINUOUS
10
147.5831469999999968
20
-102.1369430000000023
11
147.5980789999999843
21
-102.1729909999999961
0
LINE
8
F.Silkscreen
6
CONTINUOUS
10
147.5980789999999843
20
-102.1729909999999961
11
147.5980789999999843
21
-102.2120089999999948
0
LINE
8
F.Silkscreen
6
CONTINUOUS
10
147.5980789999999843
20
-102.2120089999999948
11
147.5831469999999968
21
-102.2480569999999886
0
LINE
8
F.Silkscreen
6
CONTINUOUS
10
147.5831469999999968
20
-102.2480569999999886
11
147.5555569999999932
21
-102.2756469999999922
0
LINE
8
F.Silkscreen
6
CONTINUOUS
10
147.5555569999999932
20
-102.2756469999999922
11
147.5195089999999993
21
-102.2905789999999939
0
LINE
8
F.Silkscreen
6
CONTINUOUS
10
147.5195089999999993
20
-102.2905789999999939
11
147.4804910000000007
21
-102.2905789999999939
0
LINE
8
F.Silkscreen
6
CONTINUOUS
10
147.4804910000000007
20
-102.2905789999999939
11
147.4444430000000068
21
-102.2756469999999922
0
LINE
8
F.Silkscreen
6
CONTINUOUS
10
147.4444430000000068
20
-102.2756469999999922
11
147.4168530000000032
21
-102.2480569999999886
0
LINE
8
F.Silkscreen
6
CONTINUOUS
10
147.4168530000000032
20
-102.2480569999999886
11
147.4019209999999873
21
-102.2120089999999948
0
LINE
8
F.Silkscreen
6
CONTINUOUS
10
147.4019209999999873
20
-102.2120089999999948
11
147.4019209999999873
21
-102.1729909999999961
0
LINE
8
F.Silkscreen
6
CONTINUOUS
10
147.4019209999999873
20
-102.1729909999999961
11
147.4168530000000032
21
-102.1369430000000023
0
LINE
8
F.Silkscreen
6
CONTINUOUS
10
147.4168530000000032
20
-102.1369430000000023
11
147.4444430000000068
21
-102.1093529999999987
0
LINE
8
F.Silkscreen
6
CONTINUOUS
10
147.4444430000000068
20
-102.1093529999999987
11
147.4804910000000007
21
-102.094420999999997
0
LINE
8
F.Silkscreen
6
CONTINUOUS
10
147.4804910000000007
20
-102.094420999999997
11
147.5195089999999993
21
-102.094420999999997
0
LINE
8
F.Silkscreen
6
CONTINUOUS
10
147.5195089999999993
20
-102.094420999999997
11
147.5555569999999932
21
-102.1093529999999987
0
LINE
8
F.Silkscreen
6
CONTINUOUS
10
134.972960999999998
20
-102.1145669999999939
11
135.0054329999999823
21
-102.1470389999999924
0
LINE
8
F.Silkscreen
6
CONTINUOUS
10
135.0054329999999823
20
-102.1470389999999924
11
135.0054329999999823
21
-102.1929609999999968
0
LINE
8
F.Silkscreen
6
CONTINUOUS
10
135.0054329999999823
20
-102.1929609999999968
11
134.972960999999998
21
-102.2254329999999953
0
LINE
8
F.Silkscreen
6
CONTINUOUS
10
134.972960999999998
20
-102.2254329999999953
11
134.9499999999999886
21
-102.2299999999999898
0
LINE
8
F.Silkscreen
6
CONTINUOUS
10
134.9499999999999886
20
-102.2299999999999898
11
133.25
21
-102.2299999999999898
0
LINE
8
F.Silkscreen
6
CONTINUOUS
10
133.25
20
-102.2299999999999898
11
133.2270389999999907
21
-102.2254329999999953
0
LINE
8
F.Silkscreen
6
CONTINUOUS
10
133.2270389999999907
20
-102.2254329999999953
11
133.1945670000000064
21
-102.1929609999999968
0
LINE
8
F.Silkscreen
6
CONTINUOUS
10
133.1945670000000064
20
-102.1929609999999968
11
133.1945670000000064
21
-102.1470389999999924
0
LINE
8
F.Silkscreen
6
CONTINUOUS
10
133.1945670000000064
20
-102.1470389999999924
11
133.2270389999999907
21
-102.1145669999999939
0
LINE
8
F.Silkscreen
6
CONTINUOUS
10
133.2270389999999907
20
-102.1145669999999939
11
133.25
21
-102.1099999999999994
0
LINE
8
F.Silkscreen
6
CONTINUOUS
10
133.25
20
-102.1099999999999994
11
134.9499999999999886
21
-102.1099999999999994
0
LINE
8
F.Silkscreen
6
CONTINUOUS
10
134.9499999999999886
20
-102.1099999999999994
11
134.972960999999998
21
-102.1145669999999939
0
LINE
8
F.Silkscreen
6
CONTINUOUS
10
146.3567359999999837
20
-101.0141899999999993
11
146.3586760000000027
21
-101.0143799999999885
0
LINE
8
F.Silkscreen
6
CONTINUOUS
10
146.3586760000000027
20
-101.0143799999999885
11
146.3591600000000028
21
-101.0143089999999972
0
LINE
8
F.Silkscreen
6
CONTINUOUS
10
146.3591600000000028
20
-101.0143089999999972
11
146.3606240000000014
21
-101.0143089999999972
0
LINE
8
F.Silkscreen
6
CONTINUOUS
10
146.3606240000000014
20
-101.0143089999999972
11
146.3659700000000043
21
-101.0150989999999922
0
LINE
8
F.Silkscreen
6
CONTINUOUS
10
146.3659700000000043
20
-101.0150989999999922
11
146.3713689999999872
21
-101.0156309999999991
0
LINE
8
F.Silkscreen
6
CONTINUOUS
10
146.3713689999999872
20
-101.0156309999999991
11
146.3727889999999832
21
-101.0159859999999981
0
LINE
8
F.Silkscreen
6
CONTINUOUS
10
146.3727889999999832
20
-101.0159859999999981
11
146.3732420000000047
21
-101.0161729999999949
0
LINE
8
F.Silkscreen
6
CONTINUOUS
10
146.3732420000000047
20
-101.0161729999999949
11
146.3751699999999971
21
-101.0164589999999976
0
LINE
8
F.Silkscreen
6
CONTINUOUS
10
146.3751699999999971
20
-101.0164589999999976
11
146.3756500000000074
21
-101.0165539999999993
0
LINE
8
F.Silkscreen
6
CONTINUOUS
10
146.3756500000000074
20
-101.0165539999999993
11
146.566125999999997
21
-101.0641729999999967
0
LINE
8
F.Silkscreen
6
CONTINUOUS
10
146.566125999999997
20
-101.0641729999999967
11
146.5665929999999832
21
-101.0643149999999935
0
LINE
8
F.Silkscreen
6
CONTINUOUS
10
146.5665929999999832
20
-101.0643149999999935
11
146.567183
21
-101.0645249999999891
0
LINE
8
F.Silkscreen
6
CONTINUOUS
10
146.567183
20
-101.0645249999999891
11
146.5683190000000025
21
-101.0647779999999898
0
LINE
8
F.Silkscreen
6
CONTINUOUS
10
146.5683190000000025
20
-101.0647779999999898
11
146.5743799999999908
21
-101.0670969999999897
0
LINE
8
F.Silkscreen
6
CONTINUOUS
10
146.5743799999999908
20
-101.0670969999999897
11
146.5804410000000075
21
-101.0692629999999923
0
LINE
8
F.Silkscreen
6
CONTINUOUS
10
146.5804410000000075
20
-101.0692629999999923
11
146.5814649999999801
21
-101.0698079999999948
0
LINE
8
F.Silkscreen
6
CONTINUOUS
10
146.5814649999999801
20
-101.0698079999999948
11
146.5820530000000019
21
-101.0700339999999926
0
LINE
8
F.Silkscreen
6
CONTINUOUS
10
146.5820530000000019
20
-101.0700339999999926
11
146.5824999999999818
21
-101.0702309999999926
0
LINE
8
F.Silkscreen
6
CONTINUOUS
10
146.5824999999999818
20
-101.0702309999999926
11
146.6777380000000051
21
-101.11784999999999
0
LINE
8
F.Silkscreen
6
CONTINUOUS
10
146.6777380000000051
20
-101.11784999999999
11
146.6781660000000045
21
-101.1180899999999951
0
LINE
8
F.Silkscreen
6
CONTINUOUS
10
146.6781660000000045
20
-101.1180899999999951
11
146.6841090000000065
21
-101.1218299999999886
0
LINE
8
F.Silkscreen
6
CONTINUOUS
10
146.6841090000000065
20
-101.1218299999999886
11
146.6855410000000006
21
-101.1224239999999952
0
LINE
8
F.Silkscreen
6
CONTINUOUS
10
146.6855410000000006
20
-101.1224239999999952
11
146.6868000000000052
21
-101.1231779999999958
0
LINE
8
F.Silkscreen
6
CONTINUOUS
10
146.6868000000000052
20
-101.1231779999999958
11
146.6886159999999961
21
-101.1246679999999998
0
LINE
8
F.Silkscreen
6
CONTINUOUS
10
146.6886159999999961
20
-101.1246679999999998
11
146.6906089999999949
21
-101.1259230000000002
0
LINE
8
F.Silkscreen
6
CONTINUOUS
10
146.6906089999999949
20
-101.1259230000000002
11
146.6917229999999961
21
-101.1268779999999907
0
LINE
8
F.Silkscreen
6
CONTINUOUS
10
146.6917229999999961
20
-101.1268779999999907
11
146.6927459999999996
21
-101.1280579999999958
0
LINE
8
F.Silkscreen
6
CONTINUOUS
10
146.6927459999999996
20
-101.1280579999999958
11
146.6981659999999863
21
-101.1325059999999922
0
LINE
8
F.Silkscreen
6
CONTINUOUS
10
146.6981659999999863
20
-101.1325059999999922
11
146.6985300000000052
21
-101.132835
0
LINE
8
F.Silkscreen
6
CONTINUOUS
10
146.6985300000000052
20
-101.132835
11
146.7937689999999975
21
-101.2280729999999949
0
LINE
8
F.Silkscreen
6
CONTINUOUS
10
146.7937689999999975
20
-101.2280729999999949
11
146.7940979999999911
21
-101.2284369999999996
0
LINE
8
F.Silkscreen
6
CONTINUOUS
10
146.7940979999999911
20
-101.2284369999999996
11
146.8034260000000017
21
-101.2398019999999974
0
LINE
8
F.Silkscreen
6
CONTINUOUS
10
146.8034260000000017
20
-101.2398019999999974
11
146.8041809999999998
21
-101.241061000000002
0
LINE
8
F.Silkscreen
6
CONTINUOUS
10
146.8041809999999998
20
-101.241061000000002
11
146.8049019999999985
21
-101.2428019999999975
0
LINE
8
F.Silkscreen
6
CONTINUOUS
10
146.8049019999999985
20
-101.2428019999999975
11
146.8061339999999859
21
-101.244222999999991
0
LINE
8
F.Silkscreen
6
CONTINUOUS
10
146.8061339999999859
20
-101.244222999999991
11
146.8069229999999834
21
-101.2454609999999917
0
LINE
8
F.Silkscreen
6
CONTINUOUS
10
146.8069229999999834
20
-101.2454609999999917
11
146.8129169999999988
21
-101.2588870000000014
0
LINE
8
F.Silkscreen
6
CONTINUOUS
10
146.8129169999999988
20
-101.2588870000000014
11
146.8130940000000066
21
-101.2593439999999987
0
LINE
8
F.Silkscreen
6
CONTINUOUS
10
146.8130940000000066
20
-101.2593439999999987
11
146.8607130000000041
21
-101.4021999999999935
0
LINE
8
F.Silkscreen
6
CONTINUOUS
10
146.8607130000000041
20
-101.4021999999999935
11
146.8608459999999809
21
-101.402672999999993
0
LINE
8
F.Silkscreen
6
CONTINUOUS
10
146.8608459999999809
20
-101.402672999999993
11
146.8623999999999796
21
-101.4095129999999898
0
LINE
8
F.Silkscreen
6
CONTINUOUS
10
146.8623999999999796
20
-101.4095129999999898
11
146.8629970000000071
21
-101.4109519999999947
0
LINE
8
F.Silkscreen
6
CONTINUOUS
10
146.8629970000000071
20
-101.4109519999999947
11
146.8633539999999869
21
-101.4123769999999922
0
LINE
8
F.Silkscreen
6
CONTINUOUS
10
146.8633539999999869
20
-101.4123769999999922
11
146.863584000000003
21
-101.4147210000000001
0
LINE
8
F.Silkscreen
6
CONTINUOUS
10
146.863584000000003
20
-101.4147210000000001
11
146.864104999999995
21
-101.4170089999999931
0
LINE
8
F.Silkscreen
6
CONTINUOUS
10
146.864104999999995
20
-101.4170089999999931
11
146.8642169999999965
21
-101.4184739999999891
0
LINE
8
F.Silkscreen
6
CONTINUOUS
10
146.8642169999999965
20
-101.4184739999999891
11
146.8641059999999925
21
-101.4200219999999888
0
LINE
8
F.Silkscreen
6
CONTINUOUS
10
146.8641059999999925
20
-101.4200219999999888
11
146.8647949999999867
21
-101.4270089999999982
0
LINE
8
F.Silkscreen
6
CONTINUOUS
10
146.8647949999999867
20
-101.4270089999999982
11
146.8648189999999829
21
-101.4274989999999974
0
LINE
8
F.Silkscreen
6
CONTINUOUS
10
146.8648189999999829
20
-101.4274989999999974
11
146.8648189999999829
21
-101.6655939999999987
0
LINE
8
F.Silkscreen
6
CONTINUOUS
10
146.8648189999999829
20
-101.6655939999999987
11
146.8647949999999867
21
-101.6660839999999979
0
LINE
8
F.Silkscreen
6
CONTINUOUS
10
146.8647949999999867
20
-101.6660839999999979
11
146.8633539999999869
21
-101.6807159999999897
0
LINE
8
F.Silkscreen
6
CONTINUOUS
10
146.8633539999999869
20
-101.6807159999999897
11
146.8629970000000071
21
-101.6821389999999923
0
LINE
8
F.Silkscreen
6
CONTINUOUS
10
146.8629970000000071
20
-101.6821389999999923
11
146.8517980000000023
21
-101.7091750000000019
0
LINE
8
F.Silkscreen
6
CONTINUOUS
10
146.8517980000000023
20
-101.7091750000000019
11
146.8507149999999797
21
-101.7107979999999969
0
LINE
8
F.Silkscreen
6
CONTINUOUS
10
146.8507149999999797
20
-101.7107979999999969
11
146.8300229999999829
21
-101.7314899999999938
0
LINE
8
F.Silkscreen
6
CONTINUOUS
10
146.8300229999999829
20
-101.7314899999999938
11
146.8283999999999878
21
-101.7325730000000021
0
LINE
8
F.Silkscreen
6
CONTINUOUS
10
146.8283999999999878
20
-101.7325730000000021
11
146.8013640000000066
21
-101.7437719999999928
0
LINE
8
F.Silkscreen
6
CONTINUOUS
10
146.8013640000000066
20
-101.7437719999999928
11
146.7999409999999898
21
-101.7441290000000009
0
LINE
8
F.Silkscreen
6
CONTINUOUS
10
146.7999409999999898
20
-101.7441290000000009
11
146.7853089999999838
21
-101.7455700000000007
0
LINE
8
F.Silkscreen
6
CONTINUOUS
10
146.7853089999999838
20
-101.7455700000000007
11
146.7848189999999988
21
-101.745593999999997
0
LINE
8
F.Silkscreen
6
CONTINUOUS
10
146.7848189999999988
20
-101.745593999999997
11
145.7848189999999988
21
-101.745593999999997
0
LINE
8
F.Silkscreen
6
CONTINUOUS
10
145.7848189999999988
20
-101.745593999999997
11
145.7843289999999854
21
-101.7455700000000007
0
LINE
8
F.Silkscreen
6
CONTINUOUS
10
145.7843289999999854
20
-101.7455700000000007
11
145.7696969999999794
21
-101.7441290000000009
0
LINE
8
F.Silkscreen
6
CONTINUOUS
10
145.7696969999999794
20
-101.7441290000000009
11
145.768273999999991
21
-101.7437719999999928
0
LINE
8
F.Silkscreen
6
CONTINUOUS
10
145.768273999999991
20
-101.7437719999999928
11
145.7412379999999814
21
-101.7325730000000021
0
LINE
8
F.Silkscreen
6
CONTINUOUS
10
145.7412379999999814
20
-101.7325730000000021
11
145.7396149999999864
21
-101.7314899999999938
0
LINE
8
F.Silkscreen
6
CONTINUOUS
10
145.7396149999999864
20
-101.7314899999999938
11
145.7189229999999895
21
-101.7107979999999969
0
LINE
8
F.Silkscreen
6
CONTINUOUS
10
145.7189229999999895
20
-101.7107979999999969
11
145.7178399999999954
21
-101.7091750000000019
0
LINE
8
F.Silkscreen
6
CONTINUOUS
10
145.7178399999999954
20
-101.7091750000000019
11
145.7066409999999905
21
-101.6821389999999923
0
LINE
8
F.Silkscreen
6
CONTINUOUS
10
145.7066409999999905
20
-101.6821389999999923
11
145.7062839999999824
21
-101.6807159999999897
0
LINE
8
F.Silkscreen
6
CONTINUOUS
10
145.7062839999999824
20
-101.6807159999999897
11
145.7048429999999826
21
-101.6660839999999979
0
LINE
8
F.Silkscreen
6
CONTINUOUS
10
145.7048429999999826
20
-101.6660839999999979
11
145.7048189999999863
21
-101.6655939999999987
0
LINE
8
F.Silkscreen
6
CONTINUOUS
10
145.7048189999999863
20
-101.6655939999999987
11
145.7048189999999863
21
-101.4404779999999988
0
LINE
8
F.Silkscreen
6
CONTINUOUS
10
145.7048189999999863
20
-101.4404779999999988
11
145.8648189999999829
21
-101.4404779999999988
0
LINE
8
F.Silkscreen
6
CONTINUOUS
10
145.8648189999999829
20
-101.4404779999999988
11
145.8648189999999829
21
-101.5855940000000004
0
LINE
8
F.Silkscreen
6
CONTINUOUS
10
145.8648189999999829
20
-101.5855940000000004
11
146.7048189999999863
21
-101.5855940000000004
0
LINE
8
F.Silkscreen
6
CONTINUOUS
10
146.7048189999999863
20
-101.5855940000000004
11
146.7048189999999863
21
-101.4404789999999963
0
LINE
8
F.Silkscreen
6
CONTINUOUS
10
146.7048189999999863
20
-101.4404789999999963
11
146.6672789999999793
21
-101.3278589999999895
0
LINE
8
F.Silkscreen
6
CONTINUOUS
10
146.6672789999999793
20
-101.3278589999999895
11
146.5945700000000045
21
-101.2551500000000004
0
LINE
8
F.Silkscreen
6
CONTINUOUS
10
146.5945700000000045
20
-101.2551500000000004
11
146.5188029999999912
21
-101.2172669999999925
0
LINE
8
F.Silkscreen
6
CONTINUOUS
10
146.5188029999999912
20
-101.2172669999999925
11
146.3463959999999986
21
-101.1741659999999996
0
LINE
8
F.Silkscreen
6
CONTINUOUS
10
146.3463959999999986
20
-101.1741659999999996
11
146.2232410000000016
21
-101.1741659999999996
0
LINE
8
F.Silkscreen
6
CONTINUOUS
10
146.2232410000000016
20
-101.1741659999999996
11
146.050832999999983
21
-101.2172669999999925
0
LINE
8
F.Silkscreen
6
CONTINUOUS
10
146.050832999999983
20
-101.2172669999999925
11
145.9750659999999982
21
-101.2551500000000004
0
LINE
8
F.Silkscreen
6
CONTINUOUS
10
145.9750659999999982
20
-101.2551500000000004
11
145.9023579999999924
21
-101.327857999999992
0
LINE
8
F.Silkscreen
6
CONTINUOUS
10
145.9023579999999924
20
-101.327857999999992
11
145.8648189999999829
21
-101.4404779999999988
0
LINE
8
F.Silkscreen
6
CONTINUOUS
10
145.8648189999999829
20
-101.4404779999999988
11
145.7048189999999863
21
-101.4404779999999988
0
LINE
8
F.Silkscreen
6
CONTINUOUS
10
145.7048189999999863
20
-101.4404779999999988
11
145.7048189999999863
21
-101.4274989999999974
0
LINE
8
F.Silkscreen
6
CONTINUOUS
10
145.7048189999999863
20
-101.4274989999999974
11
145.7048429999999826
21
-101.4270089999999982
0
LINE
8
F.Silkscreen
6
CONTINUOUS
10
145.7048429999999826
20
-101.4270089999999982
11
145.7055299999999818
21
-101.4200209999999913
0
LINE
8
F.Silkscreen
6
CONTINUOUS
10
145.7055299999999818
20
-101.4200209999999913
11
145.7054210000000012
21
-101.4184729999999917
0
LINE
8
F.Silkscreen
6
CONTINUOUS
10
145.7054210000000012
20
-101.4184729999999917
11
145.7055320000000052
21
-101.4170119999999997
0
LINE
8
F.Silkscreen
6
CONTINUOUS
10
145.7055320000000052
20
-101.4170119999999997
11
145.7060519999999997
21
-101.414718999999991
0
LINE
8
F.Silkscreen
6
CONTINUOUS
10
145.7060519999999997
20
-101.414718999999991
11
145.7062839999999824
21
-101.4123759999999947
0
LINE
8
F.Silkscreen
6
CONTINUOUS
10
145.7062839999999824
20
-101.4123759999999947
11
145.7066399999999931
21
-101.4109550000000013
0
LINE
8
F.Silkscreen
6
CONTINUOUS
10
145.7066399999999931
20
-101.4109550000000013
11
145.7072369999999921
21
-101.4095109999999949
0
LINE
8
F.Silkscreen
6
CONTINUOUS
10
145.7072369999999921
20
-101.4095109999999949
11
145.7087929999999858
21
-101.402672999999993
0
LINE
8
F.Silkscreen
6
CONTINUOUS
10
145.7087929999999858
20
-101.402672999999993
11
145.7089249999999936
21
-101.4022009999999909
0
LINE
8
F.Silkscreen
6
CONTINUOUS
10
145.7089249999999936
20
-101.4022009999999909
11
145.756543999999991
21
-101.2593439999999987
0
LINE
8
F.Silkscreen
6
CONTINUOUS
10
145.756543999999991
20
-101.2593439999999987
11
145.7567209999999989
21
-101.2588870000000014
0
LINE
8
F.Silkscreen
6
CONTINUOUS
10
145.7567209999999989
20
-101.2588870000000014
11
145.7627149999999858
21
-101.2454619999999892
0
LINE
8
F.Silkscreen
6
CONTINUOUS
10
145.7627149999999858
20
-101.2454619999999892
11
145.7635029999999858
21
-101.2442250000000001
0
LINE
8
F.Silkscreen
6
CONTINUOUS
10
145.7635029999999858
20
-101.2442250000000001
11
145.7647369999999967
21
-101.242801
0
LINE
8
F.Silkscreen
6
CONTINUOUS
10
145.7647369999999967
20
-101.242801
11
145.7654589999999928
21
-101.2410599999999903
0
LINE
8
F.Silkscreen
6
CONTINUOUS
10
145.7654589999999928
20
-101.2410599999999903
11
145.7662129999999934
21
-101.2398019999999974
0
LINE
8
F.Silkscreen
6
CONTINUOUS
10
145.7662129999999934
20
-101.2398019999999974
11
145.7755400000000066
21
-101.2284369999999996
0
LINE
8
F.Silkscreen
6
CONTINUOUS
10
145.7755400000000066
20
-101.2284369999999996
11
145.7758690000000001
21
-101.2280729999999949
0
LINE
8
F.Silkscreen
6
CONTINUOUS
10
145.7758690000000001
20
-101.2280729999999949
11
145.871106999999995
21
-101.132835
0
LINE
8
F.Silkscreen
6
CONTINUOUS
10
145.871106999999995
20
-101.132835
11
145.871469999999988
21
-101.1325069999999897
0
LINE
8
F.Silkscreen
6
CONTINUOUS
10
145.871469999999988
20
-101.1325069999999897
11
145.8768949999999904
21
-101.1280519999999967
0
LINE
8
F.Silkscreen
6
CONTINUOUS
10
145.8768949999999904
20
-101.1280519999999967
11
145.8779169999999965
21
-101.1268759999999958
0
LINE
8
F.Silkscreen
6
CONTINUOUS
10
145.8779169999999965
20
-101.1268759999999958
11
145.8790269999999794
21
-101.1259239999999977
0
LINE
8
F.Silkscreen
6
CONTINUOUS
10
145.8790269999999794
20
-101.1259239999999977
11
145.8810119999999984
21
-101.1246719999999897
0
LINE
8
F.Silkscreen
6
CONTINUOUS
10
145.8810119999999984
20
-101.1246719999999897
11
145.882836999999995
21
-101.1231769999999983
0
LINE
8
F.Silkscreen
6
CONTINUOUS
10
145.882836999999995
20
-101.1231769999999983
11
145.8840940000000046
21
-101.1224239999999952
0
LINE
8
F.Silkscreen
6
CONTINUOUS
10
145.8840940000000046
20
-101.1224239999999952
11
145.885532999999981
21
-101.1218269999999961
0
LINE
8
F.Silkscreen
6
CONTINUOUS
10
145.885532999999981
20
-101.1218269999999961
11
145.8914719999999932
21
-101.1180899999999951
0
LINE
8
F.Silkscreen
6
CONTINUOUS
10
145.8914719999999932
20
-101.1180899999999951
11
145.8918989999999951
21
-101.11784999999999
0
LINE
8
F.Silkscreen
6
CONTINUOUS
10
145.8918989999999951
20
-101.11784999999999
11
145.9871369999999899
21
-101.0702309999999926
0
LINE
8
F.Silkscreen
6
CONTINUOUS
10
145.9871369999999899
20
-101.0702309999999926
11
145.9875820000000033
21
-101.0700349999999901
0
LINE
8
F.Silkscreen
6
CONTINUOUS
10
145.9875820000000033
20
-101.0700349999999901
11
145.9881689999999992
21
-101.0698089999999922
0
LINE
8
F.Silkscreen
6
CONTINUOUS
10
145.9881689999999992
20
-101.0698089999999922
11
145.9891949999999952
21
-101.0692629999999923
0
LINE
8
F.Silkscreen
6
CONTINUOUS
10
145.9891949999999952
20
-101.0692629999999923
11
145.9952590000000043
21
-101.0670949999999948
0
LINE
8
F.Silkscreen
6
CONTINUOUS
10
145.9952590000000043
20
-101.0670949999999948
11
146.0013170000000002
21
-101.0647779999999898
0
LINE
8
F.Silkscreen
6
CONTINUOUS
10
146.0013170000000002
20
-101.0647779999999898
11
146.0024479999999869
21
-101.0645260000000007
0
LINE
8
F.Silkscreen
6
CONTINUOUS
10
146.0024479999999869
20
-101.0645260000000007
11
146.003044999999986
21
-101.064313999999996
0
LINE
8
F.Silkscreen
6
CONTINUOUS
10
146.003044999999986
20
-101.064313999999996
11
146.0035110000000032
21
-101.0641729999999967
0
LINE
8
F.Silkscreen
6
CONTINUOUS
10
146.0035110000000032
20
-101.0641729999999967
11
146.1939869999999928
21
-101.0165539999999993
0
LINE
8
F.Silkscreen
6
CONTINUOUS
10
146.1939869999999928
20
-101.0165539999999993
11
146.1944670000000031
21
-101.0164589999999976
0
LINE
8
F.Silkscreen
6
CONTINUOUS
10
146.1944670000000031
20
-101.0164589999999976
11
146.1963930000000005
21
-101.0161729999999949
0
LINE
8
F.Silkscreen
6
CONTINUOUS
10
146.1963930000000005
20
-101.0161729999999949
11
146.1968499999999835
21
-101.0159850000000006
0
LINE
8
F.Silkscreen
6
CONTINUOUS
10
146.1968499999999835
20
-101.0159850000000006
11
146.1982679999999846
21
-101.0156309999999991
0
LINE
8
F.Silkscreen
6
CONTINUOUS
10
146.1982679999999846
20
-101.0156309999999991
11
146.2036659999999983
21
-101.0150989999999922
0
LINE
8
F.Silkscreen
6
CONTINUOUS
10
146.2036659999999983
20
-101.0150989999999922
11
146.2090129999999988
21
-101.0143089999999972
0
LINE
8
F.Silkscreen
6
CONTINUOUS
10
146.2090129999999988
20
-101.0143089999999972
11
146.2104779999999948
21
-101.0143089999999972
0
LINE
8
F.Silkscreen
6
CONTINUOUS
10
146.2104779999999948
20
-101.0143089999999972
11
146.2109609999999975
21
-101.0143799999999885
0
LINE
8
F.Silkscreen
6
CONTINUOUS
10
146.2109609999999975
20
-101.0143799999999885
11
146.212900999999988
21
-101.0141899999999993
0
LINE
8
F.Silkscreen
6
CONTINUOUS
10
146.212900999999988
20
-101.0141899999999993
11
146.213390000000004
21
-101.0141659999999888
0
LINE
8
F.Silkscreen
6
CONTINUOUS
10
146.213390000000004
20
-101.0141659999999888
11
146.3562469999999962
21
-101.0141659999999888
0
LINE
8
F.Silkscreen
6
CONTINUOUS
10
146.3562469999999962
20
-101.0141659999999888
11
146.3567359999999837
21
-101.0141899999999993
0
LINE
8
F.Silkscreen
6
CONTINUOUS
10
152.1671560000000056
20
-99.7268430000000023
11
152.1744829999999808
21
-99.727564000000001
0
LINE
8
F.Silkscreen
6
CONTINUOUS
10
152.1744829999999808
20
-99.727564000000001
11
152.1760400000000004
21
-99.727460999999991
0
LINE
8
F.Silkscreen
6
CONTINUOUS
10
152.1760400000000004
20
-99.727460999999991
11
152.1779729999999802
21
-99.7277129999999943
0
LINE
8
F.Silkscreen
6
CONTINUOUS
10
152.1779729999999802
20
-99.7277129999999943
11
152.1787869999999998
21
-99.7279879999999963
0
LINE
8
F.Silkscreen
6
CONTINUOUS
10
152.1787869999999998
20
-99.7279879999999963
11
152.1817879999999832
21
-99.7282840000000022
0
LINE
8
F.Silkscreen
6
CONTINUOUS
10
152.1817879999999832
20
-99.7282840000000022
11
152.183211
21
-99.7286409999999961
0
LINE
8
F.Silkscreen
6
CONTINUOUS
10
152.183211
20
-99.7286409999999961
11
152.1943119999999965
21
-99.7332389999999975
0
LINE
8
F.Silkscreen
6
CONTINUOUS
10
152.1943119999999965
20
-99.7332389999999975
11
152.2056949999999915
21
-99.7370889999999974
0
LINE
8
F.Silkscreen
6
CONTINUOUS
10
152.2056949999999915
20
-99.7370889999999974
11
152.2073839999999905
21
-99.7380610000000019
0
LINE
8
F.Silkscreen
6
CONTINUOUS
10
152.2073839999999905
20
-99.7380610000000019
11
152.2086689999999862
21
-99.739184999999992
0
LINE
8
F.Silkscreen
6
CONTINUOUS
10
152.2086689999999862
20
-99.739184999999992
11
152.2102490000000046
21
-99.7398400000000009
0
LINE
8
F.Silkscreen
6
CONTINUOUS
10
152.2102490000000046
20
-99.7398400000000009
11
152.2118700000000047
21
-99.7409229999999951
0
LINE
8
F.Silkscreen
6
CONTINUOUS
10
152.2118700000000047
20
-99.7409229999999951
11
152.2203710000000001
21
-99.7494239999999905
0
LINE
8
F.Silkscreen
6
CONTINUOUS
10
152.2203710000000001
20
-99.7494239999999905
11
152.229409000000004
21
-99.757331999999991
0
LINE
8
F.Silkscreen
6
CONTINUOUS
10
152.229409000000004
20
-99.757331999999991
11
152.2305989999999838
21
-99.7588789999999932
0
LINE
8
F.Silkscreen
6
CONTINUOUS
10
152.2305989999999838
20
-99.7588789999999932
11
152.2313549999999793
21
-99.7604079999999982
0
LINE
8
F.Silkscreen
6
CONTINUOUS
10
152.2313549999999793
20
-99.7604079999999982
11
152.2325620000000015
21
-99.7616149999999919
0
LINE
8
F.Silkscreen
6
CONTINUOUS
10
152.2325620000000015
20
-99.7616149999999919
11
152.2336449999999957
21
-99.7632380000000012
0
LINE
8
F.Silkscreen
6
CONTINUOUS
10
152.2336449999999957
20
-99.7632380000000012
11
152.2382379999999955
21
-99.774327999999997
0
LINE
8
F.Silkscreen
6
CONTINUOUS
10
152.2382379999999955
20
-99.774327999999997
11
152.2435710000000029
21
-99.7851110000000006
0
LINE
8
F.Silkscreen
6
CONTINUOUS
10
152.2435710000000029
20
-99.7851110000000006
11
152.2440780000000018
21
-99.7869949999999903
0
LINE
8
F.Silkscreen
6
CONTINUOUS
10
152.2440780000000018
20
-99.7869949999999903
11
152.2441910000000007
21
-99.7886979999999966
0
LINE
8
F.Silkscreen
6
CONTINUOUS
10
152.2441910000000007
20
-99.7886979999999966
11
152.2448440000000005
21
-99.7902739999999966
0
LINE
8
F.Silkscreen
6
CONTINUOUS
10
152.2448440000000005
20
-99.7902739999999966
11
152.2452250000000049
21
-99.7921869999999984
0
LINE
8
F.Silkscreen
6
CONTINUOUS
10
152.2452250000000049
20
-99.7921869999999984
11
152.2452250000000049
21
-99.8042039999999986
0
LINE
8
F.Silkscreen
6
CONTINUOUS
10
152.2452250000000049
20
-99.8042039999999986
11
152.2460240000000056
21
-99.8161929999999984
0
LINE
8
F.Silkscreen
6
CONTINUOUS
10
152.2460240000000056
20
-99.8161929999999984
11
152.2457709999999906
21
-99.8181269999999898
0
LINE
8
F.Silkscreen
6
CONTINUOUS
10
152.2457709999999906
20
-99.8181269999999898
11
152.2452250000000049
21
-99.8197409999999934
0
LINE
8
F.Silkscreen
6
CONTINUOUS
10
152.2452250000000049
20
-99.8197409999999934
11
152.2452250000000049
21
-99.8214509999999962
0
LINE
8
F.Silkscreen
6
CONTINUOUS
10
152.2452250000000049
20
-99.8214509999999962
11
152.2448440000000005
21
-99.8233649999999955
0
LINE
8
F.Silkscreen
6
CONTINUOUS
10
152.2448440000000005
20
-99.8233649999999955
11
152.2402459999999849
21
-99.834462000000002
0
LINE
8
F.Silkscreen
6
CONTINUOUS
10
152.2402459999999849
20
-99.834462000000002
11
152.2363969999999824
21
-99.845846999999992
0
LINE
8
F.Silkscreen
6
CONTINUOUS
10
152.2363969999999824
20
-99.845846999999992
11
152.2357269999999971
21
-99.8471539999999891
0
LINE
8
F.Silkscreen
6
CONTINUOUS
10
152.2357269999999971
20
-99.8471539999999891
11
152.2339749999999867
21
-99.8496030000000019
0
LINE
8
F.Silkscreen
6
CONTINUOUS
10
152.2339749999999867
20
-99.8496030000000019
11
152.2336459999999931
21
-99.8503989999999959
0
LINE
8
F.Silkscreen
6
CONTINUOUS
10
152.2336459999999931
20
-99.8503989999999959
11
152.2325600000000065
21
-99.8520240000000001
0
LINE
8
F.Silkscreen
6
CONTINUOUS
10
152.2325600000000065
20
-99.8520240000000001
11
152.231459000000001
21
-99.8531229999999965
0
LINE
8
F.Silkscreen
6
CONTINUOUS
10
152.231459000000001
20
-99.8531229999999965
11
152.2271769999999833
21
-99.8591149999999885
0
LINE
8
F.Silkscreen
6
CONTINUOUS
10
152.2271769999999833
20
-99.8591149999999885
11
152.226871999999986
21
-99.859499999999997
0
LINE
8
F.Silkscreen
6
CONTINUOUS
10
152.226871999999986
20
-99.859499999999997
11
152.0046999999999855
21
-100.1134089999999901
0
LINE
8
F.Silkscreen
6
CONTINUOUS
10
152.0046999999999855
20
-100.1134089999999901
11
152.0115179999999953
21
-100.1160189999999943
0
LINE
8
F.Silkscreen
6
CONTINUOUS
10
152.0115179999999953
20
-100.1160189999999943
11
152.0119669999999985
21
-100.1162169999999918
0
LINE
8
F.Silkscreen
6
CONTINUOUS
10
152.0119669999999985
20
-100.1162169999999918
11
152.1072049999999933
21
-100.1638359999999892
0
LINE
8
F.Silkscreen
6
CONTINUOUS
10
152.1072049999999933
20
-100.1638359999999892
11
152.1076319999999953
21
-100.1640759999999943
0
LINE
8
F.Silkscreen
6
CONTINUOUS
10
152.1076319999999953
20
-100.1640759999999943
11
152.1135730000000024
21
-100.1678139999999928
0
LINE
8
F.Silkscreen
6
CONTINUOUS
10
152.1135730000000024
20
-100.1678139999999928
11
152.1150109999999813
21
-100.1684109999999919
0
LINE
8
F.Silkscreen
6
CONTINUOUS
10
152.1150109999999813
20
-100.1684109999999919
11
152.1162689999999884
21
-100.1691659999999899
0
LINE
8
F.Silkscreen
6
CONTINUOUS
10
152.1162689999999884
20
-100.1691659999999899
11
152.1180789999999945
21
-100.1706519999999898
0
LINE
8
F.Silkscreen
6
CONTINUOUS
10
152.1180789999999945
20
-100.1706519999999898
11
152.1200749999999857
21
-100.1719080000000019
0
LINE
8
F.Silkscreen
6
CONTINUOUS
10
152.1200749999999857
20
-100.1719080000000019
11
152.1211899999999844
21
-100.1728639999999899
0
LINE
8
F.Silkscreen
6
CONTINUOUS
10
152.1211899999999844
20
-100.1728639999999899
11
152.1222129999999879
21
-100.174043999999995
0
LINE
8
F.Silkscreen
6
CONTINUOUS
10
152.1222129999999879
20
-100.174043999999995
11
152.127633000000003
21
-100.1784919999999914
0
LINE
8
F.Silkscreen
6
CONTINUOUS
10
152.127633000000003
20
-100.1784919999999914
11
152.1279969999999935
21
-100.1788209999999992
0
LINE
8
F.Silkscreen
6
CONTINUOUS
10
152.1279969999999935
20
-100.1788209999999992
11
152.1756159999999909
21
-100.2264399999999966
0
LINE
8
F.Silkscreen
6
CONTINUOUS
10
152.1756159999999909
20
-100.2264399999999966
11
152.1759449999999845
21
-100.2268040000000013
0
LINE
8
F.Silkscreen
6
CONTINUOUS
10
152.1759449999999845
20
-100.2268040000000013
11
152.1803940000000068
21
-100.2322259999999972
0
LINE
8
F.Silkscreen
6
CONTINUOUS
10
152.1803940000000068
20
-100.2322259999999972
11
152.181572999999986
21
-100.233247999999989
0
LINE
8
F.Silkscreen
6
CONTINUOUS
10
152.181572999999986
20
-100.233247999999989
11
152.1825289999999882
21
-100.2343630000000019
0
LINE
8
F.Silkscreen
6
CONTINUOUS
10
152.1825289999999882
20
-100.2343630000000019
11
152.183780999999982
21
-100.236352999999994
0
LINE
8
F.Silkscreen
6
CONTINUOUS
10
152.183780999999982
20
-100.236352999999994
11
152.1852710000000002
21
-100.2381680000000017
0
LINE
8
F.Silkscreen
6
CONTINUOUS
10
152.1852710000000002
20
-100.2381680000000017
11
152.1860259999999982
21
-100.2394269999999921
0
LINE
8
F.Silkscreen
6
CONTINUOUS
10
152.1860259999999982
20
-100.2394269999999921
11
152.1866200000000049
21
-100.2408609999999953
0
LINE
8
F.Silkscreen
6
CONTINUOUS
10
152.1866200000000049
20
-100.2408609999999953
11
152.1903609999999958
21
-100.2468049999999948
0
LINE
8
F.Silkscreen
6
CONTINUOUS
10
152.1903609999999958
20
-100.2468049999999948
11
152.1906009999999867
21
-100.2472319999999968
0
LINE
8
F.Silkscreen
6
CONTINUOUS
10
152.1906009999999867
20
-100.2472319999999968
11
152.2382199999999841
21
-100.3424699999999916
0
LINE
8
F.Silkscreen
6
CONTINUOUS
10
152.2382199999999841
20
-100.3424699999999916
11
152.2384179999999958
21
-100.3429189999999949
0
LINE
8
F.Silkscreen
6
CONTINUOUS
10
152.2384179999999958
20
-100.3429189999999949
11
152.2436730000000011
21
-100.3566500000000019
0
LINE
8
F.Silkscreen
6
CONTINUOUS
10
152.2436730000000011
20
-100.3566500000000019
11
152.2439899999999966
21
-100.3580829999999935
0
LINE
8
F.Silkscreen
6
CONTINUOUS
10
152.2439899999999966
20
-100.3580829999999935
11
152.2441230000000019
21
-100.3599619999999959
0
LINE
8
F.Silkscreen
6
CONTINUOUS
10
152.2441230000000019
20
-100.3599619999999959
11
152.2448440000000005
21
-100.361701999999994
0
LINE
8
F.Silkscreen
6
CONTINUOUS
10
152.2448440000000005
20
-100.361701999999994
11
152.2452009999999802
21
-100.3631249999999966
0
LINE
8
F.Silkscreen
6
CONTINUOUS
10
152.2452009999999802
20
-100.3631249999999966
11
152.24664199999998
21
-100.3777570000000026
0
LINE
8
F.Silkscreen
6
CONTINUOUS
10
152.24664199999998
20
-100.3777570000000026
11
152.2466660000000047
21
-100.3782470000000018
0
LINE
8
F.Silkscreen
6
CONTINUOUS
10
152.2466660000000047
20
-100.3782470000000018
11
152.2466660000000047
21
-100.6163419999999888
0
LINE
8
F.Silkscreen
6
CONTINUOUS
10
152.2466660000000047
20
-100.6163419999999888
11
152.24664199999998
21
-100.6168320000000023
0
LINE
8
F.Silkscreen
6
CONTINUOUS
10
152.24664199999998
20
-100.6168320000000023
11
152.2452009999999802
21
-100.631463999999994
0
LINE
8
F.Silkscreen
6
CONTINUOUS
10
152.2452009999999802
20
-100.631463999999994
11
152.2448440000000005
21
-100.6328879999999941
0
LINE
8
F.Silkscreen
6
CONTINUOUS
10
152.2448440000000005
20
-100.6328879999999941
11
152.2441230000000019
21
-100.6346259999999972
0
LINE
8
F.Silkscreen
6
CONTINUOUS
10
152.2441230000000019
20
-100.6346259999999972
11
152.2439899999999966
21
-100.6365059999999971
0
LINE
8
F.Silkscreen
6
CONTINUOUS
10
152.2439899999999966
20
-100.6365059999999971
11
152.2436730000000011
21
-100.6379389999999887
0
LINE
8
F.Silkscreen
6
CONTINUOUS
10
152.2436730000000011
20
-100.6379389999999887
11
152.2384179999999958
21
-100.6516699999999958
0
LINE
8
F.Silkscreen
6
CONTINUOUS
10
152.2384179999999958
20
-100.6516699999999958
11
152.2382199999999841
21
-100.652118999999999
0
LINE
8
F.Silkscreen
6
CONTINUOUS
10
152.2382199999999841
20
-100.652118999999999
11
152.1906009999999867
21
-100.7473569999999938
0
LINE
8
F.Silkscreen
6
CONTINUOUS
10
152.1906009999999867
20
-100.7473569999999938
11
152.1903599999999983
21
-100.7477849999999933
0
LINE
8
F.Silkscreen
6
CONTINUOUS
10
152.1903599999999983
20
-100.7477849999999933
11
152.1866210000000024
21
-100.7537219999999962
0
LINE
8
F.Silkscreen
6
CONTINUOUS
10
152.1866210000000024
20
-100.7537219999999962
11
152.1860279999999932
21
-100.7551579999999944
0
LINE
8
F.Silkscreen
6
CONTINUOUS
10
152.1860279999999932
20
-100.7551579999999944
11
152.1852719999999977
21
-100.7564199999999914
0
LINE
8
F.Silkscreen
6
CONTINUOUS
10
152.1852719999999977
20
-100.7564199999999914
11
152.1837799999999845
21
-100.7582349999999991
0
LINE
8
F.Silkscreen
6
CONTINUOUS
10
152.1837799999999845
20
-100.7582349999999991
11
152.1825289999999882
21
-100.7602259999999887
0
LINE
8
F.Silkscreen
6
CONTINUOUS
10
152.1825289999999882
20
-100.7602259999999887
11
152.181570999999991
21
-100.7613429999999966
0
LINE
8
F.Silkscreen
6
CONTINUOUS
10
152.181570999999991
20
-100.7613429999999966
11
152.1803929999999809
21
-100.7623629999999935
0
LINE
8
F.Silkscreen
6
CONTINUOUS
10
152.1803929999999809
20
-100.7623629999999935
11
152.1759449999999845
21
-100.7677849999999893
0
LINE
8
F.Silkscreen
6
CONTINUOUS
10
152.1759449999999845
20
-100.7677849999999893
11
152.1756159999999909
21
-100.7681479999999965
0
LINE
8
F.Silkscreen
6
CONTINUOUS
10
152.1756159999999909
20
-100.7681479999999965
11
152.127997999999991
21
-100.8157669999999939
0
LINE
8
F.Silkscreen
6
CONTINUOUS
10
152.127997999999991
20
-100.8157669999999939
11
152.1276340000000005
21
-100.8160969999999992
0
LINE
8
F.Silkscreen
6
CONTINUOUS
10
152.1276340000000005
20
-100.8160969999999992
11
152.122210999999993
21
-100.8205459999999931
0
LINE
8
F.Silkscreen
6
CONTINUOUS
10
152.122210999999993
20
-100.8205459999999931
11
152.1211899999999844
21
-100.8217250000000007
0
LINE
8
F.Silkscreen
6
CONTINUOUS
10
152.1211899999999844
20
-100.8217250000000007
11
152.1200749999999857
21
-100.8226820000000004
0
LINE
8
F.Silkscreen
6
CONTINUOUS
10
152.1200749999999857
20
-100.8226820000000004
11
152.1180789999999945
21
-100.8239370000000008
0
LINE
8
F.Silkscreen
6
CONTINUOUS
10
152.1180789999999945
20
-100.8239370000000008
11
152.1162689999999884
21
-100.8254239999999982
0
LINE
8
F.Silkscreen
6
CONTINUOUS
10
152.1162689999999884
20
-100.8254239999999982
11
152.1150089999999864
21
-100.8261799999999937
0
LINE
8
F.Silkscreen
6
CONTINUOUS
10
152.1150089999999864
20
-100.8261799999999937
11
152.113568999999984
21
-100.8267749999999978
0
LINE
8
F.Silkscreen
6
CONTINUOUS
10
152.113568999999984
20
-100.8267749999999978
11
152.1076329999999928
21
-100.8305129999999963
0
LINE
8
F.Silkscreen
6
CONTINUOUS
10
152.1076329999999928
20
-100.8305129999999963
11
152.1072049999999933
21
-100.8307539999999989
0
LINE
8
F.Silkscreen
6
CONTINUOUS
10
152.1072049999999933
20
-100.8307539999999989
11
152.0119669999999985
21
-100.8783729999999963
0
LINE
8
F.Silkscreen
6
CONTINUOUS
10
152.0119669999999985
20
-100.8783729999999963
11
152.0115179999999953
21
-100.8785709999999938
0
LINE
8
F.Silkscreen
6
CONTINUOUS
10
152.0115179999999953
20
-100.8785709999999938
11
151.9977859999999907
21
-100.8838259999999991
0
LINE
8
F.Silkscreen
6
CONTINUOUS
10
151.9977859999999907
20
-100.8838259999999991
11
151.9963520000000017
21
-100.884143999999992
0
LINE
8
F.Silkscreen
6
CONTINUOUS
10
151.9963520000000017
20
-100.884143999999992
11
151.9944739999999967
21
-100.8842759999999998
0
LINE
8
F.Silkscreen
6
CONTINUOUS
10
151.9944739999999967
20
-100.8842759999999998
11
151.9927370000000053
21
-100.8849969999999985
0
LINE
8
F.Silkscreen
6
CONTINUOUS
10
151.9927370000000053
20
-100.8849969999999985
11
151.9913119999999935
21
-100.8853539999999924
0
LINE
8
F.Silkscreen
6
CONTINUOUS
10
151.9913119999999935
20
-100.8853539999999924
11
151.9766799999999876
21
-100.8867949999999922
0
LINE
8
F.Silkscreen
6
CONTINUOUS
10
151.9766799999999876
20
-100.8867949999999922
11
151.9761900000000026
21
-100.8868189999999885
0
LINE
8
F.Silkscreen
6
CONTINUOUS
10
151.9761900000000026
20
-100.8868189999999885
11
151.6904759999999897
21
-100.8868189999999885
0
LINE
8
F.Silkscreen
6
CONTINUOUS
10
151.6904759999999897
20
-100.8868189999999885
11
151.6899860000000047
21
-100.8867949999999922
0
LINE
8
F.Silkscreen
6
CONTINUOUS
10
151.6899860000000047
20
-100.8867949999999922
11
151.6753539999999987
21
-100.8853539999999924
0
LINE
8
F.Silkscreen
6
CONTINUOUS
10
151.6753539999999987
20
-100.8853539999999924
11
151.6739309999999819
21
-100.8849969999999985
0
LINE
8
F.Silkscreen
6
CONTINUOUS
10
151.6739309999999819
20
-100.8849969999999985
11
151.672190999999998
21
-100.8842759999999998
0
LINE
8
F.Silkscreen
6
CONTINUOUS
10
151.672190999999998
20
-100.8842759999999998
11
151.6703119999999956
21
-100.8841429999999946
0
LINE
8
F.Silkscreen
6
CONTINUOUS
10
151.6703119999999956
20
-100.8841429999999946
11
151.668879000000004
21
-100.8838259999999991
0
LINE
8
F.Silkscreen
6
CONTINUOUS
10
151.668879000000004
20
-100.8838259999999991
11
151.655147999999997
21
-100.8785709999999938
0
LINE
8
F.Silkscreen
6
CONTINUOUS
10
151.655147999999997
20
-100.8785709999999938
11
151.6546989999999937
21
-100.8783729999999963
0
LINE
8
F.Silkscreen
6
CONTINUOUS
10
151.6546989999999937
20
-100.8783729999999963
11
151.5594609999999989
21
-100.8307539999999989
0
LINE
8
F.Silkscreen
6
CONTINUOUS
10
151.5594609999999989
20
-100.8307539999999989
11
151.5590339999999969
21
-100.8305139999999938
0
LINE
8
F.Silkscreen
6
CONTINUOUS
10
151.5590339999999969
20
-100.8305139999999938
11
151.5530899999999974
21
-100.8267729999999887
0
LINE
8
F.Silkscreen
6
CONTINUOUS
10
151.5530899999999974
20
-100.8267729999999887
11
151.5516559999999799
21
-100.8261789999999962
0
LINE
8
F.Silkscreen
6
CONTINUOUS
10
151.5516559999999799
20
-100.8261789999999962
11
151.5503980000000013
21
-100.8254249999999956
0
LINE
8
F.Silkscreen
6
CONTINUOUS
10
151.5503980000000013
20
-100.8254249999999956
11
151.5485819999999819
21
-100.8239349999999916
0
LINE
8
F.Silkscreen
6
CONTINUOUS
10
151.5485819999999819
20
-100.8239349999999916
11
151.5465899999999806
21
-100.8226809999999887
0
LINE
8
F.Silkscreen
6
CONTINUOUS
10
151.5465899999999806
20
-100.8226809999999887
11
151.5454770000000053
21
-100.8217259999999982
0
LINE
8
F.Silkscreen
6
CONTINUOUS
10
151.5454770000000053
20
-100.8217259999999982
11
151.5444540000000018
21
-100.8205459999999931
0
LINE
8
F.Silkscreen
6
CONTINUOUS
10
151.5444540000000018
20
-100.8205459999999931
11
151.5390319999999917
21
-100.8160969999999992
0
LINE
8
F.Silkscreen
6
CONTINUOUS
10
151.5390319999999917
20
-100.8160969999999992
11
151.5386680000000013
21
-100.8157669999999939
0
LINE
8
F.Silkscreen
6
CONTINUOUS
10
151.5386680000000013
20
-100.8157669999999939
11
151.4910490000000038
21
-100.768146999999999
0
LINE
8
F.Silkscreen
6
CONTINUOUS
10
151.4910490000000038
20
-100.768146999999999
11
151.4907199999999818
21
-100.7677839999999918
0
LINE
8
F.Silkscreen
6
CONTINUOUS
10
151.4907199999999818
20
-100.7677839999999918
11
151.4813929999999971
21
-100.756418999999994
0
LINE
8
F.Silkscreen
6
CONTINUOUS
10
151.4813929999999971
20
-100.756418999999994
11
151.4806389999999965
21
-100.7551599999999894
0
LINE
8
F.Silkscreen
6
CONTINUOUS
10
151.4806389999999965
20
-100.7551599999999894
11
151.4694409999999891
21
-100.728123999999994
0
LINE
8
F.Silkscreen
6
CONTINUOUS
10
151.4694409999999891
20
-100.728123999999994
11
151.4690599999999847
21
-100.7262109999999922
0
LINE
8
F.Silkscreen
6
CONTINUOUS
10
151.4690599999999847
20
-100.7262109999999922
11
151.4690599999999847
21
-100.6969479999999919
0
LINE
8
F.Silkscreen
6
CONTINUOUS
10
151.4690599999999847
20
-100.6969479999999919
11
151.4694409999999891
21
-100.6950349999999901
0
LINE
8
F.Silkscreen
6
CONTINUOUS
10
151.4694409999999891
20
-100.6950349999999901
11
151.480639999999994
21
-100.6679989999999947
0
LINE
8
F.Silkscreen
6
CONTINUOUS
10
151.480639999999994
20
-100.6679989999999947
11
151.4817229999999881
21
-100.6663759999999996
0
LINE
8
F.Silkscreen
6
CONTINUOUS
10
151.4817229999999881
20
-100.6663759999999996
11
151.5024159999999824
21
-100.6456829999999911
0
LINE
8
F.Silkscreen
6
CONTINUOUS
10
151.5024159999999824
20
-100.6456829999999911
11
151.5040390000000059
21
-100.644599999999997
0
LINE
8
F.Silkscreen
6
CONTINUOUS
10
151.5040390000000059
20
-100.644599999999997
11
151.5310749999999871
21
-100.6334019999999896
0
LINE
8
F.Silkscreen
6
CONTINUOUS
10
151.5310749999999871
20
-100.6334019999999896
11
151.5329879999999889
21
-100.6330209999999994
0
LINE
8
F.Silkscreen
6
CONTINUOUS
10
151.5329879999999889
20
-100.6330209999999994
11
151.5622510000000034
21
-100.6330209999999994
0
LINE
8
F.Silkscreen
6
CONTINUOUS
10
151.5622510000000034
20
-100.6330209999999994
11
151.5641640000000052
21
-100.6334019999999896
0
LINE
8
F.Silkscreen
6
CONTINUOUS
10
151.5641640000000052
20
-100.6334019999999896
11
151.5911999999999864
21
-100.6446009999999944
0
LINE
8
F.Silkscreen
6
CONTINUOUS
10
151.5911999999999864
20
-100.6446009999999944
11
151.592458999999991
21
-100.645354999999995
0
LINE
8
F.Silkscreen
6
CONTINUOUS
10
151.592458999999991
20
-100.645354999999995
11
151.6038250000000005
21
-100.6546829999999915
0
LINE
8
F.Silkscreen
6
CONTINUOUS
10
151.6038250000000005
20
-100.6546829999999915
11
151.604188999999991
21
-100.6550129999999967
0
LINE
8
F.Silkscreen
6
CONTINUOUS
10
151.604188999999991
20
-100.6550129999999967
11
151.6426270000000045
21
-100.6934519999999935
0
LINE
8
F.Silkscreen
6
CONTINUOUS
10
151.6426270000000045
20
-100.6934519999999935
11
151.7093610000000012
21
-100.7268189999999919
0
LINE
8
F.Silkscreen
6
CONTINUOUS
10
151.7093610000000012
20
-100.7268189999999919
11
151.957304999999991
21
-100.7268189999999919
0
LINE
8
F.Silkscreen
6
CONTINUOUS
10
151.957304999999991
20
-100.7268189999999919
11
152.0240369999999928
21
-100.6934519999999935
0
LINE
8
F.Silkscreen
6
CONTINUOUS
10
152.0240369999999928
20
-100.6934519999999935
11
152.0532979999999839
21
-100.6641910000000024
0
LINE
8
F.Silkscreen
6
CONTINUOUS
10
152.0532979999999839
20
-100.6641910000000024
11
152.0866659999999797
21
-100.597455999999994
0
LINE
8
F.Silkscreen
6
CONTINUOUS
10
152.0866659999999797
20
-100.597455999999994
11
152.0866659999999797
21
-100.3971319999999992
0
LINE
8
F.Silkscreen
6
CONTINUOUS
10
152.0866659999999797
20
-100.3971319999999992
11
152.0533000000000072
21
-100.3303999999999974
0
LINE
8
F.Silkscreen
6
CONTINUOUS
10
152.0533000000000072
20
-100.3303999999999974
11
152.0240369999999928
21
-100.3011369999999971
0
LINE
8
F.Silkscreen
6
CONTINUOUS
10
152.0240369999999928
20
-100.3011369999999971
11
151.957304999999991
21
-100.2677709999999962
0
LINE
8
F.Silkscreen
6
CONTINUOUS
10
151.957304999999991
20
-100.2677709999999962
11
151.8333329999999819
21
-100.2677709999999962
0
LINE
8
F.Silkscreen
6
CONTINUOUS
10
151.8333329999999819
20
-100.2677709999999962
11
151.8328419999999994
21
-100.267747
0
LINE
8
F.Silkscreen
6
CONTINUOUS
10
151.8328419999999994
20
-100.267747
11
151.8255149999999958
21
-100.2670239999999922
0
LINE
8
F.Silkscreen
6
CONTINUOUS
10
151.8255149999999958
20
-100.2670239999999922
11
151.8239619999999945
21
-100.2671289999999971
0
LINE
8
F.Silkscreen
6
CONTINUOUS
10
151.8239619999999945
20
-100.2671289999999971
11
151.822023999999999
21
-100.2668759999999963
0
LINE
8
F.Silkscreen
6
CONTINUOUS
10
151.822023999999999
20
-100.2668759999999963
11
151.8212110000000052
21
-100.2665999999999968
0
LINE
8
F.Silkscreen
6
CONTINUOUS
10
151.8212110000000052
20
-100.2665999999999968
11
151.8182119999999884
21
-100.2663060000000002
0
LINE
8
F.Silkscreen
6
CONTINUOUS
10
151.8182119999999884
20
-100.2663060000000002
11
151.816787000000005
21
-100.265948999999992
0
LINE
8
F.Silkscreen
6
CONTINUOUS
10
151.816787000000005
20
-100.265948999999992
11
151.8056929999999909
21
-100.2613529999999997
0
LINE
8
F.Silkscreen
6
CONTINUOUS
10
151.8056929999999909
20
-100.2613529999999997
11
151.7943039999999826
21
-100.2575020000000023
0
LINE
8
F.Silkscreen
6
CONTINUOUS
10
151.7943039999999826
20
-100.2575020000000023
11
151.7926139999999862
21
-100.2565290000000005
0
LINE
8
F.Silkscreen
6
CONTINUOUS
10
151.7926139999999862
20
-100.2565290000000005
11
151.791325999999998
21
-100.2554019999999895
0
LINE
8
F.Silkscreen
6
CONTINUOUS
10
151.791325999999998
20
-100.2554019999999895
11
151.7897509999999954
21
-100.2547500000000014
0
LINE
8
F.Silkscreen
6
CONTINUOUS
10
151.7897509999999954
20
-100.2547500000000014
11
151.7881289999999979
21
-100.253666999999993
0
LINE
8
F.Silkscreen
6
CONTINUOUS
10
151.7881289999999979
20
-100.253666999999993
11
151.7796259999999791
21
-100.2451639999999884
0
LINE
8
F.Silkscreen
6
CONTINUOUS
10
151.7796259999999791
20
-100.2451639999999884
11
151.7705899999999986
21
-100.2372579999999971
0
LINE
8
F.Silkscreen
6
CONTINUOUS
10
151.7705899999999986
20
-100.2372579999999971
11
151.7693999999999903
21
-100.2357119999999924
0
LINE
8
F.Silkscreen
6
CONTINUOUS
10
151.7693999999999903
20
-100.2357119999999924
11
151.7686419999999998
21
-100.2341799999999949
0
LINE
8
F.Silkscreen
6
CONTINUOUS
10
151.7686419999999998
20
-100.2341799999999949
11
151.767437000000001
21
-100.2329749999999962
0
LINE
8
F.Silkscreen
6
CONTINUOUS
10
151.767437000000001
20
-100.2329749999999962
11
151.7663540000000069
21
-100.2313529999999986
0
LINE
8
F.Silkscreen
6
CONTINUOUS
10
151.7663540000000069
20
-100.2313529999999986
11
151.7617559999999912
21
-100.2202549999999945
0
LINE
8
F.Silkscreen
6
CONTINUOUS
10
151.7617559999999912
20
-100.2202549999999945
11
151.7564279999999997
21
-100.2094790000000017
0
LINE
8
F.Silkscreen
6
CONTINUOUS
10
151.7564279999999997
20
-100.2094790000000017
11
151.7559210000000007
21
-100.2075969999999927
0
LINE
8
F.Silkscreen
6
CONTINUOUS
10
151.7559210000000007
20
-100.2075969999999927
11
151.7558060000000069
21
-100.2058919999999915
0
LINE
8
F.Silkscreen
6
CONTINUOUS
10
151.7558060000000069
20
-100.2058919999999915
11
151.7551540000000045
21
-100.204314999999994
0
LINE
8
F.Silkscreen
6
CONTINUOUS
10
151.7551540000000045
20
-100.204314999999994
11
151.7547739999999976
21
-100.2024029999999897
0
LINE
8
F.Silkscreen
6
CONTINUOUS
10
151.7547739999999976
20
-100.2024029999999897
11
151.7547739999999976
21
-100.190384999999992
0
LINE
8
F.Silkscreen
6
CONTINUOUS
10
151.7547739999999976
20
-100.190384999999992
11
151.753974999999997
21
-100.1783980000000014
0
LINE
8
F.Silkscreen
6
CONTINUOUS
10
151.753974999999997
20
-100.1783980000000014
11
151.754226999999986
21
-100.1764639999999957
0
LINE
8
F.Silkscreen
6
CONTINUOUS
10
151.754226999999986
20
-100.1764639999999957
11
151.7547739999999976
21
-100.1748449999999906
0
LINE
8
F.Silkscreen
6
CONTINUOUS
10
151.7547739999999976
20
-100.1748449999999906
11
151.7547739999999976
21
-100.1731389999999919
0
LINE
8
F.Silkscreen
6
CONTINUOUS
10
151.7547739999999976
20
-100.1731389999999919
11
151.755155000000002
21
-100.1712259999999901
0
LINE
8
F.Silkscreen
6
CONTINUOUS
10
151.755155000000002
20
-100.1712259999999901
11
151.7597529999999892
21
-100.1601229999999987
0
LINE
8
F.Silkscreen
6
CONTINUOUS
10
151.7597529999999892
20
-100.1601229999999987
11
151.7636029999999892
21
-100.1487419999999986
0
LINE
8
F.Silkscreen
6
CONTINUOUS
10
151.7636029999999892
20
-100.1487419999999986
11
151.7642709999999795
21
-100.1474369999999965
0
LINE
8
F.Silkscreen
6
CONTINUOUS
10
151.7642709999999795
20
-100.1474369999999965
11
151.7660249999999849
21
-100.1449819999999988
0
LINE
8
F.Silkscreen
6
CONTINUOUS
10
151.7660249999999849
20
-100.1449819999999988
11
151.7663550000000043
21
-100.1441870000000023
0
LINE
8
F.Silkscreen
6
CONTINUOUS
10
151.7663550000000043
20
-100.1441870000000023
11
151.7674360000000036
21
-100.1425689999999946
0
LINE
8
F.Silkscreen
6
CONTINUOUS
10
151.7674360000000036
20
-100.1425689999999946
11
151.768540999999999
21
-100.14146199999999
0
LINE
8
F.Silkscreen
6
CONTINUOUS
10
151.768540999999999
20
-100.14146199999999
11
151.7728229999999883
21
-100.1354749999999996
0
LINE
8
F.Silkscreen
6
CONTINUOUS
10
151.7728229999999883
20
-100.1354749999999996
11
151.7731269999999881
21
-100.1350899999999911
0
LINE
8
F.Silkscreen
6
CONTINUOUS
10
151.7731269999999881
20
-100.1350899999999911
11
151.9903649999999971
21
-99.8868189999999885
0
LINE
8
F.Silkscreen
6
CONTINUOUS
10
151.9903649999999971
20
-99.8868189999999885
11
151.5476189999999974
21
-99.8868189999999885
0
LINE
8
F.Silkscreen
6
CONTINUOUS
10
151.5476189999999974
20
-99.8868189999999885
11
151.547128999999984
21
-99.8867949999999922
0
LINE
8
F.Silkscreen
6
CONTINUOUS
10
151.547128999999984
20
-99.8867949999999922
11
151.5324970000000064
21
-99.8853539999999924
0
LINE
8
F.Silkscreen
6
CONTINUOUS
10
151.5324970000000064
20
-99.8853539999999924
11
151.5310739999999896
21
-99.8849969999999985
0
LINE
8
F.Silkscreen
6
CONTINUOUS
10
151.5310739999999896
20
-99.8849969999999985
11
151.50403799999998
21
-99.8737979999999936
0
LINE
8
F.Silkscreen
6
CONTINUOUS
10
151.50403799999998
20
-99.8737979999999936
11
151.502414999999985
21
-99.8727149999999995
0
LINE
8
F.Silkscreen
6
CONTINUOUS
10
151.502414999999985
20
-99.8727149999999995
11
151.4817229999999881
21
-99.8520229999999884
0
LINE
8
F.Silkscreen
6
CONTINUOUS
10
151.4817229999999881
20
-99.8520229999999884
11
151.480639999999994
21
-99.8503999999999934
0
LINE
8
F.Silkscreen
6
CONTINUOUS
10
151.480639999999994
20
-99.8503999999999934
11
151.4694409999999891
21
-99.823363999999998
0
LINE
8
F.Silkscreen
6
CONTINUOUS
10
151.4694409999999891
20
-99.823363999999998
11
151.4690599999999847
21
-99.8214509999999962
0
LINE
8
F.Silkscreen
6
CONTINUOUS
10
151.4690599999999847
20
-99.8214509999999962
11
151.4690599999999847
21
-99.7921869999999984
0
LINE
8
F.Silkscreen
6
CONTINUOUS
10
151.4690599999999847
20
-99.7921869999999984
11
151.4694409999999891
21
-99.7902739999999966
0
LINE
8
F.Silkscreen
6
CONTINUOUS
10
151.4694409999999891
20
-99.7902739999999966
11
151.480639999999994
21
-99.7632380000000012
0
LINE
8
F.Silkscreen
6
CONTINUOUS
10
151.480639999999994
20
-99.7632380000000012
11
151.4817229999999881
21
-99.7616149999999919
0
LINE
8
F.Silkscreen
6
CONTINUOUS
10
151.4817229999999881
20
-99.7616149999999919
11
151.502414999999985
21
-99.7409229999999951
0
LINE
8
F.Silkscreen
6
CONTINUOUS
10
151.502414999999985
20
-99.7409229999999951
11
151.50403799999998
21
-99.7398400000000009
0
LINE
8
F.Silkscreen
6
CONTINUOUS
10
151.50403799999998
20
-99.7398400000000009
11
151.5310739999999896
21
-99.7286409999999961
0
LINE
8
F.Silkscreen
6
CONTINUOUS
10
151.5310739999999896
20
-99.7286409999999961
11
151.5324970000000064
21
-99.7282840000000022
0
LINE
8
F.Silkscreen
6
CONTINUOUS
10
151.5324970000000064
20
-99.7282840000000022
11
151.547128999999984
21
-99.7268430000000023
0
LINE
8
F.Silkscreen
6
CONTINUOUS
10
151.547128999999984
20
-99.7268430000000023
11
151.5476189999999974
21
-99.7268189999999919
0
LINE
8
F.Silkscreen
6
CONTINUOUS
10
151.5476189999999974
20
-99.7268189999999919
11
152.1666659999999922
21
-99.7268189999999919
0
LINE
8
F.Silkscreen
6
CONTINUOUS
10
152.1666659999999922
20
-99.7268189999999919
11
152.1671560000000056
21
-99.7268430000000023
0
LINE
8
F.Silkscreen
6
CONTINUOUS
10
150.3100129999999979
20
-99.7268430000000023
11
150.3246450000000038
21
-99.7282840000000022
0
LINE
8
F.Silkscreen
6
CONTINUOUS
10
150.3246450000000038
20
-99.7282840000000022
11
150.3260679999999923
21
-99.7286409999999961
0
LINE
8
F.Silkscreen
6
CONTINUOUS
10
150.3260679999999923
20
-99.7286409999999961
11
150.3531040000000019
21
-99.7398400000000009
0
LINE
8
F.Silkscreen
6
CONTINUOUS
10
150.3531040000000019
20
-99.7398400000000009
11
150.3547269999999969
21
-99.7409229999999951
0
LINE
8
F.Silkscreen
6
CONTINUOUS
10
150.3547269999999969
20
-99.7409229999999951
11
150.3754189999999937
21
-99.7616149999999919
0
LINE
8
F.Silkscreen
6
CONTINUOUS
10
150.3754189999999937
20
-99.7616149999999919
11
150.3765019999999879
21
-99.7632380000000012
0
LINE
8
F.Silkscreen
6
CONTINUOUS
10
150.3765019999999879
20
-99.7632380000000012
11
150.3877009999999927
21
-99.7902739999999966
0
LINE
8
F.Silkscreen
6
CONTINUOUS
10
150.3877009999999927
20
-99.7902739999999966
11
150.3880819999999972
21
-99.7921869999999984
0
LINE
8
F.Silkscreen
6
CONTINUOUS
10
150.3880819999999972
20
-99.7921869999999984
11
150.3880819999999972
21
-99.8214509999999962
0
LINE
8
F.Silkscreen
6
CONTINUOUS
10
150.3880819999999972
20
-99.8214509999999962
11
150.3877009999999927
21
-99.823363999999998
0
LINE
8
F.Silkscreen
6
CONTINUOUS
10
150.3877009999999927
20
-99.823363999999998
11
150.3765019999999879
21
-99.8503999999999934
0
LINE
8
F.Silkscreen
6
CONTINUOUS
10
150.3765019999999879
20
-99.8503999999999934
11
150.3754189999999937
21
-99.8520229999999884
0
LINE
8
F.Silkscreen
6
CONTINUOUS
10
150.3754189999999937
20
-99.8520229999999884
11
150.3547269999999969
21
-99.8727149999999995
0
LINE
8
F.Silkscreen
6
CONTINUOUS
10
150.3547269999999969
20
-99.8727149999999995
11
150.3531040000000019
21
-99.8737979999999936
0
LINE
8
F.Silkscreen
6
CONTINUOUS
10
150.3531040000000019
20
-99.8737979999999936
11
150.3260679999999923
21
-99.8849969999999985
0
LINE
8
F.Silkscreen
6
CONTINUOUS
10
150.3260679999999923
20
-99.8849969999999985
11
150.3246450000000038
21
-99.8853539999999924
0
LINE
8
F.Silkscreen
6
CONTINUOUS
10
150.3246450000000038
20
-99.8853539999999924
11
150.3100129999999979
21
-99.8867949999999922
0
LINE
8
F.Silkscreen
6
CONTINUOUS
10
150.3100129999999979
20
-99.8867949999999922
11
150.3095229999999844
21
-99.8868189999999885
0
LINE
8
F.Silkscreen
6
CONTINUOUS
10
150.3095229999999844
20
-99.8868189999999885
11
150.1038089999999841
21
-99.8868189999999885
0
LINE
8
F.Silkscreen
6
CONTINUOUS
10
150.1038089999999841
20
-99.8868189999999885
11
150.1038089999999841
21
-100.8068189999999902
0
LINE
8
F.Silkscreen
6
CONTINUOUS
10
150.1038089999999841
20
-100.8068189999999902
11
150.1037849999999878
21
-100.8073089999999894
0
LINE
8
F.Silkscreen
6
CONTINUOUS
10
150.1037849999999878
20
-100.8073089999999894
11
150.102343999999988
21
-100.8219409999999954
0
LINE
8
F.Silkscreen
6
CONTINUOUS
10
150.102343999999988
20
-100.8219409999999954
11
150.1019869999999798
21
-100.823363999999998
0
LINE
8
F.Silkscreen
6
CONTINUOUS
10
150.1019869999999798
20
-100.823363999999998
11
150.0907880000000034
21
-100.8503999999999934
0
LINE
8
F.Silkscreen
6
CONTINUOUS
10
150.0907880000000034
20
-100.8503999999999934
11
150.0897049999999808
21
-100.8520229999999884
0
LINE
8
F.Silkscreen
6
CONTINUOUS
10
150.0897049999999808
20
-100.8520229999999884
11
150.069012999999984
21
-100.8727149999999995
0
LINE
8
F.Silkscreen
6
CONTINUOUS
10
150.069012999999984
20
-100.8727149999999995
11
150.067389999999989
21
-100.8737979999999936
0
LINE
8
F.Silkscreen
6
CONTINUOUS
10
150.067389999999989
20
-100.8737979999999936
11
150.0403539999999794
21
-100.8849969999999985
0
LINE
8
F.Silkscreen
6
CONTINUOUS
10
150.0403539999999794
20
-100.8849969999999985
11
150.0384410000000059
21
-100.8853779999999887
0
LINE
8
F.Silkscreen
6
CONTINUOUS
10
150.0384410000000059
20
-100.8853779999999887
11
150.009176999999994
21
-100.8853779999999887
0
LINE
8
F.Silkscreen
6
CONTINUOUS
10
150.009176999999994
20
-100.8853779999999887
11
150.0072639999999922
21
-100.8849969999999985
0
LINE
8
F.Silkscreen
6
CONTINUOUS
10
150.0072639999999922
20
-100.8849969999999985
11
149.9802279999999826
21
-100.8737979999999936
0
LINE
8
F.Silkscreen
6
CONTINUOUS
10
149.9802279999999826
20
-100.8737979999999936
11
149.9786049999999875
21
-100.8727149999999995
0
LINE
8
F.Silkscreen
6
CONTINUOUS
10
149.9786049999999875
20
-100.8727149999999995
11
149.9579129999999907
21
-100.8520229999999884
0
LINE
8
F.Silkscreen
6
CONTINUOUS
10
149.9579129999999907
20
-100.8520229999999884
11
149.9568299999999965
21
-100.8503999999999934
0
LINE
8
F.Silkscreen
6
CONTINUOUS
10
149.9568299999999965
20
-100.8503999999999934
11
149.9456309999999917
21
-100.823363999999998
0
LINE
8
F.Silkscreen
6
CONTINUOUS
10
149.9456309999999917
20
-100.823363999999998
11
149.9452739999999835
21
-100.8219409999999954
0
LINE
8
F.Silkscreen
6
CONTINUOUS
10
149.9452739999999835
20
-100.8219409999999954
11
149.9438329999999837
21
-100.8073089999999894
0
LINE
8
F.Silkscreen
6
CONTINUOUS
10
149.9438329999999837
20
-100.8073089999999894
11
149.9438089999999875
21
-100.8068189999999902
0
LINE
8
F.Silkscreen
6
CONTINUOUS
10
149.9438089999999875
20
-100.8068189999999902
11
149.9438089999999875
21
-99.8868189999999885
0
LINE
8
F.Silkscreen
6
CONTINUOUS
10
149.9438089999999875
20
-99.8868189999999885
11
149.7380949999999871
21
-99.8868189999999885
0
LINE
8
F.Silkscreen
6
CONTINUOUS
10
149.7380949999999871
20
-99.8868189999999885
11
149.7376050000000021
21
-99.8867949999999922
0
LINE
8
F.Silkscreen
6
CONTINUOUS
10
149.7376050000000021
20
-99.8867949999999922
11
149.7229729999999961
21
-99.8853539999999924
0
LINE
8
F.Silkscreen
6
CONTINUOUS
10
149.7229729999999961
20
-99.8853539999999924
11
149.7215499999999793
21
-99.8849969999999985
0
LINE
8
F.Silkscreen
6
CONTINUOUS
10
149.7215499999999793
20
-99.8849969999999985
11
149.6945139999999981
21
-99.8737979999999936
0
LINE
8
F.Silkscreen
6
CONTINUOUS
10
149.6945139999999981
20
-99.8737979999999936
11
149.692891000000003
21
-99.8727149999999995
0
LINE
8
F.Silkscreen
6
CONTINUOUS
10
149.692891000000003
20
-99.8727149999999995
11
149.6721990000000062
21
-99.8520229999999884
0
LINE
8
F.Silkscreen
6
CONTINUOUS
10
149.6721990000000062
20
-99.8520229999999884
11
149.6711159999999836
21
-99.8503999999999934
0
LINE
8
F.Silkscreen
6
CONTINUOUS
10
149.6711159999999836
20
-99.8503999999999934
11
149.6599170000000072
21
-99.823363999999998
0
LINE
8
F.Silkscreen
6
CONTINUOUS
10
149.6599170000000072
20
-99.823363999999998
11
149.6595360000000028
21
-99.8214509999999962
0
LINE
8
F.Silkscreen
6
CONTINUOUS
10
149.6595360000000028
20
-99.8214509999999962
11
149.6595360000000028
21
-99.7921869999999984
0
LINE
8
F.Silkscreen
6
CONTINUOUS
10
149.6595360000000028
20
-99.7921869999999984
11
149.6599170000000072
21
-99.7902739999999966
0
LINE
8
F.Silkscreen
6
CONTINUOUS
10
149.6599170000000072
20
-99.7902739999999966
11
149.6711159999999836
21
-99.7632380000000012
0
LINE
8
F.Silkscreen
6
CONTINUOUS
10
149.6711159999999836
20
-99.7632380000000012
11
149.6721990000000062
21
-99.7616149999999919
0
LINE
8
F.Silkscreen
6
CONTINUOUS
10
149.6721990000000062
20
-99.7616149999999919
11
149.692891000000003
21
-99.7409229999999951
0
LINE
8
F.Silkscreen
6
CONTINUOUS
10
149.692891000000003
20
-99.7409229999999951
11
149.6945139999999981
21
-99.7398400000000009
0
LINE
8
F.Silkscreen
6
CONTINUOUS
10
149.6945139999999981
20
-99.7398400000000009
11
149.7215499999999793
21
-99.7286409999999961
0
LINE
8
F.Silkscreen
6
CONTINUOUS
10
149.7215499999999793
20
-99.7286409999999961
11
149.7229729999999961
21
-99.7282840000000022
0
LINE
8
F.Silkscreen
6
CONTINUOUS
10
149.7229729999999961
20
-99.7282840000000022
11
149.7376050000000021
21
-99.7268430000000023
0
LINE
8
F.Silkscreen
6
CONTINUOUS
10
149.7376050000000021
20
-99.7268430000000023
11
149.7380949999999871
21
-99.7268189999999919
0
LINE
8
F.Silkscreen
6
CONTINUOUS
10
149.7380949999999871
20
-99.7268189999999919
11
150.3095229999999844
21
-99.7268189999999919
0
LINE
8
F.Silkscreen
6
CONTINUOUS
10
150.3095229999999844
20
-99.7268189999999919
11
150.3100129999999979
21
-99.7268430000000023
0
LINE
8
F.Silkscreen
6
CONTINUOUS
10
151.024298999999985
20
-99.7268430000000023
11
151.0389309999999909
21
-99.7282840000000022
0
LINE
8
F.Silkscreen
6
CONTINUOUS
10
151.0389309999999909
20
-99.7282840000000022
11
151.0403539999999794
21
-99.7286409999999961
0
LINE
8
F.Silkscreen
6
CONTINUOUS
10
151.0403539999999794
20
-99.7286409999999961
11
151.0420929999999942
21
-99.7293609999999973
0
LINE
8
F.Silkscreen
6
CONTINUOUS
10
151.0420929999999942
20
-99.7293609999999973
11
151.0439719999999966
21
-99.729495
0
LINE
8
F.Silkscreen
6
CONTINUOUS
10
151.0439719999999966
20
-99.729495
11
151.0454049999999881
21
-99.7298119999999955
0
LINE
8
F.Silkscreen
6
CONTINUOUS
10
151.0454049999999881
20
-99.7298119999999955
11
151.0591369999999927
21
-99.7350670000000008
0
LINE
8
F.Silkscreen
6
CONTINUOUS
10
151.0591369999999927
20
-99.7350670000000008
11
151.0595859999999959
21
-99.7352649999999983
0
LINE
8
F.Silkscreen
6
CONTINUOUS
10
151.0595859999999959
20
-99.7352649999999983
11
151.1548239999999907
21
-99.7828839999999957
0
LINE
8
F.Silkscreen
6
CONTINUOUS
10
151.1548239999999907
20
-99.7828839999999957
11
151.1552509999999927
21
-99.7831240000000008
0
LINE
8
F.Silkscreen
6
CONTINUOUS
10
151.1552509999999927
20
-99.7831240000000008
11
151.1611919999999998
21
-99.7868619999999993
0
LINE
8
F.Silkscreen
6
CONTINUOUS
10
151.1611919999999998
20
-99.7868619999999993
11
151.1626300000000072
21
-99.7874589999999984
0
LINE
8
F.Silkscreen
6
CONTINUOUS
10
151.1626300000000072
20
-99.7874589999999984
11
151.1638879999999858
21
-99.7882139999999964
0
LINE
8
F.Silkscreen
6
CONTINUOUS
10
151.1638879999999858
20
-99.7882139999999964
11
151.1656979999999919
21
-99.7896999999999963
0
LINE
8
F.Silkscreen
6
CONTINUOUS
10
151.1656979999999919
20
-99.7896999999999963
11
151.1676939999999831
21
-99.7909559999999942
0
LINE
8
F.Silkscreen
6
CONTINUOUS
10
151.1676939999999831
20
-99.7909559999999942
11
151.1688089999999818
21
-99.7919119999999964
0
LINE
8
F.Silkscreen
6
CONTINUOUS
10
151.1688089999999818
20
-99.7919119999999964
11
151.1698319999999853
21
-99.7930920000000015
0
LINE
8
F.Silkscreen
6
CONTINUOUS
10
151.1698319999999853
20
-99.7930920000000015
11
151.1752520000000004
21
-99.7975399999999979
0
LINE
8
F.Silkscreen
6
CONTINUOUS
10
151.1752520000000004
20
-99.7975399999999979
11
151.1756159999999909
21
-99.7978689999999915
0
LINE
8
F.Silkscreen
6
CONTINUOUS
10
151.1756159999999909
20
-99.7978689999999915
11
151.2232349999999883
21
-99.8454879999999889
0
LINE
8
F.Silkscreen
6
CONTINUOUS
10
151.2232349999999883
20
-99.8454879999999889
11
151.2235639999999819
21
-99.8458519999999936
0
LINE
8
F.Silkscreen
6
CONTINUOUS
10
151.2235639999999819
20
-99.8458519999999936
11
151.2280130000000042
21
-99.8512739999999894
0
LINE
8
F.Silkscreen
6
CONTINUOUS
10
151.2280130000000042
20
-99.8512739999999894
11
151.2291919999999834
21
-99.8522959999999955
0
LINE
8
F.Silkscreen
6
CONTINUOUS
10
151.2291919999999834
20
-99.8522959999999955
11
151.2301479999999856
21
-99.8534109999999941
0
LINE
8
F.Silkscreen
6
CONTINUOUS
10
151.2301479999999856
20
-99.8534109999999941
11
151.2313999999999794
21
-99.8554010000000005
0
LINE
8
F.Silkscreen
6
CONTINUOUS
10
151.2313999999999794
20
-99.8554010000000005
11
151.2328899999999976
21
-99.857215999999994
0
LINE
8
F.Silkscreen
6
CONTINUOUS
10
151.2328899999999976
20
-99.857215999999994
11
151.2336449999999957
21
-99.8584749999999985
0
LINE
8
F.Silkscreen
6
CONTINUOUS
10
151.2336449999999957
20
-99.8584749999999985
11
151.2342390000000023
21
-99.8599090000000018
0
LINE
8
F.Silkscreen
6
CONTINUOUS
10
151.2342390000000023
20
-99.8599090000000018
11
151.2379799999999932
21
-99.8658530000000013
0
LINE
8
F.Silkscreen
6
CONTINUOUS
10
151.2379799999999932
20
-99.8658530000000013
11
151.2382199999999841
21
-99.8662799999999891
0
LINE
8
F.Silkscreen
6
CONTINUOUS
10
151.2382199999999841
20
-99.8662799999999891
11
151.2858389999999815
21
-99.9615179999999981
0
LINE
8
F.Silkscreen
6
CONTINUOUS
10
151.2858389999999815
20
-99.9615179999999981
11
151.2860369999999932
21
-99.9619670000000013
0
LINE
8
F.Silkscreen
6
CONTINUOUS
10
151.2860369999999932
20
-99.9619670000000013
11
151.2912919999999986
21
-99.9756979999999942
0
LINE
8
F.Silkscreen
6
CONTINUOUS
10
151.2912919999999986
20
-99.9756979999999942
11
151.291608999999994
21
-99.977131
0
LINE
8
F.Silkscreen
6
CONTINUOUS
10
151.291608999999994
20
-99.977131
11
151.2917419999999993
21
-99.9790100000000024
0
LINE
8
F.Silkscreen
6
CONTINUOUS
10
151.2917419999999993
20
-99.9790100000000024
11
151.2924629999999979
21
-99.9807500000000005
0
LINE
8
F.Silkscreen
6
CONTINUOUS
10
151.2924629999999979
20
-99.9807500000000005
11
151.2928200000000061
21
-99.9821729999999889
0
LINE
8
F.Silkscreen
6
CONTINUOUS
10
151.2928200000000061
20
-99.9821729999999889
11
151.2942610000000059
21
-99.9968049999999948
0
LINE
8
F.Silkscreen
6
CONTINUOUS
10
151.2942610000000059
20
-99.9968049999999948
11
151.2942850000000021
21
-99.997294999999994
0
LINE
8
F.Silkscreen
6
CONTINUOUS
10
151.2942850000000021
20
-99.997294999999994
11
151.2942850000000021
21
-100.1401520000000005
0
LINE
8
F.Silkscreen
6
CONTINUOUS
10
151.2942850000000021
20
-100.1401520000000005
11
151.2942610000000059
21
-100.1406419999999997
0
LINE
8
F.Silkscreen
6
CONTINUOUS
10
151.2942610000000059
20
-100.1406419999999997
11
151.2928200000000061
21
-100.1552739999999915
0
LINE
8
F.Silkscreen
6
CONTINUOUS
10
151.2928200000000061
20
-100.1552739999999915
11
151.2924629999999979
21
-100.1566979999999916
0
LINE
8
F.Silkscreen
6
CONTINUOUS
10
151.2924629999999979
20
-100.1566979999999916
11
151.2917419999999993
21
-100.1584359999999947
0
LINE
8
F.Silkscreen
6
CONTINUOUS
10
151.2917419999999993
20
-100.1584359999999947
11
151.291608999999994
21
-100.1603159999999946
0
LINE
8
F.Silkscreen
6
CONTINUOUS
10
151.291608999999994
20
-100.1603159999999946
11
151.2912919999999986
21
-100.1617490000000004
0
LINE
8
F.Silkscreen
6
CONTINUOUS
10
151.2912919999999986
20
-100.1617490000000004
11
151.2860369999999932
21
-100.1754799999999932
0
LINE
8
F.Silkscreen
6
CONTINUOUS
10
151.2860369999999932
20
-100.1754799999999932
11
151.2858389999999815
21
-100.1759289999999964
0
LINE
8
F.Silkscreen
6
CONTINUOUS
10
151.2858389999999815
20
-100.1759289999999964
11
151.2382199999999841
21
-100.2711669999999913
0
LINE
8
F.Silkscreen
6
CONTINUOUS
10
151.2382199999999841
20
-100.2711669999999913
11
151.2379789999999957
21
-100.2715949999999907
0
LINE
8
F.Silkscreen
6
CONTINUOUS
10
151.2379789999999957
20
-100.2715949999999907
11
151.2342409999999973
21
-100.2775309999999962
0
LINE
8
F.Silkscreen
6
CONTINUOUS
10
151.2342409999999973
20
-100.2775309999999962
11
151.2336459999999931
21
-100.2789709999999985
0
LINE
8
F.Silkscreen
6
CONTINUOUS
10
151.2336459999999931
20
-100.2789709999999985
11
151.2328890000000001
21
-100.280231999999998
0
LINE
8
F.Silkscreen
6
CONTINUOUS
10
151.2328890000000001
20
-100.280231999999998
11
151.2314020000000028
21
-100.2820409999999924
0
LINE
8
F.Silkscreen
6
CONTINUOUS
10
151.2314020000000028
20
-100.2820409999999924
11
151.2301489999999831
21
-100.2840349999999887
0
LINE
8
F.Silkscreen
6
CONTINUOUS
10
151.2301489999999831
20
-100.2840349999999887
11
151.2291899999999885
21
-100.285152999999994
0
LINE
8
F.Silkscreen
6
CONTINUOUS
10
151.2291899999999885
20
-100.285152999999994
11
151.2280120000000068
21
-100.2861729999999909
0
LINE
8
F.Silkscreen
6
CONTINUOUS
10
151.2280120000000068
20
-100.2861729999999909
11
151.2235639999999819
21
-100.2915950000000009
0
LINE
8
F.Silkscreen
6
CONTINUOUS
10
151.2235639999999819
20
-100.2915950000000009
11
151.2232349999999883
21
-100.2919589999999914
0
LINE
8
F.Silkscreen
6
CONTINUOUS
10
151.2232349999999883
20
-100.2919589999999914
11
151.1756159999999909
21
-100.3395779999999888
0
LINE
8
F.Silkscreen
6
CONTINUOUS
10
151.1756159999999909
20
-100.3395779999999888
11
151.1752520000000004
21
-100.3399069999999966
0
LINE
8
F.Silkscreen
6
CONTINUOUS
10
151.1752520000000004
20
-100.3399069999999966
11
151.1698299999999904
21
-100.3443549999999931
0
LINE
8
F.Silkscreen
6
CONTINUOUS
10
151.1698299999999904
20
-100.3443549999999931
11
151.1688099999999793
21
-100.345532999999989
0
LINE
8
F.Silkscreen
6
CONTINUOUS
10
151.1688099999999793
20
-100.345532999999989
11
151.1676919999999882
21
-100.3464919999999978
0
LINE
8
F.Silkscreen
6
CONTINUOUS
10
151.1676919999999882
20
-100.3464919999999978
11
151.1656979999999919
21
-100.3477449999999891
0
LINE
8
F.Silkscreen
6
CONTINUOUS
10
151.1656979999999919
20
-100.3477449999999891
11
151.1638889999999833
21
-100.3492320000000007
0
LINE
8
F.Silkscreen
6
CONTINUOUS
10
151.1638889999999833
20
-100.3492320000000007
11
151.1626279999999838
21
-100.3499889999999937
0
LINE
8
F.Silkscreen
6
CONTINUOUS
10
151.1626279999999838
20
-100.3499889999999937
11
151.1611879999999815
21
-100.3505839999999978
0
LINE
8
F.Silkscreen
6
CONTINUOUS
10
151.1611879999999815
20
-100.3505839999999978
11
151.1552519999999902
21
-100.3543219999999963
0
LINE
8
F.Silkscreen
6
CONTINUOUS
10
151.1552519999999902
20
-100.3543219999999963
11
151.1548239999999907
21
-100.3545629999999989
0
LINE
8
F.Silkscreen
6
CONTINUOUS
10
151.1548239999999907
20
-100.3545629999999989
11
151.0595859999999959
21
-100.4021819999999963
0
LINE
8
F.Silkscreen
6
CONTINUOUS
10
151.0595859999999959
20
-100.4021819999999963
11
151.0591369999999927
21
-100.4023799999999937
0
LINE
8
F.Silkscreen
6
CONTINUOUS
10
151.0591369999999927
20
-100.4023799999999937
11
151.0454049999999881
21
-100.4076349999999991
0
LINE
8
F.Silkscreen
6
CONTINUOUS
10
151.0454049999999881
20
-100.4076349999999991
11
151.0439709999999991
21
-100.407952999999992
0
LINE
8
F.Silkscreen
6
CONTINUOUS
10
151.0439709999999991
20
-100.407952999999992
11
151.0420929999999942
21
-100.4080849999999998
0
LINE
8
F.Silkscreen
6
CONTINUOUS
10
151.0420929999999942
20
-100.4080849999999998
11
151.0403560000000027
21
-100.4088059999999984
0
LINE
8
F.Silkscreen
6
CONTINUOUS
10
151.0403560000000027
20
-100.4088059999999984
11
151.0389309999999909
21
-100.4091629999999924
0
LINE
8
F.Silkscreen
6
CONTINUOUS
10
151.0389309999999909
20
-100.4091629999999924
11
151.024298999999985
21
-100.4106039999999922
0
LINE
8
F.Silkscreen
6
CONTINUOUS
10
151.024298999999985
20
-100.4106039999999922
11
151.023809
21
-100.4106279999999884
0
LINE
8
F.Silkscreen
6
CONTINUOUS
10
151.023809
20
-100.4106279999999884
11
150.7228570000000047
21
-100.4106279999999884
0
LINE
8
F.Silkscreen
6
CONTINUOUS
10
150.7228570000000047
20
-100.4106279999999884
11
150.7228570000000047
21
-100.8068189999999902
0
LINE
8
F.Silkscreen
6
CONTINUOUS
10
150.7228570000000047
20
-100.8068189999999902
11
150.7228329999999801
21
-100.8073089999999894
0
LINE
8
F.Silkscreen
6
CONTINUOUS
10
150.7228329999999801
20
-100.8073089999999894
11
150.7213919999999803
21
-100.8219409999999954
0
LINE
8
F.Silkscreen
6
CONTINUOUS
10
150.7213919999999803
20
-100.8219409999999954
11
150.7210350000000005
21
-100.823363999999998
0
LINE
8
F.Silkscreen
6
CONTINUOUS
10
150.7210350000000005
20
-100.823363999999998
11
150.7098359999999957
21
-100.8503999999999934
0
LINE
8
F.Silkscreen
6
CONTINUOUS
10
150.7098359999999957
20
-100.8503999999999934
11
150.7087530000000015
21
-100.8520229999999884
0
LINE
8
F.Silkscreen
6
CONTINUOUS
10
150.7087530000000015
20
-100.8520229999999884
11
150.6880610000000047
21
-100.8727149999999995
0
LINE
8
F.Silkscreen
6
CONTINUOUS
10
150.6880610000000047
20
-100.8727149999999995
11
150.6864379999999812
21
-100.8737979999999936
0
LINE
8
F.Silkscreen
6
CONTINUOUS
10
150.6864379999999812
20
-100.8737979999999936
11
150.659402
21
-100.8849969999999985
0
LINE
8
F.Silkscreen
6
CONTINUOUS
10
150.659402
20
-100.8849969999999985
11
150.6574889999999982
21
-100.8853779999999887
0
LINE
8
F.Silkscreen
6
CONTINUOUS
10
150.6574889999999982
20
-100.8853779999999887
11
150.6282249999999863
21
-100.8853779999999887
0
LINE
8
F.Silkscreen
6
CONTINUOUS
10
150.6282249999999863
20
-100.8853779999999887
11
150.6263119999999844
21
-100.8849969999999985
0
LINE
8
F.Silkscreen
6
CONTINUOUS
10
150.6263119999999844
20
-100.8849969999999985
11
150.5992760000000033
21
-100.8737979999999936
0
LINE
8
F.Silkscreen
6
CONTINUOUS
10
150.5992760000000033
20
-100.8737979999999936
11
150.5976529999999798
21
-100.8727149999999995
0
LINE
8
F.Silkscreen
6
CONTINUOUS
10
150.5976529999999798
20
-100.8727149999999995
11
150.576960999999983
21
-100.8520229999999884
0
LINE
8
F.Silkscreen
6
CONTINUOUS
10
150.576960999999983
20
-100.8520229999999884
11
150.5758779999999888
21
-100.8503999999999934
0
LINE
8
F.Silkscreen
6
CONTINUOUS
10
150.5758779999999888
20
-100.8503999999999934
11
150.5646789999999839
21
-100.823363999999998
0
LINE
8
F.Silkscreen
6
CONTINUOUS
10
150.5646789999999839
20
-100.823363999999998
11
150.5643220000000042
21
-100.8219409999999954
0
LINE
8
F.Silkscreen
6
CONTINUOUS
10
150.5643220000000042
20
-100.8219409999999954
11
150.5628810000000044
21
-100.8073089999999894
0
LINE
8
F.Silkscreen
6
CONTINUOUS
10
150.5628810000000044
20
-100.8073089999999894
11
150.5628569999999797
21
-100.8068189999999902
0
LINE
8
F.Silkscreen
6
CONTINUOUS
10
150.5628569999999797
20
-100.8068189999999902
11
150.5628569999999797
21
-100.2506279999999919
0
LINE
8
F.Silkscreen
6
CONTINUOUS
10
150.5628569999999797
20
-100.2506279999999919
11
150.7228570000000047
21
-100.2506279999999919
0
LINE
8
F.Silkscreen
6
CONTINUOUS
10
150.7228570000000047
20
-100.2506279999999919
11
151.0049239999999884
21
-100.2506279999999919
0
LINE
8
F.Silkscreen
6
CONTINUOUS
10
151.0049239999999884
20
-100.2506279999999919
11
151.0716559999999902
21
-100.217261999999991
0
LINE
8
F.Silkscreen
6
CONTINUOUS
10
151.0716559999999902
20
-100.217261999999991
11
151.1009190000000046
21
-100.1879989999999907
0
LINE
8
F.Silkscreen
6
CONTINUOUS
10
151.1009190000000046
20
-100.1879989999999907
11
151.1342850000000055
21
-100.1212669999999889
0
LINE
8
F.Silkscreen
6
CONTINUOUS
10
151.1342850000000055
20
-100.1212669999999889
11
151.1342850000000055
21
-100.0161799999999914
0
LINE
8
F.Silkscreen
6
CONTINUOUS
10
151.1342850000000055
20
-100.0161799999999914
11
151.1009190000000046
21
-99.9494479999999896
0
LINE
8
F.Silkscreen
6
CONTINUOUS
10
151.1009190000000046
20
-99.9494479999999896
11
151.0716559999999902
21
-99.9201849999999894
0
LINE
8
F.Silkscreen
6
CONTINUOUS
10
151.0716559999999902
20
-99.9201849999999894
11
151.0049239999999884
21
-99.8868189999999885
0
LINE
8
F.Silkscreen
6
CONTINUOUS
10
151.0049239999999884
20
-99.8868189999999885
11
150.7228570000000047
21
-99.8868189999999885
0
LINE
8
F.Silkscreen
6
CONTINUOUS
10
150.7228570000000047
20
-99.8868189999999885
11
150.7228570000000047
21
-100.2506279999999919
0
LINE
8
F.Silkscreen
6
CONTINUOUS
10
150.7228570000000047
20
-100.2506279999999919
11
150.5628569999999797
21
-100.2506279999999919
0
LINE
8
F.Silkscreen
6
CONTINUOUS
10
150.5628569999999797
20
-100.2506279999999919
11
150.5628569999999797
21
-99.8068189999999902
0
LINE
8
F.Silkscreen
6
CONTINUOUS
10
150.5628569999999797
20
-99.8068189999999902
11
150.5628810000000044
21
-99.806328999999991
0
LINE
8
F.Silkscreen
6
CONTINUOUS
10
150.5628810000000044
20
-99.806328999999991
11
150.5643220000000042
21
-99.7916969999999992
0
LINE
8
F.Silkscreen
6
CONTINUOUS
10
150.5643220000000042
20
-99.7916969999999992
11
150.5646789999999839
21
-99.7902739999999966
0
LINE
8
F.Silkscreen
6
CONTINUOUS
10
150.5646789999999839
20
-99.7902739999999966
11
150.5758779999999888
21
-99.7632380000000012
0
LINE
8
F.Silkscreen
6
CONTINUOUS
10
150.5758779999999888
20
-99.7632380000000012
11
150.576960999999983
21
-99.7616149999999919
0
LINE
8
F.Silkscreen
6
CONTINUOUS
10
150.576960999999983
20
-99.7616149999999919
11
150.5976529999999798
21
-99.7409229999999951
0
LINE
8
F.Silkscreen
6
CONTINUOUS
10
150.5976529999999798
20
-99.7409229999999951
11
150.5992760000000033
21
-99.7398400000000009
0
LINE
8
F.Silkscreen
6
CONTINUOUS
10
150.5992760000000033
20
-99.7398400000000009
11
150.6263119999999844
21
-99.7286409999999961
0
LINE
8
F.Silkscreen
6
CONTINUOUS
10
150.6263119999999844
20
-99.7286409999999961
11
150.6277350000000013
21
-99.7282840000000022
0
LINE
8
F.Silkscreen
6
CONTINUOUS
10
150.6277350000000013
20
-99.7282840000000022
11
150.6423670000000072
21
-99.7268430000000023
0
LINE
8
F.Silkscreen
6
CONTINUOUS
10
150.6423670000000072
20
-99.7268430000000023
11
150.6428569999999922
21
-99.7268189999999919
0
LINE
8
F.Silkscreen
6
CONTINUOUS
10
150.6428569999999922
20
-99.7268189999999919
11
151.023809
21
-99.7268189999999919
0
LINE
8
F.Silkscreen
6
CONTINUOUS
10
151.023809
20
-99.7268189999999919
11
151.024298999999985
21
-99.7268430000000023
0
LINE
8
F.Silkscreen
6
CONTINUOUS
10
146.8013640000000066
20
-100.0636069999999904
11
146.8283999999999878
21
-100.0748059999999953
0
LINE
8
F.Silkscreen
6
CONTINUOUS
10
146.8283999999999878
20
-100.0748059999999953
11
146.8300229999999829
21
-100.0758889999999894
0
LINE
8
F.Silkscreen
6
CONTINUOUS
10
146.8300229999999829
20
-100.0758889999999894
11
146.8507149999999797
21
-100.0965810000000005
0
LINE
8
F.Silkscreen
6
CONTINUOUS
10
146.8507149999999797
20
-100.0965810000000005
11
146.8517980000000023
21
-100.0982039999999955
0
LINE
8
F.Silkscreen
6
CONTINUOUS
10
146.8517980000000023
20
-100.0982039999999955
11
146.8629970000000071
21
-100.1252399999999909
0
LINE
8
F.Silkscreen
6
CONTINUOUS
10
146.8629970000000071
20
-100.1252399999999909
11
146.8633539999999869
21
-100.1266629999999935
0
LINE
8
F.Silkscreen
6
CONTINUOUS
10
146.8633539999999869
20
-100.1266629999999935
11
146.8647949999999867
21
-100.1412949999999995
0
LINE
8
F.Silkscreen
6
CONTINUOUS
10
146.8647949999999867
20
-100.1412949999999995
11
146.8648189999999829
21
-100.1417849999999987
0
LINE
8
F.Silkscreen
6
CONTINUOUS
10
146.8648189999999829
20
-100.1417849999999987
11
146.8648189999999829
21
-100.7132129999999961
0
LINE
8
F.Silkscreen
6
CONTINUOUS
10
146.8648189999999829
20
-100.7132129999999961
11
146.8647949999999867
21
-100.7137029999999953
0
LINE
8
F.Silkscreen
6
CONTINUOUS
10
146.8647949999999867
20
-100.7137029999999953
11
146.8633539999999869
21
-100.7283350000000013
0
LINE
8
F.Silkscreen
6
CONTINUOUS
10
146.8633539999999869
20
-100.7283350000000013
11
146.8629970000000071
21
-100.7297579999999897
0
LINE
8
F.Silkscreen
6
CONTINUOUS
10
146.8629970000000071
20
-100.7297579999999897
11
146.8517980000000023
21
-100.7567939999999993
0
LINE
8
F.Silkscreen
6
CONTINUOUS
10
146.8517980000000023
20
-100.7567939999999993
11
146.8507149999999797
21
-100.7584169999999943
0
LINE
8
F.Silkscreen
6
CONTINUOUS
10
146.8507149999999797
20
-100.7584169999999943
11
146.8300229999999829
21
-100.7791089999999912
0
LINE
8
F.Silkscreen
6
CONTINUOUS
10
146.8300229999999829
20
-100.7791089999999912
11
146.8283999999999878
21
-100.7801919999999996
0
LINE
8
F.Silkscreen
6
CONTINUOUS
10
146.8283999999999878
20
-100.7801919999999996
11
146.8013640000000066
21
-100.7913909999999902
0
LINE
8
F.Silkscreen
6
CONTINUOUS
10
146.8013640000000066
20
-100.7913909999999902
11
146.7994510000000048
21
-100.7917719999999946
0
LINE
8
F.Silkscreen
6
CONTINUOUS
10
146.7994510000000048
20
-100.7917719999999946
11
146.7701869999999928
21
-100.7917719999999946
0
LINE
8
F.Silkscreen
6
CONTINUOUS
10
146.7701869999999928
20
-100.7917719999999946
11
146.768273999999991
21
-100.7913909999999902
0
LINE
8
F.Silkscreen
6
CONTINUOUS
10
146.768273999999991
20
-100.7913909999999902
11
146.7412379999999814
21
-100.7801919999999996
0
LINE
8
F.Silkscreen
6
CONTINUOUS
10
146.7412379999999814
20
-100.7801919999999996
11
146.7396149999999864
21
-100.7791089999999912
0
LINE
8
F.Silkscreen
6
CONTINUOUS
10
146.7396149999999864
20
-100.7791089999999912
11
146.7189229999999895
21
-100.7584169999999943
0
LINE
8
F.Silkscreen
6
CONTINUOUS
10
146.7189229999999895
20
-100.7584169999999943
11
146.7178399999999954
21
-100.7567939999999993
0
LINE
8
F.Silkscreen
6
CONTINUOUS
10
146.7178399999999954
20
-100.7567939999999993
11
146.7066409999999905
21
-100.7297579999999897
0
LINE
8
F.Silkscreen
6
CONTINUOUS
10
146.7066409999999905
20
-100.7297579999999897
11
146.7062839999999824
21
-100.7283350000000013
0
LINE
8
F.Silkscreen
6
CONTINUOUS
10
146.7062839999999824
20
-100.7283350000000013
11
146.7048429999999826
21
-100.7137029999999953
0
LINE
8
F.Silkscreen
6
CONTINUOUS
10
146.7048429999999826
20
-100.7137029999999953
11
146.7048189999999863
21
-100.7132129999999961
0
LINE
8
F.Silkscreen
6
CONTINUOUS
10
146.7048189999999863
20
-100.7132129999999961
11
146.7048189999999863
21
-100.5074989999999957
0
LINE
8
F.Silkscreen
6
CONTINUOUS
10
146.7048189999999863
20
-100.5074989999999957
11
146.0255760000000009
21
-100.5074989999999957
0
LINE
8
F.Silkscreen
6
CONTINUOUS
10
146.0255760000000009
20
-100.5074989999999957
11
146.079482999999982
21
-100.561405999999991
0
LINE
8
F.Silkscreen
6
CONTINUOUS
10
146.079482999999982
20
-100.561405999999991
11
146.079812000000004
21
-100.5617699999999957
0
LINE
8
F.Silkscreen
6
CONTINUOUS
10
146.079812000000004
20
-100.5617699999999957
11
146.0842639999999903
21
-100.5671940000000006
0
LINE
8
F.Silkscreen
6
CONTINUOUS
10
146.0842639999999903
20
-100.5671940000000006
11
146.085441000000003
21
-100.568214999999995
0
LINE
8
F.Silkscreen
6
CONTINUOUS
10
146.085441000000003
20
-100.568214999999995
11
146.0863949999999818
21
-100.5693270000000012
0
LINE
8
F.Silkscreen
6
CONTINUOUS
10
146.0863949999999818
20
-100.5693270000000012
11
146.0876460000000066
21
-100.571314000000001
0
LINE
8
F.Silkscreen
6
CONTINUOUS
10
146.0876460000000066
20
-100.571314000000001
11
146.0891399999999862
21
-100.5731349999999935
0
LINE
8
F.Silkscreen
6
CONTINUOUS
10
146.0891399999999862
20
-100.5731349999999935
11
146.0898949999999843
21
-100.5743949999999955
0
LINE
8
F.Silkscreen
6
CONTINUOUS
10
146.0898949999999843
20
-100.5743949999999955
11
146.0904909999999859
21
-100.5758349999999979
0
LINE
8
F.Silkscreen
6
CONTINUOUS
10
146.0904909999999859
20
-100.5758349999999979
11
146.0942269999999894
21
-100.5817699999999917
0
LINE
8
F.Silkscreen
6
CONTINUOUS
10
146.0942269999999894
20
-100.5817699999999917
11
146.0944680000000062
21
-100.5821979999999911
0
LINE
8
F.Silkscreen
6
CONTINUOUS
10
146.0944680000000062
20
-100.5821979999999911
11
146.1420870000000036
21
-100.6774360000000001
0
LINE
8
F.Silkscreen
6
CONTINUOUS
10
146.1420870000000036
20
-100.6774360000000001
11
146.1422849999999869
21
-100.6778849999999892
0
LINE
8
F.Silkscreen
6
CONTINUOUS
10
146.1422849999999869
20
-100.6778849999999892
11
146.1475399999999922
21
-100.6916159999999962
0
LINE
8
F.Silkscreen
6
CONTINUOUS
10
146.1475399999999922
20
-100.6916159999999962
11
146.1478569999999877
21
-100.693049000000002
0
LINE
8
F.Silkscreen
6
CONTINUOUS
10
146.1478569999999877
20
-100.693049000000002
11
146.1499309999999809
21
-100.7222390000000019
0
LINE
8
F.Silkscreen
6
CONTINUOUS
10
146.1499309999999809
20
-100.7222390000000019
11
146.1496870000000001
21
-100.7241739999999908
0
LINE
8
F.Silkscreen
6
CONTINUOUS
10
146.1496870000000001
20
-100.7241739999999908
11
146.1404330000000016
21
-100.7519360000000006
0
LINE
8
F.Silkscreen
6
CONTINUOUS
10
146.1404330000000016
20
-100.7519360000000006
11
146.1394669999999962
21
-100.7536309999999986
0
LINE
8
F.Silkscreen
6
CONTINUOUS
10
146.1394669999999962
20
-100.7536309999999986
11
146.1202940000000012
21
-100.7757379999999898
0
LINE
8
F.Silkscreen
6
CONTINUOUS
10
146.1202940000000012
20
-100.7757379999999898
11
146.1187529999999981
21
-100.7769339999999971
0
LINE
8
F.Silkscreen
6
CONTINUOUS
10
146.1187529999999981
20
-100.7769339999999971
11
146.0925780000000032
21
-100.7900219999999933
0
LINE
8
F.Silkscreen
6
CONTINUOUS
10
146.0925780000000032
20
-100.7900219999999933
11
146.0906959999999799
21
-100.7905370000000005
0
LINE
8
F.Silkscreen
6
CONTINUOUS
10
146.0906959999999799
20
-100.7905370000000005
11
146.0615059999999801
21
-100.7926109999999937
0
LINE
8
F.Silkscreen
6
CONTINUOUS
10
146.0615059999999801
20
-100.7926109999999937
11
146.0595710000000054
21
-100.7923669999999987
0
LINE
8
F.Silkscreen
6
CONTINUOUS
10
146.0595710000000054
20
-100.7923669999999987
11
146.0318100000000072
21
-100.7831130000000002
0
LINE
8
F.Silkscreen
6
CONTINUOUS
10
146.0318100000000072
20
-100.7831130000000002
11
146.030114999999995
21
-100.7821469999999948
0
LINE
8
F.Silkscreen
6
CONTINUOUS
10
146.030114999999995
20
-100.7821469999999948
11
146.0080069999999921
21
-100.7629739999999998
0
LINE
8
F.Silkscreen
6
CONTINUOUS
10
146.0080069999999921
20
-100.7629739999999998
11
146.0070509999999899
21
-100.7618599999999986
0
LINE
8
F.Silkscreen
6
CONTINUOUS
10
146.0070509999999899
20
-100.7618599999999986
11
145.9992189999999823
21
-100.749416999999994
0
LINE
8
F.Silkscreen
6
CONTINUOUS
10
145.9992189999999823
20
-100.749416999999994
11
145.9989789999999914
21
-100.7489899999999921
0
LINE
8
F.Silkscreen
6
CONTINUOUS
10
145.9989789999999914
20
-100.7489899999999921
11
145.9571669999999983
21
-100.6653659999999917
0
LINE
8
F.Silkscreen
6
CONTINUOUS
10
145.9571669999999983
20
-100.6653659999999917
11
145.8767039999999895
21
-100.5849029999999971
0
LINE
8
F.Silkscreen
6
CONTINUOUS
10
145.8767039999999895
20
-100.5849029999999971
11
145.7404429999999991
21
-100.494062999999997
0
LINE
8
F.Silkscreen
6
CONTINUOUS
10
145.7404429999999991
20
-100.494062999999997
11
145.7400599999999997
21
-100.4937809999999985
0
LINE
8
F.Silkscreen
6
CONTINUOUS
10
145.7400599999999997
20
-100.4937809999999985
11
145.7400169999999946
21
-100.4937460000000016
0
LINE
8
F.Silkscreen
6
CONTINUOUS
10
145.7400169999999946
20
-100.4937460000000016
11
145.7400609999999972
21
-100.4936909999999983
0
LINE
8
F.Silkscreen
6
CONTINUOUS
10
145.7400609999999972
20
-100.4936909999999983
11
145.7399680000000046
21
-100.4936289999999985
0
LINE
8
F.Silkscreen
6
CONTINUOUS
10
145.7399680000000046
20
-100.4936289999999985
11
145.7399309999999844
21
-100.4936749999999961
0
LINE
8
F.Silkscreen
6
CONTINUOUS
10
145.7399309999999844
20
-100.4936749999999961
11
145.7286729999999864
21
-100.484454999999997
0
LINE
8
F.Silkscreen
6
CONTINUOUS
10
145.7286729999999864
20
-100.484454999999997
11
145.7276870000000031
21
-100.4833689999999962
0
LINE
8
F.Silkscreen
6
CONTINUOUS
10
145.7276870000000031
20
-100.4833689999999962
11
145.7238299999999924
21
-100.4776099999999985
0
LINE
8
F.Silkscreen
6
CONTINUOUS
10
145.7238299999999924
20
-100.4776099999999985
11
145.7189229999999895
21
-100.4727029999999957
0
LINE
8
F.Silkscreen
6
CONTINUOUS
10
145.7189229999999895
20
-100.4727029999999957
11
145.7178399999999954
21
-100.4710809999999981
0
LINE
8
F.Silkscreen
6
CONTINUOUS
10
145.7178399999999954
20
-100.4710809999999981
11
145.7152169999999956
21
-100.4647499999999951
0
LINE
8
F.Silkscreen
6
CONTINUOUS
10
145.7152169999999956
20
-100.4647499999999951
11
145.71140299999999
21
-100.4590539999999947
0
LINE
8
F.Silkscreen
6
CONTINUOUS
10
145.71140299999999
20
-100.4590539999999947
11
145.7106550000000027
21
-100.4572529999999944
0
LINE
8
F.Silkscreen
6
CONTINUOUS
10
145.7106550000000027
20
-100.4572529999999944
11
145.7092939999999999
21
-100.450452999999996
0
LINE
8
F.Silkscreen
6
CONTINUOUS
10
145.7092939999999999
20
-100.450452999999996
11
145.7066399999999931
21
-100.444043999999991
0
LINE
8
F.Silkscreen
6
CONTINUOUS
10
145.7066399999999931
20
-100.444043999999991
11
145.7062599999999861
21
-100.4421309999999892
0
LINE
8
F.Silkscreen
6
CONTINUOUS
10
145.7062599999999861
20
-100.4421309999999892
11
145.7062599999999861
21
-100.4352779999999967
0
LINE
8
F.Silkscreen
6
CONTINUOUS
10
145.7062599999999861
20
-100.4352779999999967
11
145.7049159999999972
21
-100.4285589999999928
0
LINE
8
F.Silkscreen
6
CONTINUOUS
10
145.7049159999999972
20
-100.4285589999999928
11
145.7049140000000023
21
-100.4266080000000017
0
LINE
8
F.Silkscreen
6
CONTINUOUS
10
145.7049140000000023
20
-100.4266080000000017
11
145.7062599999999861
21
-100.4198030000000017
0
LINE
8
F.Silkscreen
6
CONTINUOUS
10
145.7062599999999861
20
-100.4198030000000017
11
145.7062599999999861
21
-100.4128669999999914
0
LINE
8
F.Silkscreen
6
CONTINUOUS
10
145.7062599999999861
20
-100.4128669999999914
11
145.7066409999999905
21
-100.4109539999999896
0
LINE
8
F.Silkscreen
6
CONTINUOUS
10
145.7066409999999905
20
-100.4109539999999896
11
145.7092619999999954
21
-100.4046239999999983
0
LINE
8
F.Silkscreen
6
CONTINUOUS
10
145.7092619999999954
20
-100.4046239999999983
11
145.7105929999999887
21
-100.3978999999999928
0
LINE
8
F.Silkscreen
6
CONTINUOUS
10
145.7105929999999887
20
-100.3978999999999928
11
145.7113379999999836
21
-100.3960969999999975
0
LINE
8
F.Silkscreen
6
CONTINUOUS
10
145.7113379999999836
20
-100.3960969999999975
11
145.7151839999999936
21
-100.3903260000000017
0
LINE
8
F.Silkscreen
6
CONTINUOUS
10
145.7151839999999936
20
-100.3903260000000017
11
145.7178399999999954
21
-100.3839169999999967
0
LINE
8
F.Silkscreen
6
CONTINUOUS
10
145.7178399999999954
20
-100.3839169999999967
11
145.7189229999999895
21
-100.3822959999999966
0
LINE
8
F.Silkscreen
6
CONTINUOUS
10
145.7189229999999895
20
-100.3822959999999966
11
145.7237680000000069
21
-100.3774499999999961
0
LINE
8
F.Silkscreen
6
CONTINUOUS
10
145.7237680000000069
20
-100.3774499999999961
11
145.7275709999999833
21
-100.3717469999999992
0
LINE
8
F.Silkscreen
6
CONTINUOUS
10
145.7275709999999833
20
-100.3717469999999992
11
145.7289480000000026
21
-100.3703670000000017
0
LINE
8
F.Silkscreen
6
CONTINUOUS
10
145.7289480000000026
20
-100.3703670000000017
11
145.7347110000000043
21
-100.3665060000000011
0
LINE
8
F.Silkscreen
6
CONTINUOUS
10
145.7347110000000043
20
-100.3665060000000011
11
145.7396159999999838
21
-100.3616030000000023
0
LINE
8
F.Silkscreen
6
CONTINUOUS
10
145.7396159999999838
20
-100.3616030000000023
11
145.7412369999999839
21
-100.360519999999994
0
LINE
8
F.Silkscreen
6
CONTINUOUS
10
145.7412369999999839
20
-100.360519999999994
11
145.7475660000000062
21
-100.3578969999999941
0
LINE
8
F.Silkscreen
6
CONTINUOUS
10
145.7475660000000062
20
-100.3578969999999941
11
145.7532640000000015
21
-100.3540829999999886
0
LINE
8
F.Silkscreen
6
CONTINUOUS
10
145.7532640000000015
20
-100.3540829999999886
11
145.7550650000000019
21
-100.3533350000000013
0
LINE
8
F.Silkscreen
6
CONTINUOUS
10
145.7550650000000019
20
-100.3533350000000013
11
145.7618630000000053
21
-100.3519739999999985
0
LINE
8
F.Silkscreen
6
CONTINUOUS
10
145.7618630000000053
20
-100.3519739999999985
11
145.768273999999991
21
-100.3493199999999916
0
LINE
8
F.Silkscreen
6
CONTINUOUS
10
145.768273999999991
20
-100.3493199999999916
11
145.7696969999999794
21
-100.3489639999999952
0
LINE
8
F.Silkscreen
6
CONTINUOUS
10
145.7696969999999794
20
-100.3489639999999952
11
145.7841729999999814
21
-100.3475380000000001
0
LINE
8
F.Silkscreen
6
CONTINUOUS
10
145.7841729999999814
20
-100.3475380000000001
11
145.7841779999999972
21
-100.3475899999999967
0
LINE
8
F.Silkscreen
6
CONTINUOUS
10
145.7841779999999972
20
-100.3475899999999967
11
145.7843019999999967
21
-100.3475899999999967
0
LINE
8
F.Silkscreen
6
CONTINUOUS
10
145.7843019999999967
20
-100.3475899999999967
11
145.7842959999999835
21
-100.347526000000002
0
LINE
8
F.Silkscreen
6
CONTINUOUS
10
145.7842959999999835
20
-100.347526000000002
11
145.7843489999999917
21
-100.3475210000000004
0
LINE
8
F.Silkscreen
6
CONTINUOUS
10
145.7843489999999917
20
-100.3475210000000004
11
145.7848189999999988
21
-100.3474989999999991
0
LINE
8
F.Silkscreen
6
CONTINUOUS
10
145.7848189999999988
20
-100.3474989999999991
11
146.7048189999999863
21
-100.3474989999999991
0
LINE
8
F.Silkscreen
6
CONTINUOUS
10
146.7048189999999863
20
-100.3474989999999991
11
146.7048189999999863
21
-100.1417849999999987
0
LINE
8
F.Silkscreen
6
CONTINUOUS
10
146.7048189999999863
20
-100.1417849999999987
11
146.7048429999999826
21
-100.1412949999999995
0
LINE
8
F.Silkscreen
6
CONTINUOUS
10
146.7048429999999826
20
-100.1412949999999995
11
146.7062839999999824
21
-100.1266629999999935
0
LINE
8
F.Silkscreen
6
CONTINUOUS
10
146.7062839999999824
20
-100.1266629999999935
11
146.7066409999999905
21
-100.1252399999999909
0
LINE
8
F.Silkscreen
6
CONTINUOUS
10
146.7066409999999905
20
-100.1252399999999909
11
146.7178399999999954
21
-100.0982039999999955
0
LINE
8
F.Silkscreen
6
CONTINUOUS
10
146.7178399999999954
20
-100.0982039999999955
11
146.7189229999999895
21
-100.0965810000000005
0
LINE
8
F.Silkscreen
6
CONTINUOUS
10
146.7189229999999895
20
-100.0965810000000005
11
146.7396149999999864
21
-100.0758889999999894
0
LINE
8
F.Silkscreen
6
CONTINUOUS
10
146.7396149999999864
20
-100.0758889999999894
11
146.7412379999999814
21
-100.0748059999999953
0
LINE
8
F.Silkscreen
6
CONTINUOUS
10
146.7412379999999814
20
-100.0748059999999953
11
146.768273999999991
21
-100.0636069999999904
0
LINE
8
F.Silkscreen
6
CONTINUOUS
10
146.768273999999991
20
-100.0636069999999904
11
146.7701869999999928
21
-100.0632260000000002
0
LINE
8
F.Silkscreen
6
CONTINUOUS
10
146.7701869999999928
20
-100.0632260000000002
11
146.7994510000000048
21
-100.0632260000000002
0
LINE
8
F.Silkscreen
6
CONTINUOUS
10
146.7994510000000048
20
-100.0632260000000002
11
146.8013640000000066
21
-100.0636069999999904
0
LINE
8
F.Silkscreen
6
CONTINUOUS
10
152.2931879999999865
20
-97.5334900000000005
11
152.4761110000000031
21
-97.6092599999999919
0
LINE
8
F.Silkscreen
6
CONTINUOUS
10
152.4761110000000031
20
-97.6092599999999919
11
152.6407370000000014
21
-97.7192589999999939
0
LINE
8
F.Silkscreen
6
CONTINUOUS
10
152.6407370000000014
20
-97.7192589999999939
11
152.7807410000000061
21
-97.8592629999999986
0
LINE
8
F.Silkscreen
6
CONTINUOUS
10
152.7807410000000061
20
-97.8592629999999986
11
152.8907399999999939
21
-98.0238889999999969
0
LINE
8
F.Silkscreen
6
CONTINUOUS
10
152.8907399999999939
20
-98.0238889999999969
11
152.9665099999999995
21
-98.2068119999999993
0
LINE
8
F.Silkscreen
6
CONTINUOUS
10
152.9665099999999995
20
-98.2068119999999993
11
153.0051369999999906
21
-98.4010029999999887
0
LINE
8
F.Silkscreen
6
CONTINUOUS
10
153.0051369999999906
20
-98.4010029999999887
11
153.0051369999999906
21
-98.5989969999999971
0
LINE
8
F.Silkscreen
6
CONTINUOUS
10
153.0051369999999906
20
-98.5989969999999971
11
152.9665099999999995
21
-98.7931880000000007
0
LINE
8
F.Silkscreen
6
CONTINUOUS
10
152.9665099999999995
20
-98.7931880000000007
11
152.8907399999999939
21
-98.9761109999999888
0
LINE
8
F.Silkscreen
6
CONTINUOUS
10
152.8907399999999939
20
-98.9761109999999888
11
152.7807410000000061
21
-99.1407370000000014
0
LINE
8
F.Silkscreen
6
CONTINUOUS
10
152.7807410000000061
20
-99.1407370000000014
11
152.6407370000000014
21
-99.2807409999999919
0
LINE
8
F.Silkscreen
6
CONTINUOUS
10
152.6407370000000014
20
-99.2807409999999919
11
152.4761110000000031
21
-99.3907399999999939
0
LINE
8
F.Silkscreen
6
CONTINUOUS
10
152.4761110000000031
20
-99.3907399999999939
11
152.2931879999999865
21
-99.4665099999999995
0
LINE
8
F.Silkscreen
6
CONTINUOUS
10
152.2931879999999865
20
-99.4665099999999995
11
152.0989969999999971
21
-99.5051369999999906
0
LINE
8
F.Silkscreen
6
CONTINUOUS
10
152.0989969999999971
20
-99.5051369999999906
11
151.9010030000000029
21
-99.5051369999999906
0
LINE
8
F.Silkscreen
6
CONTINUOUS
10
151.9010030000000029
20
-99.5051369999999906
11
151.7068119999999851
21
-99.4665099999999995
0
LINE
8
F.Silkscreen
6
CONTINUOUS
10
151.7068119999999851
20
-99.4665099999999995
11
151.5238889999999969
21
-99.3907399999999939
0
LINE
8
F.Silkscreen
6
CONTINUOUS
10
151.5238889999999969
20
-99.3907399999999939
11
151.3592629999999986
21
-99.2807409999999919
0
LINE
8
F.Silkscreen
6
CONTINUOUS
10
151.3592629999999986
20
-99.2807409999999919
11
151.2192589999999939
21
-99.1407370000000014
0
LINE
8
F.Silkscreen
6
CONTINUOUS
10
151.2192589999999939
20
-99.1407370000000014
11
151.1092600000000061
21
-98.9761109999999888
0
LINE
8
F.Silkscreen
6
CONTINUOUS
10
151.1092600000000061
20
-98.9761109999999888
11
151.0334900000000005
21
-98.7931880000000007
0
LINE
8
F.Silkscreen
6
CONTINUOUS
10
151.0334900000000005
20
-98.7931880000000007
11
150.994862999999981
21
-98.5989969999999971
0
LINE
8
F.Silkscreen
6
CONTINUOUS
10
150.994862999999981
20
-98.5989969999999971
11
150.994862999999981
21
-98.4127649999999932
0
LINE
8
F.Silkscreen
6
CONTINUOUS
10
150.994862999999981
20
-98.4127649999999932
11
151.1142859999999928
21
-98.4127649999999932
0
LINE
8
F.Silkscreen
6
CONTINUOUS
10
151.1142859999999928
20
-98.4127649999999932
11
151.1142859999999928
21
-98.5872349999999926
0
LINE
8
F.Silkscreen
6
CONTINUOUS
10
151.1142859999999928
20
-98.5872349999999926
11
151.1483230000000049
21
-98.7583529999999996
0
LINE
8
F.Silkscreen
6
CONTINUOUS
10
151.1483230000000049
20
-98.7583529999999996
11
151.2150900000000036
21
-98.9195429999999902
0
LINE
8
F.Silkscreen
6
CONTINUOUS
10
151.2150900000000036
20
-98.9195429999999902
11
151.3120209999999872
21
-99.0646100000000018
0
LINE
8
F.Silkscreen
6
CONTINUOUS
10
151.3120209999999872
20
-99.0646100000000018
11
151.435389999999984
21
-99.1879789999999986
0
LINE
8
F.Silkscreen
6
CONTINUOUS
10
151.435389999999984
20
-99.1879789999999986
11
151.5804569999999956
21
-99.2849099999999964
0
LINE
8
F.Silkscreen
6
CONTINUOUS
10
151.5804569999999956
20
-99.2849099999999964
11
151.7416470000000004
21
-99.3516769999999951
0
LINE
8
F.Silkscreen
6
CONTINUOUS
10
151.7416470000000004
20
-99.3516769999999951
11
151.912764999999979
21
-99.385713999999993
0
LINE
8
F.Silkscreen
6
CONTINUOUS
10
151.912764999999979
20
-99.385713999999993
11
152.0872349999999926
21
-99.385713999999993
0
LINE
8
F.Silkscreen
6
CONTINUOUS
10
152.0872349999999926
20
-99.385713999999993
11
152.2583529999999996
21
-99.3516769999999951
0
LINE
8
F.Silkscreen
6
CONTINUOUS
10
152.2583529999999996
20
-99.3516769999999951
11
152.4195430000000044
21
-99.2849099999999964
0
LINE
8
F.Silkscreen
6
CONTINUOUS
10
152.4195430000000044
20
-99.2849099999999964
11
152.5646099999999876
21
-99.1879789999999986
0
LINE
8
F.Silkscreen
6
CONTINUOUS
10
152.5646099999999876
20
-99.1879789999999986
11
152.6879789999999844
21
-99.0646100000000018
0
LINE
8
F.Silkscreen
6
CONTINUOUS
10
152.6879789999999844
20
-99.0646100000000018
11
152.7849099999999964
21
-98.9195429999999902
0
LINE
8
F.Silkscreen
6
CONTINUOUS
10
152.7849099999999964
20
-98.9195429999999902
11
152.8516769999999951
21
-98.7583529999999996
0
LINE
8
F.Silkscreen
6
CONTINUOUS
10
152.8516769999999951
20
-98.7583529999999996
11
152.8857140000000072
21
-98.5872349999999926
0
LINE
8
F.Silkscreen
6
CONTINUOUS
10
152.8857140000000072
20
-98.5872349999999926
11
152.8857140000000072
21
-98.4127649999999932
0
LINE
8
F.Silkscreen
6
CONTINUOUS
10
152.8857140000000072
20
-98.4127649999999932
11
152.8516769999999951
21
-98.2416470000000004
0
LINE
8
F.Silkscreen
6
CONTINUOUS
10
152.8516769999999951
20
-98.2416470000000004
11
152.7849099999999964
21
-98.0804569999999956
0
LINE
8
F.Silkscreen
6
CONTINUOUS
10
152.7849099999999964
20
-98.0804569999999956
11
152.6879789999999844
21
-97.9353899999999982
0
LINE
8
F.Silkscreen
6
CONTINUOUS
10
152.6879789999999844
20
-97.9353899999999982
11
152.5646099999999876
21
-97.8120210000000014
0
LINE
8
F.Silkscreen
6
CONTINUOUS
10
152.5646099999999876
20
-97.8120210000000014
11
152.4195430000000044
21
-97.7150899999999893
0
LINE
8
F.Silkscreen
6
CONTINUOUS
10
152.4195430000000044
20
-97.7150899999999893
11
152.2583529999999996
21
-97.6483229999999907
0
LINE
8
F.Silkscreen
6
CONTINUOUS
10
152.2583529999999996
20
-97.6483229999999907
11
152.0872349999999926
21
-97.6142859999999928
0
LINE
8
F.Silkscreen
6
CONTINUOUS
10
152.0872349999999926
20
-97.6142859999999928
11
151.912764999999979
21
-97.6142859999999928
0
LINE
8
F.Silkscreen
6
CONTINUOUS
10
151.912764999999979
20
-97.6142859999999928
11
151.7416470000000004
21
-97.6483229999999907
0
LINE
8
F.Silkscreen
6
CONTINUOUS
10
151.7416470000000004
20
-97.6483229999999907
11
151.5804569999999956
21
-97.7150899999999893
0
LINE
8
F.Silkscreen
6
CONTINUOUS
10
151.5804569999999956
20
-97.7150899999999893
11
151.435389999999984
21
-97.8120210000000014
0
LINE
8
F.Silkscreen
6
CONTINUOUS
10
151.435389999999984
20
-97.8120210000000014
11
151.3120209999999872
21
-97.9353899999999982
0
LINE
8
F.Silkscreen
6
CONTINUOUS
10
151.3120209999999872
20
-97.9353899999999982
11
151.2150900000000036
21
-98.0804569999999956
0
LINE
8
F.Silkscreen
6
CONTINUOUS
10
151.2150900000000036
20
-98.0804569999999956
11
151.1483230000000049
21
-98.2416470000000004
0
LINE
8
F.Silkscreen
6
CONTINUOUS
10
151.1483230000000049
20
-98.2416470000000004
11
151.1142859999999928
21
-98.4127649999999932
0
LINE
8
F.Silkscreen
6
CONTINUOUS
10
151.1142859999999928
20
-98.4127649999999932
11
150.994862999999981
21
-98.4127649999999932
0
LINE
8
F.Silkscreen
6
CONTINUOUS
10
150.994862999999981
20
-98.4127649999999932
11
150.994862999999981
21
-98.4010029999999887
0
LINE
8
F.Silkscreen
6
CONTINUOUS
10
150.994862999999981
20
-98.4010029999999887
11
151.0334900000000005
21
-98.2068119999999993
0
LINE
8
F.Silkscreen
6
CONTINUOUS
10
151.0334900000000005
20
-98.2068119999999993
11
151.1092600000000061
21
-98.0238889999999969
0
LINE
8
F.Silkscreen
6
CONTINUOUS
10
151.1092600000000061
20
-98.0238889999999969
11
151.2192589999999939
21
-97.8592629999999986
0
LINE
8
F.Silkscreen
6
CONTINUOUS
10
151.2192589999999939
20
-97.8592629999999986
11
151.3592629999999986
21
-97.7192589999999939
0
LINE
8
F.Silkscreen
6
CONTINUOUS
10
151.3592629999999986
20
-97.7192589999999939
11
151.5238889999999969
21
-97.6092599999999919
0
LINE
8
F.Silkscreen
6
CONTINUOUS
10
151.5238889999999969
20
-97.6092599999999919
11
151.7068119999999851
21
-97.5334900000000005
0
LINE
8
F.Silkscreen
6
CONTINUOUS
10
151.7068119999999851
20
-97.5334900000000005
11
151.9010030000000029
21
-97.4948629999999952
0
LINE
8
F.Silkscreen
6
CONTINUOUS
10
151.9010030000000029
20
-97.4948629999999952
11
152.0989969999999971
21
-97.4948629999999952
0
LINE
8
F.Silkscreen
6
CONTINUOUS
10
152.0989969999999971
20
-97.4948629999999952
11
152.2931879999999865
21
-97.5334900000000005
0
LINE
8
F.Silkscreen
6
CONTINUOUS
10
142.4386419999999873
20
-98.0866899999999902
11
142.4532739999999933
21
-98.08813099999999
0
LINE
8
F.Silkscreen
6
CONTINUOUS
10
142.4532739999999933
20
-98.08813099999999
11
142.4546969999999817
21
-98.0884879999999981
0
LINE
8
F.Silkscreen
6
CONTINUOUS
10
142.4546969999999817
20
-98.0884879999999981
11
142.4564359999999965
21
-98.0892079999999993
0
LINE
8
F.Silkscreen
6
CONTINUOUS
10
142.4564359999999965
20
-98.0892079999999993
11
142.4583149999999989
21
-98.089342000000002
0
LINE
8
F.Silkscreen
6
CONTINUOUS
10
142.4583149999999989
20
-98.089342000000002
11
142.4597479999999905
21
-98.0896589999999975
0
LINE
8
F.Silkscreen
6
CONTINUOUS
10
142.4597479999999905
20
-98.0896589999999975
11
142.473479999999995
21
-98.0949139999999886
0
LINE
8
F.Silkscreen
6
CONTINUOUS
10
142.473479999999995
20
-98.0949139999999886
11
142.4739289999999983
21
-98.0951120000000003
0
LINE
8
F.Silkscreen
6
CONTINUOUS
10
142.4739289999999983
20
-98.0951120000000003
11
142.5691669999999931
21
-98.1427309999999977
0
LINE
8
F.Silkscreen
6
CONTINUOUS
10
142.5691669999999931
20
-98.1427309999999977
11
142.569593999999995
21
-98.1429709999999886
0
LINE
8
F.Silkscreen
6
CONTINUOUS
10
142.569593999999995
20
-98.1429709999999886
11
142.5755350000000021
21
-98.1467090000000013
0
LINE
8
F.Silkscreen
6
CONTINUOUS
10
142.5755350000000021
20
-98.1467090000000013
11
142.5769729999999811
21
-98.1473060000000004
0
LINE
8
F.Silkscreen
6
CONTINUOUS
10
142.5769729999999811
20
-98.1473060000000004
11
142.5782309999999882
21
-98.1480609999999984
0
LINE
8
F.Silkscreen
6
CONTINUOUS
10
142.5782309999999882
20
-98.1480609999999984
11
142.5800409999999943
21
-98.1495469999999983
0
LINE
8
F.Silkscreen
6
CONTINUOUS
10
142.5800409999999943
20
-98.1495469999999983
11
142.5820369999999855
21
-98.1508029999999962
0
LINE
8
F.Silkscreen
6
CONTINUOUS
10
142.5820369999999855
20
-98.1508029999999962
11
142.5831519999999841
21
-98.1517589999999984
0
LINE
8
F.Silkscreen
6
CONTINUOUS
10
142.5831519999999841
20
-98.1517589999999984
11
142.5841749999999877
21
-98.1529389999999893
0
LINE
8
F.Silkscreen
6
CONTINUOUS
10
142.5841749999999877
20
-98.1529389999999893
11
142.5895950000000028
21
-98.1573869999999999
0
LINE
8
F.Silkscreen
6
CONTINUOUS
10
142.5895950000000028
20
-98.1573869999999999
11
142.5899589999999932
21
-98.1577159999999935
0
LINE
8
F.Silkscreen
6
CONTINUOUS
10
142.5899589999999932
20
-98.1577159999999935
11
142.6375779999999907
21
-98.2053349999999909
0
LINE
8
F.Silkscreen
6
CONTINUOUS
10
142.6375779999999907
20
-98.2053349999999909
11
142.6379069999999842
21
-98.2056989999999956
0
LINE
8
F.Silkscreen
6
CONTINUOUS
10
142.6379069999999842
20
-98.2056989999999956
11
142.6423560000000066
21
-98.2111209999999915
0
LINE
8
F.Silkscreen
6
CONTINUOUS
10
142.6423560000000066
20
-98.2111209999999915
11
142.6435349999999858
21
-98.2121429999999975
0
LINE
8
F.Silkscreen
6
CONTINUOUS
10
142.6435349999999858
20
-98.2121429999999975
11
142.6444909999999879
21
-98.2132579999999962
0
LINE
8
F.Silkscreen
6
CONTINUOUS
10
142.6444909999999879
20
-98.2132579999999962
11
142.6457429999999817
21
-98.2152480000000025
0
LINE
8
F.Silkscreen
6
CONTINUOUS
10
142.6457429999999817
20
-98.2152480000000025
11
142.6472329999999999
21
-98.217062999999996
0
LINE
8
F.Silkscreen
6
CONTINUOUS
10
142.6472329999999999
20
-98.217062999999996
11
142.647987999999998
21
-98.2183220000000006
0
LINE
8
F.Silkscreen
6
CONTINUOUS
10
142.647987999999998
20
-98.2183220000000006
11
142.6485820000000047
21
-98.2197559999999896
0
LINE
8
F.Silkscreen
6
CONTINUOUS
10
142.6485820000000047
20
-98.2197559999999896
11
142.6523229999999955
21
-98.2256999999999891
0
LINE
8
F.Silkscreen
6
CONTINUOUS
10
142.6523229999999955
20
-98.2256999999999891
11
142.6525629999999865
21
-98.2261269999999911
0
LINE
8
F.Silkscreen
6
CONTINUOUS
10
142.6525629999999865
20
-98.2261269999999911
11
142.7001819999999839
21
-98.3213650000000001
0
LINE
8
F.Silkscreen
6
CONTINUOUS
10
142.7001819999999839
20
-98.3213650000000001
11
142.7003799999999956
21
-98.3218139999999892
0
LINE
8
F.Silkscreen
6
CONTINUOUS
10
142.7003799999999956
20
-98.3218139999999892
11
142.7056350000000009
21
-98.3355449999999962
0
LINE
8
F.Silkscreen
6
CONTINUOUS
10
142.7056350000000009
20
-98.3355449999999962
11
142.7059519999999964
21
-98.336978000000002
0
LINE
8
F.Silkscreen
6
CONTINUOUS
10
142.7059519999999964
20
-98.336978000000002
11
142.7060850000000016
21
-98.3388569999999902
0
LINE
8
F.Silkscreen
6
CONTINUOUS
10
142.7060850000000016
20
-98.3388569999999902
11
142.7068060000000003
21
-98.3405970000000025
0
LINE
8
F.Silkscreen
6
CONTINUOUS
10
142.7068060000000003
20
-98.3405970000000025
11
142.70716299999998
21
-98.3420199999999909
0
LINE
8
F.Silkscreen
6
CONTINUOUS
10
142.70716299999998
20
-98.3420199999999909
11
142.7076559999999859
21
-98.3470259999999996
0
LINE
8
F.Silkscreen
6
CONTINUOUS
10
142.7076559999999859
20
-98.3470259999999996
11
143.0589429999999993
21
-98.1011269999999911
0
LINE
8
F.Silkscreen
6
CONTINUOUS
10
143.0589429999999993
20
-98.1011269999999911
11
143.0593580000000031
21
-98.1008659999999963
0
LINE
8
F.Silkscreen
6
CONTINUOUS
10
143.0593580000000031
20
-98.1008659999999963
11
143.0721709999999973
21
-98.0936559999999957
0
LINE
8
F.Silkscreen
6
CONTINUOUS
10
143.0721709999999973
20
-98.0936559999999957
11
143.0735420000000033
21
-98.0931309999999996
0
LINE
8
F.Silkscreen
6
CONTINUOUS
10
143.0735420000000033
20
-98.0931309999999996
11
143.1021130000000028
21
-98.0868019999999916
0
LINE
8
F.Silkscreen
6
CONTINUOUS
10
143.1021130000000028
20
-98.0868019999999916
11
143.1040629999999965
21
-98.0867599999999982
0
LINE
8
F.Silkscreen
6
CONTINUOUS
10
143.1040629999999965
20
-98.0867599999999982
11
143.1328809999999976
21
-98.0918449999999922
0
LINE
8
F.Silkscreen
6
CONTINUOUS
10
143.1328809999999976
20
-98.0918449999999922
11
143.1346989999999835
21
-98.0925519999999977
0
LINE
8
F.Silkscreen
6
CONTINUOUS
10
143.1346989999999835
20
-98.0925519999999977
11
143.1593770000000063
21
-98.108278999999996
0
LINE
8
F.Silkscreen
6
CONTINUOUS
10
143.1593770000000063
20
-98.108278999999996
11
143.1607860000000016
21
-98.1096289999999982
0
LINE
8
F.Silkscreen
6
CONTINUOUS
10
143.1607860000000016
20
-98.1096289999999982
11
143.1775679999999795
21
-98.1336029999999937
0
LINE
8
F.Silkscreen
6
CONTINUOUS
10
143.1775679999999795
20
-98.1336029999999937
11
143.1783539999999846
21
-98.1353879999999918
0
LINE
8
F.Silkscreen
6
CONTINUOUS
10
143.1783539999999846
20
-98.1353879999999918
11
143.1846840000000043
21
-98.1639589999999913
0
LINE
8
F.Silkscreen
6
CONTINUOUS
10
143.1846840000000043
20
-98.1639589999999913
11
143.1847259999999835
21
-98.1659099999999967
0
LINE
8
F.Silkscreen
6
CONTINUOUS
10
143.1847259999999835
20
-98.1659099999999967
11
143.1796400000000062
21
-98.1947270000000003
0
LINE
8
F.Silkscreen
6
CONTINUOUS
10
143.1796400000000062
20
-98.1947270000000003
11
143.1789330000000007
21
-98.1965450000000004
0
LINE
8
F.Silkscreen
6
CONTINUOUS
10
143.1789330000000007
20
-98.1965450000000004
11
143.1632060000000024
21
-98.2212239999999923
0
LINE
8
F.Silkscreen
6
CONTINUOUS
10
143.1632060000000024
20
-98.2212239999999923
11
143.162243999999987
21
-98.2223319999999944
0
LINE
8
F.Silkscreen
6
CONTINUOUS
10
143.162243999999987
20
-98.2223319999999944
11
143.1510839999999973
21
-98.2319030000000026
0
LINE
8
F.Silkscreen
6
CONTINUOUS
10
143.1510839999999973
20
-98.2319030000000026
11
143.1506959999999822
21
-98.2322039999999959
0
LINE
8
F.Silkscreen
6
CONTINUOUS
10
143.1506959999999822
20
-98.2322039999999959
11
142.7086280000000045
21
-98.54164999999999
0
LINE
8
F.Silkscreen
6
CONTINUOUS
10
142.7086280000000045
20
-98.54164999999999
11
142.7086280000000045
21
-98.6580939999999913
0
LINE
8
F.Silkscreen
6
CONTINUOUS
10
142.7086280000000045
20
-98.6580939999999913
11
143.104818999999992
21
-98.6580939999999913
0
LINE
8
F.Silkscreen
6
CONTINUOUS
10
143.104818999999992
20
-98.6580939999999913
11
143.1053090000000054
21
-98.6581180000000018
0
LINE
8
F.Silkscreen
6
CONTINUOUS
10
143.1053090000000054
20
-98.6581180000000018
11
143.119940999999983
21
-98.6595590000000016
0
LINE
8
F.Silkscreen
6
CONTINUOUS
10
143.119940999999983
20
-98.6595590000000016
11
143.1213639999999998
21
-98.6599159999999955
0
LINE
8
F.Silkscreen
6
CONTINUOUS
10
143.1213639999999998
20
-98.6599159999999955
11
143.148399999999981
21
-98.6711150000000004
0
LINE
8
F.Silkscreen
6
CONTINUOUS
10
143.148399999999981
20
-98.6711150000000004
11
143.1500230000000045
21
-98.6721979999999945
0
LINE
8
F.Silkscreen
6
CONTINUOUS
10
143.1500230000000045
20
-98.6721979999999945
11
143.1707150000000013
21
-98.6928899999999913
0
LINE
8
F.Silkscreen
6
CONTINUOUS
10
143.1707150000000013
20
-98.6928899999999913
11
143.1717979999999955
21
-98.6945130000000006
0
LINE
8
F.Silkscreen
6
CONTINUOUS
10
143.1717979999999955
20
-98.6945130000000006
11
143.1829970000000003
21
-98.721548999999996
0
LINE
8
F.Silkscreen
6
CONTINUOUS
10
143.1829970000000003
20
-98.721548999999996
11
143.1833780000000047
21
-98.7234619999999978
0
LINE
8
F.Silkscreen
6
CONTINUOUS
10
143.1833780000000047
20
-98.7234619999999978
11
143.1833780000000047
21
-98.7527259999999956
0
LINE
8
F.Silkscreen
6
CONTINUOUS
10
143.1833780000000047
20
-98.7527259999999956
11
143.1829970000000003
21
-98.7546389999999974
0
LINE
8
F.Silkscreen
6
CONTINUOUS
10
143.1829970000000003
20
-98.7546389999999974
11
143.1717979999999955
21
-98.7816749999999928
0
LINE
8
F.Silkscreen
6
CONTINUOUS
10
143.1717979999999955
20
-98.7816749999999928
11
143.1707150000000013
21
-98.783298000000002
0
LINE
8
F.Silkscreen
6
CONTINUOUS
10
143.1707150000000013
20
-98.783298000000002
11
143.1500230000000045
21
-98.8039899999999989
0
LINE
8
F.Silkscreen
6
CONTINUOUS
10
143.1500230000000045
20
-98.8039899999999989
11
143.148399999999981
21
-98.805072999999993
0
LINE
8
F.Silkscreen
6
CONTINUOUS
10
143.148399999999981
20
-98.805072999999993
11
143.1213639999999998
21
-98.8162719999999979
0
LINE
8
F.Silkscreen
6
CONTINUOUS
10
143.1213639999999998
20
-98.8162719999999979
11
143.119940999999983
21
-98.8166289999999918
0
LINE
8
F.Silkscreen
6
CONTINUOUS
10
143.119940999999983
20
-98.8166289999999918
11
143.1053090000000054
21
-98.8180699999999916
0
LINE
8
F.Silkscreen
6
CONTINUOUS
10
143.1053090000000054
20
-98.8180699999999916
11
143.104818999999992
21
-98.8180940000000021
0
LINE
8
F.Silkscreen
6
CONTINUOUS
10
143.104818999999992
20
-98.8180940000000021
11
142.104818999999992
21
-98.8180940000000021
0
LINE
8
F.Silkscreen
6
CONTINUOUS
10
142.104818999999992
20
-98.8180940000000021
11
142.104329000000007
21
-98.8180699999999916
0
LINE
8
F.Silkscreen
6
CONTINUOUS
10
142.104329000000007
20
-98.8180699999999916
11
142.089697000000001
21
-98.8166289999999918
0
LINE
8
F.Silkscreen
6
CONTINUOUS
10
142.089697000000001
20
-98.8166289999999918
11
142.0882739999999842
21
-98.8162719999999979
0
LINE
8
F.Silkscreen
6
CONTINUOUS
10
142.0882739999999842
20
-98.8162719999999979
11
142.061238000000003
21
-98.805072999999993
0
LINE
8
F.Silkscreen
6
CONTINUOUS
10
142.061238000000003
20
-98.805072999999993
11
142.0596149999999795
21
-98.8039899999999989
0
LINE
8
F.Silkscreen
6
CONTINUOUS
10
142.0596149999999795
20
-98.8039899999999989
11
142.0389229999999827
21
-98.783298000000002
0
LINE
8
F.Silkscreen
6
CONTINUOUS
10
142.0389229999999827
20
-98.783298000000002
11
142.0378399999999885
21
-98.7816749999999928
0
LINE
8
F.Silkscreen
6
CONTINUOUS
10
142.0378399999999885
20
-98.7816749999999928
11
142.0266409999999837
21
-98.7546389999999974
0
LINE
8
F.Silkscreen
6
CONTINUOUS
10
142.0266409999999837
20
-98.7546389999999974
11
142.026284000000004
21
-98.7532159999999948
0
LINE
8
F.Silkscreen
6
CONTINUOUS
10
142.026284000000004
20
-98.7532159999999948
11
142.0248430000000042
21
-98.7385839999999888
0
LINE
8
F.Silkscreen
6
CONTINUOUS
10
142.0248430000000042
20
-98.7385839999999888
11
142.0248189999999795
21
-98.7380939999999896
0
LINE
8
F.Silkscreen
6
CONTINUOUS
10
142.0248189999999795
20
-98.7380939999999896
11
142.0248189999999795
21
-98.3760269999999934
0
LINE
8
F.Silkscreen
6
CONTINUOUS
10
142.0248189999999795
20
-98.3760269999999934
11
142.1848190000000045
21
-98.3760269999999934
0
LINE
8
F.Silkscreen
6
CONTINUOUS
10
142.1848190000000045
20
-98.3760269999999934
11
142.1848190000000045
21
-98.6580939999999913
0
LINE
8
F.Silkscreen
6
CONTINUOUS
10
142.1848190000000045
20
-98.6580939999999913
11
142.5486279999999795
21
-98.6580939999999913
0
LINE
8
F.Silkscreen
6
CONTINUOUS
10
142.5486279999999795
20
-98.6580939999999913
11
142.5486279999999795
21
-98.3760269999999934
0
LINE
8
F.Silkscreen
6
CONTINUOUS
10
142.5486279999999795
20
-98.3760269999999934
11
142.515262000000007
21
-98.3092949999999917
0
LINE
8
F.Silkscreen
6
CONTINUOUS
10
142.515262000000007
20
-98.3092949999999917
11
142.4859989999999925
21
-98.2800319999999914
0
LINE
8
F.Silkscreen
6
CONTINUOUS
10
142.4859989999999925
20
-98.2800319999999914
11
142.4192669999999907
21
-98.2466659999999905
0
LINE
8
F.Silkscreen
6
CONTINUOUS
10
142.4192669999999907
20
-98.2466659999999905
11
142.3141799999999932
21
-98.2466659999999905
0
LINE
8
F.Silkscreen
6
CONTINUOUS
10
142.3141799999999932
20
-98.2466659999999905
11
142.2474479999999915
21
-98.2800319999999914
0
LINE
8
F.Silkscreen
6
CONTINUOUS
10
142.2474479999999915
20
-98.2800319999999914
11
142.2181850000000054
21
-98.3092949999999917
0
LINE
8
F.Silkscreen
6
CONTINUOUS
10
142.2181850000000054
20
-98.3092949999999917
11
142.1848190000000045
21
-98.3760269999999934
0
LINE
8
F.Silkscreen
6
CONTINUOUS
10
142.1848190000000045
20
-98.3760269999999934
11
142.0248189999999795
21
-98.3760269999999934
0
LINE
8
F.Silkscreen
6
CONTINUOUS
10
142.0248189999999795
20
-98.3760269999999934
11
142.0248189999999795
21
-98.3571419999999961
0
LINE
8
F.Silkscreen
6
CONTINUOUS
10
142.0248189999999795
20
-98.3571419999999961
11
142.0248430000000042
21
-98.3566519999999969
0
LINE
8
F.Silkscreen
6
CONTINUOUS
10
142.0248430000000042
20
-98.3566519999999969
11
142.026284000000004
21
-98.3420199999999909
0
LINE
8
F.Silkscreen
6
CONTINUOUS
10
142.026284000000004
20
-98.3420199999999909
11
142.0266399999999862
21
-98.3405970000000025
0
LINE
8
F.Silkscreen
6
CONTINUOUS
10
142.0266399999999862
20
-98.3405970000000025
11
142.0273609999999849
21
-98.3388539999999978
0
LINE
8
F.Silkscreen
6
CONTINUOUS
10
142.0273609999999849
20
-98.3388539999999978
11
142.0274949999999876
21
-98.336978000000002
0
LINE
8
F.Silkscreen
6
CONTINUOUS
10
142.0274949999999876
20
-98.336978000000002
11
142.0278119999999831
21
-98.3355459999999937
0
LINE
8
F.Silkscreen
6
CONTINUOUS
10
142.0278119999999831
20
-98.3355459999999937
11
142.0330669999999884
21
-98.3218139999999892
0
LINE
8
F.Silkscreen
6
CONTINUOUS
10
142.0330669999999884
20
-98.3218139999999892
11
142.0332650000000001
21
-98.3213650000000001
0
LINE
8
F.Silkscreen
6
CONTINUOUS
10
142.0332650000000001
20
-98.3213650000000001
11
142.0808839999999975
21
-98.2261269999999911
0
LINE
8
F.Silkscreen
6
CONTINUOUS
10
142.0808839999999975
20
-98.2261269999999911
11
142.0811239999999884
21
-98.2256999999999891
0
LINE
8
F.Silkscreen
6
CONTINUOUS
10
142.0811239999999884
20
-98.2256999999999891
11
142.0848639999999818
21
-98.2197539999999947
0
LINE
8
F.Silkscreen
6
CONTINUOUS
10
142.0848639999999818
20
-98.2197539999999947
11
142.0854599999999834
21
-98.2183199999999914
0
LINE
8
F.Silkscreen
6
CONTINUOUS
10
142.0854599999999834
20
-98.2183199999999914
11
142.0862129999999866
21
-98.2170639999999935
0
LINE
8
F.Silkscreen
6
CONTINUOUS
10
142.0862129999999866
20
-98.2170639999999935
11
142.0877020000000073
21
-98.2152480000000025
0
LINE
8
F.Silkscreen
6
CONTINUOUS
10
142.0877020000000073
20
-98.2152480000000025
11
142.0889569999999935
21
-98.2132560000000012
0
LINE
8
F.Silkscreen
6
CONTINUOUS
10
142.0889569999999935
20
-98.2132560000000012
11
142.0899110000000007
21
-98.212143999999995
0
LINE
8
F.Silkscreen
6
CONTINUOUS
10
142.0899110000000007
20
-98.212143999999995
11
142.091087999999985
21
-98.2111219999999889
0
LINE
8
F.Silkscreen
6
CONTINUOUS
10
142.091087999999985
20
-98.2111219999999889
11
142.0955399999999997
21
-98.2056989999999956
0
LINE
8
F.Silkscreen
6
CONTINUOUS
10
142.0955399999999997
20
-98.2056989999999956
11
142.0958689999999933
21
-98.2053349999999909
0
LINE
8
F.Silkscreen
6
CONTINUOUS
10
142.0958689999999933
20
-98.2053349999999909
11
142.1434879999999907
21
-98.1577159999999935
0
LINE
8
F.Silkscreen
6
CONTINUOUS
10
142.1434879999999907
20
-98.1577159999999935
11
142.1438519999999812
21
-98.1573869999999999
0
LINE
8
F.Silkscreen
6
CONTINUOUS
10
142.1438519999999812
20
-98.1573869999999999
11
142.1492749999999887
21
-98.1529349999999994
0
LINE
8
F.Silkscreen
6
CONTINUOUS
10
142.1492749999999887
20
-98.1529349999999994
11
142.1502969999999948
21
-98.1517580000000009
0
LINE
8
F.Silkscreen
6
CONTINUOUS
10
142.1502969999999948
20
-98.1517580000000009
11
142.151409000000001
21
-98.1508039999999937
0
LINE
8
F.Silkscreen
6
CONTINUOUS
10
142.151409000000001
20
-98.1508039999999937
11
142.1534010000000023
21
-98.1495489999999933
0
LINE
8
F.Silkscreen
6
CONTINUOUS
10
142.1534010000000023
20
-98.1495489999999933
11
142.1552169999999933
21
-98.148060000000001
0
LINE
8
F.Silkscreen
6
CONTINUOUS
10
142.1552169999999933
20
-98.148060000000001
11
142.1564730000000054
21
-98.1473069999999979
0
LINE
8
F.Silkscreen
6
CONTINUOUS
10
142.1564730000000054
20
-98.1473069999999979
11
142.1579069999999945
21
-98.1467109999999963
0
LINE
8
F.Silkscreen
6
CONTINUOUS
10
142.1579069999999945
20
-98.1467109999999963
11
142.1638529999999889
21
-98.1429709999999886
0
LINE
8
F.Silkscreen
6
CONTINUOUS
10
142.1638529999999889
20
-98.1429709999999886
11
142.1642799999999909
21
-98.1427309999999977
0
LINE
8
F.Silkscreen
6
CONTINUOUS
10
142.1642799999999909
20
-98.1427309999999977
11
142.2595179999999857
21
-98.0951120000000003
0
LINE
8
F.Silkscreen
6
CONTINUOUS
10
142.2595179999999857
20
-98.0951120000000003
11
142.259966999999989
21
-98.0949139999999886
0
LINE
8
F.Silkscreen
6
CONTINUOUS
10
142.259966999999989
20
-98.0949139999999886
11
142.273697999999996
21
-98.0896589999999975
0
LINE
8
F.Silkscreen
6
CONTINUOUS
10
142.273697999999996
20
-98.0896589999999975
11
142.2751289999999926
21
-98.089342000000002
0
LINE
8
F.Silkscreen
6
CONTINUOUS
10
142.2751289999999926
20
-98.089342000000002
11
142.2770089999999925
21
-98.0892070000000018
0
LINE
8
F.Silkscreen
6
CONTINUOUS
10
142.2770089999999925
20
-98.0892070000000018
11
142.2787509999999997
21
-98.0884870000000006
0
LINE
8
F.Silkscreen
6
CONTINUOUS
10
142.2787509999999997
20
-98.0884870000000006
11
142.2801729999999907
21
-98.08813099999999
0
LINE
8
F.Silkscreen
6
CONTINUOUS
10
142.2801729999999907
20
-98.08813099999999
11
142.2948049999999967
21
-98.0866899999999902
0
LINE
8
F.Silkscreen
6
CONTINUOUS
10
142.2948049999999967
20
-98.0866899999999902
11
142.2952949999999817
21
-98.0866659999999939
0
LINE
8
F.Silkscreen
6
CONTINUOUS
10
142.2952949999999817
20
-98.0866659999999939
11
142.4381520000000023
21
-98.0866659999999939
0
LINE
8
F.Silkscreen
6
CONTINUOUS
10
142.4381520000000023
20
-98.0866659999999939
11
142.4386419999999873
21
-98.0866899999999902
0
LINE
8
F.Silkscreen
6
CONTINUOUS
10
146.9386419999999873
20
-98.0866899999999902
11
146.9532739999999933
21
-98.08813099999999
0
LINE
8
F.Silkscreen
6
CONTINUOUS
10
146.9532739999999933
20
-98.08813099999999
11
146.9546969999999817
21
-98.0884879999999981
0
LINE
8
F.Silkscreen
6
CONTINUOUS
10
146.9546969999999817
20
-98.0884879999999981
11
146.9564359999999965
21
-98.0892079999999993
0
LINE
8
F.Silkscreen
6
CONTINUOUS
10
146.9564359999999965
20
-98.0892079999999993
11
146.9583149999999989
21
-98.089342000000002
0
LINE
8
F.Silkscreen
6
CONTINUOUS
10
146.9583149999999989
20
-98.089342000000002
11
146.9597479999999905
21
-98.0896589999999975
0
LINE
8
F.Silkscreen
6
CONTINUOUS
10
146.9597479999999905
20
-98.0896589999999975
11
146.973479999999995
21
-98.0949139999999886
0
LINE
8
F.Silkscreen
6
CONTINUOUS
10
146.973479999999995
20
-98.0949139999999886
11
146.9739289999999983
21
-98.0951120000000003
0
LINE
8
F.Silkscreen
6
CONTINUOUS
10
146.9739289999999983
20
-98.0951120000000003
11
147.0691669999999931
21
-98.1427309999999977
0
LINE
8
F.Silkscreen
6
CONTINUOUS
10
147.0691669999999931
20
-98.1427309999999977
11
147.069593999999995
21
-98.1429709999999886
0
LINE
8
F.Silkscreen
6
CONTINUOUS
10
147.069593999999995
20
-98.1429709999999886
11
147.0755350000000021
21
-98.1467090000000013
0
LINE
8
F.Silkscreen
6
CONTINUOUS
10
147.0755350000000021
20
-98.1467090000000013
11
147.0769729999999811
21
-98.1473060000000004
0
LINE
8
F.Silkscreen
6
CONTINUOUS
10
147.0769729999999811
20
-98.1473060000000004
11
147.0782309999999882
21
-98.1480609999999984
0
LINE
8
F.Silkscreen
6
CONTINUOUS
10
147.0782309999999882
20
-98.1480609999999984
11
147.0800409999999943
21
-98.1495469999999983
0
LINE
8
F.Silkscreen
6
CONTINUOUS
10
147.0800409999999943
20
-98.1495469999999983
11
147.0820369999999855
21
-98.1508029999999962
0
LINE
8
F.Silkscreen
6
CONTINUOUS
10
147.0820369999999855
20
-98.1508029999999962
11
147.0831519999999841
21
-98.1517589999999984
0
LINE
8
F.Silkscreen
6
CONTINUOUS
10
147.0831519999999841
20
-98.1517589999999984
11
147.0841749999999877
21
-98.1529389999999893
0
LINE
8
F.Silkscreen
6
CONTINUOUS
10
147.0841749999999877
20
-98.1529389999999893
11
147.0895950000000028
21
-98.1573869999999999
0
LINE
8
F.Silkscreen
6
CONTINUOUS
10
147.0895950000000028
20
-98.1573869999999999
11
147.0899589999999932
21
-98.1577159999999935
0
LINE
8
F.Silkscreen
6
CONTINUOUS
10
147.0899589999999932
20
-98.1577159999999935
11
147.1375779999999907
21
-98.2053349999999909
0
LINE
8
F.Silkscreen
6
CONTINUOUS
10
147.1375779999999907
20
-98.2053349999999909
11
147.1379069999999842
21
-98.2056989999999956
0
LINE
8
F.Silkscreen
6
CONTINUOUS
10
147.1379069999999842
20
-98.2056989999999956
11
147.1423560000000066
21
-98.2111209999999915
0
LINE
8
F.Silkscreen
6
CONTINUOUS
10
147.1423560000000066
20
-98.2111209999999915
11
147.1435349999999858
21
-98.2121429999999975
0
LINE
8
F.Silkscreen
6
CONTINUOUS
10
147.1435349999999858
20
-98.2121429999999975
11
147.1444909999999879
21
-98.2132579999999962
0
LINE
8
F.Silkscreen
6
CONTINUOUS
10
147.1444909999999879
20
-98.2132579999999962
11
147.1457429999999817
21
-98.2152480000000025
0
LINE
8
F.Silkscreen
6
CONTINUOUS
10
147.1457429999999817
20
-98.2152480000000025
11
147.1472329999999999
21
-98.217062999999996
0
LINE
8
F.Silkscreen
6
CONTINUOUS
10
147.1472329999999999
20
-98.217062999999996
11
147.147987999999998
21
-98.2183220000000006
0
LINE
8
F.Silkscreen
6
CONTINUOUS
10
147.147987999999998
20
-98.2183220000000006
11
147.1485820000000047
21
-98.2197559999999896
0
LINE
8
F.Silkscreen
6
CONTINUOUS
10
147.1485820000000047
20
-98.2197559999999896
11
147.1523229999999955
21
-98.2256999999999891
0
LINE
8
F.Silkscreen
6
CONTINUOUS
10
147.1523229999999955
20
-98.2256999999999891
11
147.1525629999999865
21
-98.2261269999999911
0
LINE
8
F.Silkscreen
6
CONTINUOUS
10
147.1525629999999865
20
-98.2261269999999911
11
147.2001819999999839
21
-98.3213650000000001
0
LINE
8
F.Silkscreen
6
CONTINUOUS
10
147.2001819999999839
20
-98.3213650000000001
11
147.2003799999999956
21
-98.3218139999999892
0
LINE
8
F.Silkscreen
6
CONTINUOUS
10
147.2003799999999956
20
-98.3218139999999892
11
147.2056350000000009
21
-98.3355449999999962
0
LINE
8
F.Silkscreen
6
CONTINUOUS
10
147.2056350000000009
20
-98.3355449999999962
11
147.2059519999999964
21
-98.336978000000002
0
LINE
8
F.Silkscreen
6
CONTINUOUS
10
147.2059519999999964
20
-98.336978000000002
11
147.2060850000000016
21
-98.3388569999999902
0
LINE
8
F.Silkscreen
6
CONTINUOUS
10
147.2060850000000016
20
-98.3388569999999902
11
147.2068060000000003
21
-98.3405970000000025
0
LINE
8
F.Silkscreen
6
CONTINUOUS
10
147.2068060000000003
20
-98.3405970000000025
11
147.20716299999998
21
-98.3420199999999909
0
LINE
8
F.Silkscreen
6
CONTINUOUS
10
147.20716299999998
20
-98.3420199999999909
11
147.2076559999999859
21
-98.3470259999999996
0
LINE
8
F.Silkscreen
6
CONTINUOUS
10
147.2076559999999859
20
-98.3470259999999996
11
147.5589429999999993
21
-98.1011269999999911
0
LINE
8
F.Silkscreen
6
CONTINUOUS
10
147.5589429999999993
20
-98.1011269999999911
11
147.5593580000000031
21
-98.1008659999999963
0
LINE
8
F.Silkscreen
6
CONTINUOUS
10
147.5593580000000031
20
-98.1008659999999963
11
147.5721709999999973
21
-98.0936559999999957
0
LINE
8
F.Silkscreen
6
CONTINUOUS
10
147.5721709999999973
20
-98.0936559999999957
11
147.5735420000000033
21
-98.0931309999999996
0
LINE
8
F.Silkscreen
6
CONTINUOUS
10
147.5735420000000033
20
-98.0931309999999996
11
147.6021130000000028
21
-98.0868019999999916
0
LINE
8
F.Silkscreen
6
CONTINUOUS
10
147.6021130000000028
20
-98.0868019999999916
11
147.6040629999999965
21
-98.0867599999999982
0
LINE
8
F.Silkscreen
6
CONTINUOUS
10
147.6040629999999965
20
-98.0867599999999982
11
147.6328809999999976
21
-98.0918449999999922
0
LINE
8
F.Silkscreen
6
CONTINUOUS
10
147.6328809999999976
20
-98.0918449999999922
11
147.6346989999999835
21
-98.0925519999999977
0
LINE
8
F.Silkscreen
6
CONTINUOUS
10
147.6346989999999835
20
-98.0925519999999977
11
147.6593770000000063
21
-98.108278999999996
0
LINE
8
F.Silkscreen
6
CONTINUOUS
10
147.6593770000000063
20
-98.108278999999996
11
147.6607860000000016
21
-98.1096289999999982
0
LINE
8
F.Silkscreen
6
CONTINUOUS
10
147.6607860000000016
20
-98.1096289999999982
11
147.6775679999999795
21
-98.1336029999999937
0
LINE
8
F.Silkscreen
6
CONTINUOUS
10
147.6775679999999795
20
-98.1336029999999937
11
147.6783539999999846
21
-98.1353879999999918
0
LINE
8
F.Silkscreen
6
CONTINUOUS
10
147.6783539999999846
20
-98.1353879999999918
11
147.6846840000000043
21
-98.1639589999999913
0
LINE
8
F.Silkscreen
6
CONTINUOUS
10
147.6846840000000043
20
-98.1639589999999913
11
147.6847259999999835
21
-98.1659099999999967
0
LINE
8
F.Silkscreen
6
CONTINUOUS
10
147.6847259999999835
20
-98.1659099999999967
11
147.6796400000000062
21
-98.1947270000000003
0
LINE
8
F.Silkscreen
6
CONTINUOUS
10
147.6796400000000062
20
-98.1947270000000003
11
147.6789330000000007
21
-98.1965450000000004
0
LINE
8
F.Silkscreen
6
CONTINUOUS
10
147.6789330000000007
20
-98.1965450000000004
11
147.6632060000000024
21
-98.2212239999999923
0
LINE
8
F.Silkscreen
6
CONTINUOUS
10
147.6632060000000024
20
-98.2212239999999923
11
147.662243999999987
21
-98.2223319999999944
0
LINE
8
F.Silkscreen
6
CONTINUOUS
10
147.662243999999987
20
-98.2223319999999944
11
147.6510839999999973
21
-98.2319030000000026
0
LINE
8
F.Silkscreen
6
CONTINUOUS
10
147.6510839999999973
20
-98.2319030000000026
11
147.6506959999999822
21
-98.2322039999999959
0
LINE
8
F.Silkscreen
6
CONTINUOUS
10
147.6506959999999822
20
-98.2322039999999959
11
147.2086280000000045
21
-98.54164999999999
0
LINE
8
F.Silkscreen
6
CONTINUOUS
10
147.2086280000000045
20
-98.54164999999999
11
147.2086280000000045
21
-98.6580939999999913
0
LINE
8
F.Silkscreen
6
CONTINUOUS
10
147.2086280000000045
20
-98.6580939999999913
11
147.604818999999992
21
-98.6580939999999913
0
LINE
8
F.Silkscreen
6
CONTINUOUS
10
147.604818999999992
20
-98.6580939999999913
11
147.6053090000000054
21
-98.6581180000000018
0
LINE
8
F.Silkscreen
6
CONTINUOUS
10
147.6053090000000054
20
-98.6581180000000018
11
147.619940999999983
21
-98.6595590000000016
0
LINE
8
F.Silkscreen
6
CONTINUOUS
10
147.619940999999983
20
-98.6595590000000016
11
147.6213639999999998
21
-98.6599159999999955
0
LINE
8
F.Silkscreen
6
CONTINUOUS
10
147.6213639999999998
20
-98.6599159999999955
11
147.648399999999981
21
-98.6711150000000004
0
LINE
8
F.Silkscreen
6
CONTINUOUS
10
147.648399999999981
20
-98.6711150000000004
11
147.6500230000000045
21
-98.6721979999999945
0
LINE
8
F.Silkscreen
6
CONTINUOUS
10
147.6500230000000045
20
-98.6721979999999945
11
147.6707150000000013
21
-98.6928899999999913
0
LINE
8
F.Silkscreen
6
CONTINUOUS
10
147.6707150000000013
20
-98.6928899999999913
11
147.6717979999999955
21
-98.6945130000000006
0
LINE
8
F.Silkscreen
6
CONTINUOUS
10
147.6717979999999955
20
-98.6945130000000006
11
147.6829970000000003
21
-98.721548999999996
0
LINE
8
F.Silkscreen
6
CONTINUOUS
10
147.6829970000000003
20
-98.721548999999996
11
147.6833780000000047
21
-98.7234619999999978
0
LINE
8
F.Silkscreen
6
CONTINUOUS
10
147.6833780000000047
20
-98.7234619999999978
11
147.6833780000000047
21
-98.7527259999999956
0
LINE
8
F.Silkscreen
6
CONTINUOUS
10
147.6833780000000047
20
-98.7527259999999956
11
147.6829970000000003
21
-98.7546389999999974
0
LINE
8
F.Silkscreen
6
CONTINUOUS
10
147.6829970000000003
20
-98.7546389999999974
11
147.6717979999999955
21
-98.7816749999999928
0
LINE
8
F.Silkscreen
6
CONTINUOUS
10
147.6717979999999955
20
-98.7816749999999928
11
147.6707150000000013
21
-98.783298000000002
0
LINE
8
F.Silkscreen
6
CONTINUOUS
10
147.6707150000000013
20
-98.783298000000002
11
147.6500230000000045
21
-98.8039899999999989
0
LINE
8
F.Silkscreen
6
CONTINUOUS
10
147.6500230000000045
20
-98.8039899999999989
11
147.648399999999981
21
-98.805072999999993
0
LINE
8
F.Silkscreen
6
CONTINUOUS
10
147.648399999999981
20
-98.805072999999993
11
147.6213639999999998
21
-98.8162719999999979
0
LINE
8
F.Silkscreen
6
CONTINUOUS
10
147.6213639999999998
20
-98.8162719999999979
11
147.619940999999983
21
-98.8166289999999918
0
LINE
8
F.Silkscreen
6
CONTINUOUS
10
147.619940999999983
20
-98.8166289999999918
11
147.6053090000000054
21
-98.8180699999999916
0
LINE
8
F.Silkscreen
6
CONTINUOUS
10
147.6053090000000054
20
-98.8180699999999916
11
147.604818999999992
21
-98.8180940000000021
0
LINE
8
F.Silkscreen
6
CONTINUOUS
10
147.604818999999992
20
-98.8180940000000021
11
146.604818999999992
21
-98.8180940000000021
0
LINE
8
F.Silkscreen
6
CONTINUOUS
10
146.604818999999992
20
-98.8180940000000021
11
146.604329000000007
21
-98.8180699999999916
0
LINE
8
F.Silkscreen
6
CONTINUOUS
10
146.604329000000007
20
-98.8180699999999916
11
146.589697000000001
21
-98.8166289999999918
0
LINE
8
F.Silkscreen
6
CONTINUOUS
10
146.589697000000001
20
-98.8166289999999918
11
146.5882739999999842
21
-98.8162719999999979
0
LINE
8
F.Silkscreen
6
CONTINUOUS
10
146.5882739999999842
20
-98.8162719999999979
11
146.561238000000003
21
-98.805072999999993
0
LINE
8
F.Silkscreen
6
CONTINUOUS
10
146.561238000000003
20
-98.805072999999993
11
146.5596149999999795
21
-98.8039899999999989
0
LINE
8
F.Silkscreen
6
CONTINUOUS
10
146.5596149999999795
20
-98.8039899999999989
11
146.5389229999999827
21
-98.783298000000002
0
LINE
8
F.Silkscreen
6
CONTINUOUS
10
146.5389229999999827
20
-98.783298000000002
11
146.5378399999999885
21
-98.7816749999999928
0
LINE
8
F.Silkscreen
6
CONTINUOUS
10
146.5378399999999885
20
-98.7816749999999928
11
146.5266409999999837
21
-98.7546389999999974
0
LINE
8
F.Silkscreen
6
CONTINUOUS
10
146.5266409999999837
20
-98.7546389999999974
11
146.526284000000004
21
-98.7532159999999948
0
LINE
8
F.Silkscreen
6
CONTINUOUS
10
146.526284000000004
20
-98.7532159999999948
11
146.5248430000000042
21
-98.7385839999999888
0
LINE
8
F.Silkscreen
6
CONTINUOUS
10
146.5248430000000042
20
-98.7385839999999888
11
146.5248189999999795
21
-98.7380939999999896
0
LINE
8
F.Silkscreen
6
CONTINUOUS
10
146.5248189999999795
20
-98.7380939999999896
11
146.5248189999999795
21
-98.3760269999999934
0
LINE
8
F.Silkscreen
6
CONTINUOUS
10
146.5248189999999795
20
-98.3760269999999934
11
146.6848190000000045
21
-98.3760269999999934
0
LINE
8
F.Silkscreen
6
CONTINUOUS
10
146.6848190000000045
20
-98.3760269999999934
11
146.6848190000000045
21
-98.6580939999999913
0
LINE
8
F.Silkscreen
6
CONTINUOUS
10
146.6848190000000045
20
-98.6580939999999913
11
147.0486279999999795
21
-98.6580939999999913
0
LINE
8
F.Silkscreen
6
CONTINUOUS
10
147.0486279999999795
20
-98.6580939999999913
11
147.0486279999999795
21
-98.3760269999999934
0
LINE
8
F.Silkscreen
6
CONTINUOUS
10
147.0486279999999795
20
-98.3760269999999934
11
147.015262000000007
21
-98.3092949999999917
0
LINE
8
F.Silkscreen
6
CONTINUOUS
10
147.015262000000007
20
-98.3092949999999917
11
146.9859989999999925
21
-98.2800319999999914
0
LINE
8
F.Silkscreen
6
CONTINUOUS
10
146.9859989999999925
20
-98.2800319999999914
11
146.9192669999999907
21
-98.2466659999999905
0
LINE
8
F.Silkscreen
6
CONTINUOUS
10
146.9192669999999907
20
-98.2466659999999905
11
146.8141799999999932
21
-98.2466659999999905
0
LINE
8
F.Silkscreen
6
CONTINUOUS
10
146.8141799999999932
20
-98.2466659999999905
11
146.7474479999999915
21
-98.2800319999999914
0
LINE
8
F.Silkscreen
6
CONTINUOUS
10
146.7474479999999915
20
-98.2800319999999914
11
146.7181850000000054
21
-98.3092949999999917
0
LINE
8
F.Silkscreen
6
CONTINUOUS
10
146.7181850000000054
20
-98.3092949999999917
11
146.6848190000000045
21
-98.3760269999999934
0
LINE
8
F.Silkscreen
6
CONTINUOUS
10
146.6848190000000045
20
-98.3760269999999934
11
146.5248189999999795
21
-98.3760269999999934
0
LINE
8
F.Silkscreen
6
CONTINUOUS
10
146.5248189999999795
20
-98.3760269999999934
11
146.5248189999999795
21
-98.3571419999999961
0
LINE
8
F.Silkscreen
6
CONTINUOUS
10
146.5248189999999795
20
-98.3571419999999961
11
146.5248430000000042
21
-98.3566519999999969
0
LINE
8
F.Silkscreen
6
CONTINUOUS
10
146.5248430000000042
20
-98.3566519999999969
11
146.526284000000004
21
-98.3420199999999909
0
LINE
8
F.Silkscreen
6
CONTINUOUS
10
146.526284000000004
20
-98.3420199999999909
11
146.5266399999999862
21
-98.3405970000000025
0
LINE
8
F.Silkscreen
6
CONTINUOUS
10
146.5266399999999862
20
-98.3405970000000025
11
146.5273609999999849
21
-98.3388539999999978
0
LINE
8
F.Silkscreen
6
CONTINUOUS
10
146.5273609999999849
20
-98.3388539999999978
11
146.5274949999999876
21
-98.336978000000002
0
LINE
8
F.Silkscreen
6
CONTINUOUS
10
146.5274949999999876
20
-98.336978000000002
11
146.5278119999999831
21
-98.3355459999999937
0
LINE
8
F.Silkscreen
6
CONTINUOUS
10
146.5278119999999831
20
-98.3355459999999937
11
146.5330669999999884
21
-98.3218139999999892
0
LINE
8
F.Silkscreen
6
CONTINUOUS
10
146.5330669999999884
20
-98.3218139999999892
11
146.5332650000000001
21
-98.3213650000000001
0
LINE
8
F.Silkscreen
6
CONTINUOUS
10
146.5332650000000001
20
-98.3213650000000001
11
146.5808839999999975
21
-98.2261269999999911
0
LINE
8
F.Silkscreen
6
CONTINUOUS
10
146.5808839999999975
20
-98.2261269999999911
11
146.5811239999999884
21
-98.2256999999999891
0
LINE
8
F.Silkscreen
6
CONTINUOUS
10
146.5811239999999884
20
-98.2256999999999891
11
146.5848639999999818
21
-98.2197539999999947
0
LINE
8
F.Silkscreen
6
CONTINUOUS
10
146.5848639999999818
20
-98.2197539999999947
11
146.5854599999999834
21
-98.2183199999999914
0
LINE
8
F.Silkscreen
6
CONTINUOUS
10
146.5854599999999834
20
-98.2183199999999914
11
146.5862129999999866
21
-98.2170639999999935
0
LINE
8
F.Silkscreen
6
CONTINUOUS
10
146.5862129999999866
20
-98.2170639999999935
11
146.5877020000000073
21
-98.2152480000000025
0
LINE
8
F.Silkscreen
6
CONTINUOUS
10
146.5877020000000073
20
-98.2152480000000025
11
146.5889569999999935
21
-98.2132560000000012
0
LINE
8
F.Silkscreen
6
CONTINUOUS
10
146.5889569999999935
20
-98.2132560000000012
11
146.5899110000000007
21
-98.212143999999995
0
LINE
8
F.Silkscreen
6
CONTINUOUS
10
146.5899110000000007
20
-98.212143999999995
11
146.591087999999985
21
-98.2111219999999889
0
LINE
8
F.Silkscreen
6
CONTINUOUS
10
146.591087999999985
20
-98.2111219999999889
11
146.5955399999999997
21
-98.2056989999999956
0
LINE
8
F.Silkscreen
6
CONTINUOUS
10
146.5955399999999997
20
-98.2056989999999956
11
146.5958689999999933
21
-98.2053349999999909
0
LINE
8
F.Silkscreen
6
CONTINUOUS
10
146.5958689999999933
20
-98.2053349999999909
11
146.6434879999999907
21
-98.1577159999999935
0
LINE
8
F.Silkscreen
6
CONTINUOUS
10
146.6434879999999907
20
-98.1577159999999935
11
146.6438519999999812
21
-98.1573869999999999
0
LINE
8
F.Silkscreen
6
CONTINUOUS
10
146.6438519999999812
20
-98.1573869999999999
11
146.6492749999999887
21
-98.1529349999999994
0
LINE
8
F.Silkscreen
6
CONTINUOUS
10
146.6492749999999887
20
-98.1529349999999994
11
146.6502969999999948
21
-98.1517580000000009
0
LINE
8
F.Silkscreen
6
CONTINUOUS
10
146.6502969999999948
20
-98.1517580000000009
11
146.651409000000001
21
-98.1508039999999937
0
LINE
8
F.Silkscreen
6
CONTINUOUS
10
146.651409000000001
20
-98.1508039999999937
11
146.6534010000000023
21
-98.1495489999999933
0
LINE
8
F.Silkscreen
6
CONTINUOUS
10
146.6534010000000023
20
-98.1495489999999933
11
146.6552169999999933
21
-98.148060000000001
0
LINE
8
F.Silkscreen
6
CONTINUOUS
10
146.6552169999999933
20
-98.148060000000001
11
146.6564730000000054
21
-98.1473069999999979
0
LINE
8
F.Silkscreen
6
CONTINUOUS
10
146.6564730000000054
20
-98.1473069999999979
11
146.6579069999999945
21
-98.1467109999999963
0
LINE
8
F.Silkscreen
6
CONTINUOUS
10
146.6579069999999945
20
-98.1467109999999963
11
146.6638529999999889
21
-98.1429709999999886
0
LINE
8
F.Silkscreen
6
CONTINUOUS
10
146.6638529999999889
20
-98.1429709999999886
11
146.6642799999999909
21
-98.1427309999999977
0
LINE
8
F.Silkscreen
6
CONTINUOUS
10
146.6642799999999909
20
-98.1427309999999977
11
146.7595179999999857
21
-98.0951120000000003
0
LINE
8
F.Silkscreen
6
CONTINUOUS
10
146.7595179999999857
20
-98.0951120000000003
11
146.759966999999989
21
-98.0949139999999886
0
LINE
8
F.Silkscreen
6
CONTINUOUS
10
146.759966999999989
20
-98.0949139999999886
11
146.773697999999996
21
-98.0896589999999975
0
LINE
8
F.Silkscreen
6
CONTINUOUS
10
146.773697999999996
20
-98.0896589999999975
11
146.7751289999999926
21
-98.089342000000002
0
LINE
8
F.Silkscreen
6
CONTINUOUS
10
146.7751289999999926
20
-98.089342000000002
11
146.7770089999999925
21
-98.0892070000000018
0
LINE
8
F.Silkscreen
6
CONTINUOUS
10
146.7770089999999925
20
-98.0892070000000018
11
146.7787509999999997
21
-98.0884870000000006
0
LINE
8
F.Silkscreen
6
CONTINUOUS
10
146.7787509999999997
20
-98.0884870000000006
11
146.7801729999999907
21
-98.08813099999999
0
LINE
8
F.Silkscreen
6
CONTINUOUS
10
146.7801729999999907
20
-98.08813099999999
11
146.7948049999999967
21
-98.0866899999999902
0
LINE
8
F.Silkscreen
6
CONTINUOUS
10
146.7948049999999967
20
-98.0866899999999902
11
146.7952949999999817
21
-98.0866659999999939
0
LINE
8
F.Silkscreen
6
CONTINUOUS
10
146.7952949999999817
20
-98.0866659999999939
11
146.9381520000000023
21
-98.0866659999999939
0
LINE
8
F.Silkscreen
6
CONTINUOUS
10
146.9381520000000023
20
-98.0866659999999939
11
146.9386419999999873
21
-98.0866899999999902
0
LINE
8
F.Silkscreen
6
CONTINUOUS
10
140.32043299999998
20
-97.7499749999999921
11
140.3249999999999886
21
-97.7729360000000014
0
LINE
8
F.Silkscreen
6
CONTINUOUS
10
140.3249999999999886
20
-97.7729360000000014
11
140.3249999999999886
21
-98.2270639999999986
0
LINE
8
F.Silkscreen
6
CONTINUOUS
10
140.3249999999999886
20
-98.2270639999999986
11
140.32043299999998
21
-98.2500249999999937
0
LINE
8
F.Silkscreen
6
CONTINUOUS
10
140.32043299999998
20
-98.2500249999999937
11
140.2879609999999957
21
-98.2824969999999922
0
LINE
8
F.Silkscreen
6
CONTINUOUS
10
140.2879609999999957
20
-98.2824969999999922
11
140.2420390000000054
21
-98.2824969999999922
0
LINE
8
F.Silkscreen
6
CONTINUOUS
10
140.2420390000000054
20
-98.2824969999999922
11
140.2095669999999927
21
-98.2500249999999937
0
LINE
8
F.Silkscreen
6
CONTINUOUS
10
140.2095669999999927
20
-98.2500249999999937
11
140.2049999999999841
21
-98.2270639999999986
0
LINE
8
F.Silkscreen
6
CONTINUOUS
10
140.2049999999999841
20
-98.2270639999999986
11
140.2049999999999841
21
-97.7729360000000014
0
LINE
8
F.Silkscreen
6
CONTINUOUS
10
140.2049999999999841
20
-97.7729360000000014
11
140.2095669999999927
21
-97.7499749999999921
0
LINE
8
F.Silkscreen
6
CONTINUOUS
10
140.2095669999999927
20
-97.7499749999999921
11
140.2420390000000054
21
-97.7175029999999936
0
LINE
8
F.Silkscreen
6
CONTINUOUS
10
140.2420390000000054
20
-97.7175029999999936
11
140.2879609999999957
21
-97.7175029999999936
0
LINE
8
F.Silkscreen
6
CONTINUOUS
10
140.2879609999999957
20
-97.7175029999999936
11
140.32043299999998
21
-97.7499749999999921
0
LINE
8
F.Silkscreen
6
CONTINUOUS
10
141.7904330000000073
20
-97.7499749999999921
11
141.7949999999999875
21
-97.7729360000000014
0
LINE
8
F.Silkscreen
6
CONTINUOUS
10
141.7949999999999875
20
-97.7729360000000014
11
141.7949999999999875
21
-98.2270639999999986
0
LINE
8
F.Silkscreen
6
CONTINUOUS
10
141.7949999999999875
20
-98.2270639999999986
11
141.7904330000000073
21
-98.2500249999999937
0
LINE
8
F.Silkscreen
6
CONTINUOUS
10
141.7904330000000073
20
-98.2500249999999937
11
141.7579609999999946
21
-98.2824969999999922
0
LINE
8
F.Silkscreen
6
CONTINUOUS
10
141.7579609999999946
20
-98.2824969999999922
11
141.7120390000000043
21
-98.2824969999999922
0
LINE
8
F.Silkscreen
6
CONTINUOUS
10
141.7120390000000043
20
-98.2824969999999922
11
141.6795669999999916
21
-98.2500249999999937
0
LINE
8
F.Silkscreen
6
CONTINUOUS
10
141.6795669999999916
20
-98.2500249999999937
11
141.6749999999999829
21
-98.2270639999999986
0
LINE
8
F.Silkscreen
6
CONTINUOUS
10
141.6749999999999829
20
-98.2270639999999986
11
141.6749999999999829
21
-97.7729360000000014
0
LINE
8
F.Silkscreen
6
CONTINUOUS
10
141.6749999999999829
20
-97.7729360000000014
11
141.6795669999999916
21
-97.7499749999999921
0
LINE
8
F.Silkscreen
6
CONTINUOUS
10
141.6795669999999916
20
-97.7499749999999921
11
141.7120390000000043
21
-97.7175029999999936
0
LINE
8
F.Silkscreen
6
CONTINUOUS
10
141.7120390000000043
20
-97.7175029999999936
11
141.7579609999999946
21
-97.7175029999999936
0
LINE
8
F.Silkscreen
6
CONTINUOUS
10
141.7579609999999946
20
-97.7175029999999936
11
141.7904330000000073
21
-97.7499749999999921
0
LINE
8
F.Silkscreen
6
CONTINUOUS
10
144.82043299999998
20
-97.7499749999999921
11
144.8249999999999886
21
-97.7729360000000014
0
LINE
8
F.Silkscreen
6
CONTINUOUS
10
144.8249999999999886
20
-97.7729360000000014
11
144.8249999999999886
21
-98.2270639999999986
0
LINE
8
F.Silkscreen
6
CONTINUOUS
10
144.8249999999999886
20
-98.2270639999999986
11
144.82043299999998
21
-98.2500249999999937
0
LINE
8
F.Silkscreen
6
CONTINUOUS
10
144.82043299999998
20
-98.2500249999999937
11
144.7879609999999957
21
-98.2824969999999922
0
LINE
8
F.Silkscreen
6
CONTINUOUS
10
144.7879609999999957
20
-98.2824969999999922
11
144.7420390000000054
21
-98.2824969999999922
0
LINE
8
F.Silkscreen
6
CONTINUOUS
10
144.7420390000000054
20
-98.2824969999999922
11
144.7095669999999927
21
-98.2500249999999937
0
LINE
8
F.Silkscreen
6
CONTINUOUS
10
144.7095669999999927
20
-98.2500249999999937
11
144.7049999999999841
21
-98.2270639999999986
0
LINE
8
F.Silkscreen
6
CONTINUOUS
10
144.7049999999999841
20
-98.2270639999999986
11
144.7049999999999841
21
-97.7729360000000014
0
LINE
8
F.Silkscreen
6
CONTINUOUS
10
144.7049999999999841
20
-97.7729360000000014
11
144.7095669999999927
21
-97.7499749999999921
0
LINE
8
F.Silkscreen
6
CONTINUOUS
10
144.7095669999999927
20
-97.7499749999999921
11
144.7420390000000054
21
-97.7175029999999936
0
LINE
8
F.Silkscreen
6
CONTINUOUS
10
144.7420390000000054
20
-97.7175029999999936
11
144.7879609999999957
21
-97.7175029999999936
0
LINE
8
F.Silkscreen
6
CONTINUOUS
10
144.7879609999999957
20
-97.7175029999999936
11
144.82043299999998
21
-97.7499749999999921
0
LINE
8
F.Silkscreen
6
CONTINUOUS
10
146.2904330000000073
20
-97.7499749999999921
11
146.2949999999999875
21
-97.7729360000000014
0
LINE
8
F.Silkscreen
6
CONTINUOUS
10
146.2949999999999875
20
-97.7729360000000014
11
146.2949999999999875
21
-98.2270639999999986
0
LINE
8
F.Silkscreen
6
CONTINUOUS
10
146.2949999999999875
20
-98.2270639999999986
11
146.2904330000000073
21
-98.2500249999999937
0
LINE
8
F.Silkscreen
6
CONTINUOUS
10
146.2904330000000073
20
-98.2500249999999937
11
146.2579609999999946
21
-98.2824969999999922
0
LINE
8
F.Silkscreen
6
CONTINUOUS
10
146.2579609999999946
20
-98.2824969999999922
11
146.2120390000000043
21
-98.2824969999999922
0
LINE
8
F.Silkscreen
6
CONTINUOUS
10
146.2120390000000043
20
-98.2824969999999922
11
146.1795669999999916
21
-98.2500249999999937
0
LINE
8
F.Silkscreen
6
CONTINUOUS
10
146.1795669999999916
20
-98.2500249999999937
11
146.1749999999999829
21
-98.2270639999999986
0
LINE
8
F.Silkscreen
6
CONTINUOUS
10
146.1749999999999829
20
-98.2270639999999986
11
146.1749999999999829
21
-97.7729360000000014
0
LINE
8
F.Silkscreen
6
CONTINUOUS
10
146.1749999999999829
20
-97.7729360000000014
11
146.1795669999999916
21
-97.7499749999999921
0
LINE
8
F.Silkscreen
6
CONTINUOUS
10
146.1795669999999916
20
-97.7499749999999921
11
146.2120390000000043
21
-97.7175029999999936
0
LINE
8
F.Silkscreen
6
CONTINUOUS
10
146.2120390000000043
20
-97.7175029999999936
11
146.2579609999999946
21
-97.7175029999999936
0
LINE
8
F.Silkscreen
6
CONTINUOUS
10
146.2579609999999946
20
-97.7175029999999936
11
146.2904330000000073
21
-97.7499749999999921
0
LINE
8
F.Silkscreen
6
CONTINUOUS
10
138.370428000000004
20
-97.5160839999999922
11
138.3981890000000021
21
-97.5253379999999908
0
LINE
8
F.Silkscreen
6
CONTINUOUS
10
138.3981890000000021
20
-97.5253379999999908
11
138.3998839999999859
21
-97.5263039999999961
0
LINE
8
F.Silkscreen
6
CONTINUOUS
10
138.3998839999999859
20
-97.5263039999999961
11
138.4219919999999888
21
-97.5454769999999911
0
LINE
8
F.Silkscreen
6
CONTINUOUS
10
138.4219919999999888
20
-97.5454769999999911
11
138.422947999999991
21
-97.5465909999999923
0
LINE
8
F.Silkscreen
6
CONTINUOUS
10
138.422947999999991
20
-97.5465909999999923
11
138.4307799999999986
21
-97.5590339999999969
0
LINE
8
F.Silkscreen
6
CONTINUOUS
10
138.4307799999999986
20
-97.5590339999999969
11
138.4310199999999895
21
-97.5594609999999989
0
LINE
8
F.Silkscreen
6
CONTINUOUS
10
138.4310199999999895
20
-97.5594609999999989
11
138.4728319999999826
21
-97.6430849999999992
0
LINE
8
F.Silkscreen
6
CONTINUOUS
10
138.4728319999999826
20
-97.6430849999999992
11
138.5532910000000015
21
-97.7235439999999898
0
LINE
8
F.Silkscreen
6
CONTINUOUS
10
138.5532910000000015
20
-97.7235439999999898
11
138.6895570000000077
21
-97.8143879999999939
0
LINE
8
F.Silkscreen
6
CONTINUOUS
10
138.6895570000000077
20
-97.8143879999999939
11
138.6899290000000065
21
-97.8146619999999984
0
LINE
8
F.Silkscreen
6
CONTINUOUS
10
138.6899290000000065
20
-97.8146619999999984
11
138.6899709999999857
21
-97.8146959999999979
0
LINE
8
F.Silkscreen
6
CONTINUOUS
10
138.6899709999999857
20
-97.8146959999999979
11
138.6899290000000065
21
-97.8147459999999995
0
LINE
8
F.Silkscreen
6
CONTINUOUS
10
138.6899290000000065
20
-97.8147459999999995
11
138.6900320000000022
21
-97.8148159999999933
0
LINE
8
F.Silkscreen
6
CONTINUOUS
10
138.6900320000000022
20
-97.8148159999999933
11
138.6900669999999991
21
-97.8147749999999974
0
LINE
8
F.Silkscreen
6
CONTINUOUS
10
138.6900669999999991
20
-97.8147749999999974
11
138.7013259999999946
21
-97.823995999999994
0
LINE
8
F.Silkscreen
6
CONTINUOUS
10
138.7013259999999946
20
-97.823995999999994
11
138.7023130000000037
21
-97.8250819999999948
0
LINE
8
F.Silkscreen
6
CONTINUOUS
10
138.7023130000000037
20
-97.8250819999999948
11
138.706169999999986
21
-97.8308419999999899
0
LINE
8
F.Silkscreen
6
CONTINUOUS
10
138.706169999999986
20
-97.8308419999999899
11
138.7110759999999914
21
-97.8357479999999953
0
LINE
8
F.Silkscreen
6
CONTINUOUS
10
138.7110759999999914
20
-97.8357479999999953
11
138.7121589999999856
21
-97.8373709999999903
0
LINE
8
F.Silkscreen
6
CONTINUOUS
10
138.7121589999999856
20
-97.8373709999999903
11
138.7147809999999879
21
-97.8437019999999933
0
LINE
8
F.Silkscreen
6
CONTINUOUS
10
138.7147809999999879
20
-97.8437019999999933
11
138.7185949999999934
21
-97.8493969999999962
0
LINE
8
F.Silkscreen
6
CONTINUOUS
10
138.7185949999999934
20
-97.8493969999999962
11
138.7193440000000066
21
-97.8511979999999966
0
LINE
8
F.Silkscreen
6
CONTINUOUS
10
138.7193440000000066
20
-97.8511979999999966
11
138.7207039999999836
21
-97.8580010000000016
0
LINE
8
F.Silkscreen
6
CONTINUOUS
10
138.7207039999999836
20
-97.8580010000000016
11
138.7233579999999904
21
-97.8644069999999999
0
LINE
8
F.Silkscreen
6
CONTINUOUS
10
138.7233579999999904
20
-97.8644069999999999
11
138.7237389999999948
21
-97.8663200000000018
0
LINE
8
F.Silkscreen
6
CONTINUOUS
10
138.7237389999999948
20
-97.8663200000000018
11
138.7237389999999948
21
-97.8731719999999967
0
LINE
8
F.Silkscreen
6
CONTINUOUS
10
138.7237389999999948
20
-97.8731719999999967
11
138.7250829999999837
21
-97.8798919999999981
0
LINE
8
F.Silkscreen
6
CONTINUOUS
10
138.7250829999999837
20
-97.8798919999999981
11
138.7250850000000071
21
-97.8818429999999893
0
LINE
8
F.Silkscreen
6
CONTINUOUS
10
138.7250850000000071
20
-97.8818429999999893
11
138.7237389999999948
21
-97.8886459999999943
0
LINE
8
F.Silkscreen
6
CONTINUOUS
10
138.7237389999999948
20
-97.8886459999999943
11
138.7237389999999948
21
-97.8955839999999995
0
LINE
8
F.Silkscreen
6
CONTINUOUS
10
138.7237389999999948
20
-97.8955839999999995
11
138.7233579999999904
21
-97.8974979999999988
0
LINE
8
F.Silkscreen
6
CONTINUOUS
10
138.7233579999999904
20
-97.8974979999999988
11
138.7207349999999906
21
-97.9038269999999926
0
LINE
8
F.Silkscreen
6
CONTINUOUS
10
138.7207349999999906
20
-97.9038269999999926
11
138.7194059999999922
21
-97.9105509999999981
0
LINE
8
F.Silkscreen
6
CONTINUOUS
10
138.7194059999999922
20
-97.9105509999999981
11
138.7186609999999973
21
-97.9123549999999909
0
LINE
8
F.Silkscreen
6
CONTINUOUS
10
138.7186609999999973
20
-97.9123549999999909
11
138.7148129999999924
21
-97.9181239999999917
0
LINE
8
F.Silkscreen
6
CONTINUOUS
10
138.7148129999999924
20
-97.9181239999999917
11
138.712159999999983
21
-97.9245329999999967
0
LINE
8
F.Silkscreen
6
CONTINUOUS
10
138.712159999999983
20
-97.9245329999999967
11
138.7110749999999939
21
-97.9261559999999918
0
LINE
8
F.Silkscreen
6
CONTINUOUS
10
138.7110749999999939
20
-97.9261559999999918
11
138.7062329999999974
21
-97.9309969999999907
0
LINE
8
F.Silkscreen
6
CONTINUOUS
10
138.7062329999999974
20
-97.9309969999999907
11
138.7024299999999926
21
-97.9367029999999943
0
LINE
8
F.Silkscreen
6
CONTINUOUS
10
138.7024299999999926
20
-97.9367029999999943
11
138.7010510000000068
21
-97.9380850000000009
0
LINE
8
F.Silkscreen
6
CONTINUOUS
10
138.7010510000000068
20
-97.9380850000000009
11
138.6952829999999892
21
-97.9419460000000015
0
LINE
8
F.Silkscreen
6
CONTINUOUS
10
138.6952829999999892
20
-97.9419460000000015
11
138.6903839999999946
21
-97.9468469999999911
0
LINE
8
F.Silkscreen
6
CONTINUOUS
10
138.6903839999999946
20
-97.9468469999999911
11
138.6887609999999995
21
-97.9479319999999944
0
LINE
8
F.Silkscreen
6
CONTINUOUS
10
138.6887609999999995
20
-97.9479319999999944
11
138.6824289999999849
21
-97.9505529999999993
0
LINE
8
F.Silkscreen
6
CONTINUOUS
10
138.6824289999999849
20
-97.9505529999999993
11
138.6767370000000028
21
-97.9543669999999906
0
LINE
8
F.Silkscreen
6
CONTINUOUS
10
138.6767370000000028
20
-97.9543669999999906
11
138.6749340000000075
21
-97.9551159999999896
0
LINE
8
F.Silkscreen
6
CONTINUOUS
10
138.6749340000000075
20
-97.9551159999999896
11
138.6681319999999857
21
-97.9564749999999975
0
LINE
8
F.Silkscreen
6
CONTINUOUS
10
138.6681319999999857
20
-97.9564749999999975
11
138.6617259999999874
21
-97.9591300000000018
0
LINE
8
F.Silkscreen
6
CONTINUOUS
10
138.6617259999999874
20
-97.9591300000000018
11
138.6603020000000015
21
-97.9594869999999958
0
LINE
8
F.Silkscreen
6
CONTINUOUS
10
138.6603020000000015
20
-97.9594869999999958
11
138.6458250000000021
21
-97.9609119999999933
0
LINE
8
F.Silkscreen
6
CONTINUOUS
10
138.6458250000000021
20
-97.9609119999999933
11
138.6458179999999913
21
-97.9608419999999995
0
LINE
8
F.Silkscreen
6
CONTINUOUS
10
138.6458179999999913
20
-97.9608419999999995
11
138.64579599999999
21
-97.9608419999999995
0
LINE
8
F.Silkscreen
6
CONTINUOUS
10
138.64579599999999
20
-97.9608419999999995
11
138.6458049999999957
21
-97.9609129999999908
0
LINE
8
F.Silkscreen
6
CONTINUOUS
10
138.6458049999999957
20
-97.9609129999999908
11
138.6457529999999849
21
-97.9609189999999899
0
LINE
8
F.Silkscreen
6
CONTINUOUS
10
138.6457529999999849
20
-97.9609189999999899
11
138.6451799999999821
21
-97.9609519999999918
0
LINE
8
F.Silkscreen
6
CONTINUOUS
10
138.6451799999999821
20
-97.9609519999999918
11
137.7251799999999946
21
-97.9609519999999918
0
LINE
8
F.Silkscreen
6
CONTINUOUS
10
137.7251799999999946
20
-97.9609519999999918
11
137.7251799999999946
21
-98.1666659999999922
0
LINE
8
F.Silkscreen
6
CONTINUOUS
10
137.7251799999999946
20
-98.1666659999999922
11
137.7251559999999984
21
-98.1671559999999914
0
LINE
8
F.Silkscreen
6
CONTINUOUS
10
137.7251559999999984
20
-98.1671559999999914
11
137.7237149999999986
21
-98.1817879999999974
0
LINE
8
F.Silkscreen
6
CONTINUOUS
10
137.7237149999999986
20
-98.1817879999999974
11
137.7233579999999904
21
-98.183211
0
LINE
8
F.Silkscreen
6
CONTINUOUS
10
137.7233579999999904
20
-98.183211
11
137.7121589999999856
21
-98.2102469999999954
0
LINE
8
F.Silkscreen
6
CONTINUOUS
10
137.7121589999999856
20
-98.2102469999999954
11
137.7110759999999914
21
-98.2118699999999905
0
LINE
8
F.Silkscreen
6
CONTINUOUS
10
137.7110759999999914
20
-98.2118699999999905
11
137.6903839999999946
21
-98.2325620000000015
0
LINE
8
F.Silkscreen
6
CONTINUOUS
10
137.6903839999999946
20
-98.2325620000000015
11
137.6887609999999995
21
-98.2336449999999957
0
LINE
8
F.Silkscreen
6
CONTINUOUS
10
137.6887609999999995
20
-98.2336449999999957
11
137.6617249999999899
21
-98.2448440000000005
0
LINE
8
F.Silkscreen
6
CONTINUOUS
10
137.6617249999999899
20
-98.2448440000000005
11
137.6598119999999881
21
-98.2452249999999907
0
LINE
8
F.Silkscreen
6
CONTINUOUS
10
137.6598119999999881
20
-98.2452249999999907
11
137.6305480000000045
21
-98.2452249999999907
0
LINE
8
F.Silkscreen
6
CONTINUOUS
10
137.6305480000000045
20
-98.2452249999999907
11
137.6286350000000027
21
-98.2448440000000005
0
LINE
8
F.Silkscreen
6
CONTINUOUS
10
137.6286350000000027
20
-98.2448440000000005
11
137.6015989999999931
21
-98.2336449999999957
0
LINE
8
F.Silkscreen
6
CONTINUOUS
10
137.6015989999999931
20
-98.2336449999999957
11
137.5999759999999981
21
-98.2325620000000015
0
LINE
8
F.Silkscreen
6
CONTINUOUS
10
137.5999759999999981
20
-98.2325620000000015
11
137.5792840000000012
21
-98.2118699999999905
0
LINE
8
F.Silkscreen
6
CONTINUOUS
10
137.5792840000000012
20
-98.2118699999999905
11
137.5782010000000071
21
-98.2102469999999954
0
LINE
8
F.Silkscreen
6
CONTINUOUS
10
137.5782010000000071
20
-98.2102469999999954
11
137.5670020000000022
21
-98.183211
0
LINE
8
F.Silkscreen
6
CONTINUOUS
10
137.5670020000000022
20
-98.183211
11
137.5666449999999941
21
-98.1817879999999974
0
LINE
8
F.Silkscreen
6
CONTINUOUS
10
137.5666449999999941
20
-98.1817879999999974
11
137.5652039999999943
21
-98.1671559999999914
0
LINE
8
F.Silkscreen
6
CONTINUOUS
10
137.5652039999999943
20
-98.1671559999999914
11
137.565179999999998
21
-98.1666659999999922
0
LINE
8
F.Silkscreen
6
CONTINUOUS
10
137.565179999999998
20
-98.1666659999999922
11
137.565179999999998
21
-97.5952379999999948
0
LINE
8
F.Silkscreen
6
CONTINUOUS
10
137.565179999999998
20
-97.5952379999999948
11
137.5652039999999943
21
-97.5947479999999956
0
LINE
8
F.Silkscreen
6
CONTINUOUS
10
137.5652039999999943
20
-97.5947479999999956
11
137.5666449999999941
21
-97.5801159999999896
0
LINE
8
F.Silkscreen
6
CONTINUOUS
10
137.5666449999999941
20
-97.5801159999999896
11
137.5670020000000022
21
-97.5786930000000012
0
LINE
8
F.Silkscreen
6
CONTINUOUS
10
137.5670020000000022
20
-97.5786930000000012
11
137.5782010000000071
21
-97.5516569999999916
0
LINE
8
F.Silkscreen
6
CONTINUOUS
10
137.5782010000000071
20
-97.5516569999999916
11
137.5792840000000012
21
-97.5500339999999966
0
LINE
8
F.Silkscreen
6
CONTINUOUS
10
137.5792840000000012
20
-97.5500339999999966
11
137.5999759999999981
21
-97.5293419999999998
0
LINE
8
F.Silkscreen
6
CONTINUOUS
10
137.5999759999999981
20
-97.5293419999999998
11
137.6015989999999931
21
-97.5282589999999914
0
LINE
8
F.Silkscreen
6
CONTINUOUS
10
137.6015989999999931
20
-97.5282589999999914
11
137.6286350000000027
21
-97.5170600000000007
0
LINE
8
F.Silkscreen
6
CONTINUOUS
10
137.6286350000000027
20
-97.5170600000000007
11
137.6305480000000045
21
-97.5166789999999963
0
LINE
8
F.Silkscreen
6
CONTINUOUS
10
137.6305480000000045
20
-97.5166789999999963
11
137.6598119999999881
21
-97.5166789999999963
0
LINE
8
F.Silkscreen
6
CONTINUOUS
10
137.6598119999999881
20
-97.5166789999999963
11
137.6617249999999899
21
-97.5170600000000007
0
LINE
8
F.Silkscreen
6
CONTINUOUS
10
137.6617249999999899
20
-97.5170600000000007
11
137.6887609999999995
21
-97.5282589999999914
0
LINE
8
F.Silkscreen
6
CONTINUOUS
10
137.6887609999999995
20
-97.5282589999999914
11
137.6903839999999946
21
-97.5293419999999998
0
LINE
8
F.Silkscreen
6
CONTINUOUS
10
137.6903839999999946
20
-97.5293419999999998
11
137.7110759999999914
21
-97.5500339999999966
0
LINE
8
F.Silkscreen
6
CONTINUOUS
10
137.7110759999999914
20
-97.5500339999999966
11
137.7121589999999856
21
-97.5516569999999916
0
LINE
8
F.Silkscreen
6
CONTINUOUS
10
137.7121589999999856
20
-97.5516569999999916
11
137.7233579999999904
21
-97.5786930000000012
0
LINE
8
F.Silkscreen
6
CONTINUOUS
10
137.7233579999999904
20
-97.5786930000000012
11
137.7237149999999986
21
-97.5801159999999896
0
LINE
8
F.Silkscreen
6
CONTINUOUS
10
137.7237149999999986
20
-97.5801159999999896
11
137.7251559999999984
21
-97.5947479999999956
0
LINE
8
F.Silkscreen
6
CONTINUOUS
10
137.7251559999999984
20
-97.5947479999999956
11
137.7251799999999946
21
-97.5952379999999948
0
LINE
8
F.Silkscreen
6
CONTINUOUS
10
137.7251799999999946
20
-97.5952379999999948
11
137.7251799999999946
21
-97.8009519999999952
0
LINE
8
F.Silkscreen
6
CONTINUOUS
10
137.7251799999999946
20
-97.8009519999999952
11
138.40442299999998
21
-97.8009519999999952
0
LINE
8
F.Silkscreen
6
CONTINUOUS
10
138.40442299999998
20
-97.8009519999999952
11
138.3505159999999989
21
-97.747045
0
LINE
8
F.Silkscreen
6
CONTINUOUS
10
138.3505159999999989
20
-97.747045
11
138.3501870000000054
21
-97.7466809999999953
0
LINE
8
F.Silkscreen
6
CONTINUOUS
10
138.3501870000000054
20
-97.7466809999999953
11
138.3457389999999805
21
-97.7412609999999944
0
LINE
8
F.Silkscreen
6
CONTINUOUS
10
138.3457389999999805
20
-97.7412609999999944
11
138.3445590000000038
21
-97.7402379999999908
0
LINE
8
F.Silkscreen
6
CONTINUOUS
10
138.3445590000000038
20
-97.7402379999999908
11
138.3436030000000017
21
-97.7391229999999922
0
LINE
8
F.Silkscreen
6
CONTINUOUS
10
138.3436030000000017
20
-97.7391229999999922
11
138.3423469999999895
21
-97.737127000000001
0
LINE
8
F.Silkscreen
6
CONTINUOUS
10
138.3423469999999895
20
-97.737127000000001
11
138.3408609999999896
21
-97.7353169999999949
0
LINE
8
F.Silkscreen
6
CONTINUOUS
10
138.3408609999999896
20
-97.7353169999999949
11
138.3401059999999916
21
-97.734059000000002
0
LINE
8
F.Silkscreen
6
CONTINUOUS
10
138.3401059999999916
20
-97.734059000000002
11
138.3395089999999925
21
-97.7326209999999946
0
LINE
8
F.Silkscreen
6
CONTINUOUS
10
138.3395089999999925
20
-97.7326209999999946
11
138.335770999999994
21
-97.7266800000000018
0
LINE
8
F.Silkscreen
6
CONTINUOUS
10
138.335770999999994
20
-97.7266800000000018
11
138.3355310000000031
21
-97.7262529999999998
0
LINE
8
F.Silkscreen
6
CONTINUOUS
10
138.3355310000000031
20
-97.7262529999999998
11
138.2879120000000057
21
-97.6310149999999908
0
LINE
8
F.Silkscreen
6
CONTINUOUS
10
138.2879120000000057
20
-97.6310149999999908
11
138.287713999999994
21
-97.6305660000000017
0
LINE
8
F.Silkscreen
6
CONTINUOUS
10
138.287713999999994
20
-97.6305660000000017
11
138.2824589999999887
21
-97.6168339999999972
0
LINE
8
F.Silkscreen
6
CONTINUOUS
10
138.2824589999999887
20
-97.6168339999999972
11
138.2821419999999932
21
-97.6154009999999914
0
LINE
8
F.Silkscreen
6
CONTINUOUS
10
138.2821419999999932
20
-97.6154009999999914
11
138.280068
21
-97.5862109999999916
0
LINE
8
F.Silkscreen
6
CONTINUOUS
10
138.280068
20
-97.5862109999999916
11
138.2803119999999808
21
-97.5842760000000027
0
LINE
8
F.Silkscreen
6
CONTINUOUS
10
138.2803119999999808
20
-97.5842760000000027
11
138.2895660000000078
21
-97.5565149999999903
0
LINE
8
F.Silkscreen
6
CONTINUOUS
10
138.2895660000000078
20
-97.5565149999999903
11
138.2905319999999847
21
-97.5548199999999923
0
LINE
8
F.Silkscreen
6
CONTINUOUS
10
138.2905319999999847
20
-97.5548199999999923
11
138.3097049999999797
21
-97.5327119999999894
0
LINE
8
F.Silkscreen
6
CONTINUOUS
10
138.3097049999999797
20
-97.5327119999999894
11
138.3112459999999828
21
-97.5315159999999963
0
LINE
8
F.Silkscreen
6
CONTINUOUS
10
138.3112459999999828
20
-97.5315159999999963
11
138.3374210000000062
21
-97.5184289999999976
0
LINE
8
F.Silkscreen
6
CONTINUOUS
10
138.3374210000000062
20
-97.5184289999999976
11
138.339303000000001
21
-97.5179139999999904
0
LINE
8
F.Silkscreen
6
CONTINUOUS
10
138.339303000000001
20
-97.5179139999999904
11
138.3684930000000008
21
-97.5158399999999972
0
LINE
8
F.Silkscreen
6
CONTINUOUS
10
138.3684930000000008
20
-97.5158399999999972
11
138.370428000000004
21
-97.5160839999999922
0
LINE
8
F.Silkscreen
6
CONTINUOUS
10
146.8910229999999899
20
-97.1343090000000018
11
146.8980090000000018
21
-97.134996000000001
0
LINE
8
F.Silkscreen
6
CONTINUOUS
10
146.8980090000000018
20
-97.134996000000001
11
146.8995589999999822
21
-97.134886999999992
0
LINE
8
F.Silkscreen
6
CONTINUOUS
10
146.8995589999999822
20
-97.134886999999992
11
146.9010209999999859
21
-97.134997999999996
0
LINE
8
F.Silkscreen
6
CONTINUOUS
10
146.9010209999999859
20
-97.134997999999996
11
146.9033129999999971
21
-97.1355179999999905
0
LINE
8
F.Silkscreen
6
CONTINUOUS
10
146.9033129999999971
20
-97.1355179999999905
11
146.9056559999999934
21
-97.1357500000000016
0
LINE
8
F.Silkscreen
6
CONTINUOUS
10
146.9056559999999934
20
-97.1357500000000016
11
146.9070779999999843
21
-97.1361059999999981
0
LINE
8
F.Silkscreen
6
CONTINUOUS
10
146.9070779999999843
20
-97.1361059999999981
11
146.9085220000000049
21
-97.1367029999999971
0
LINE
8
F.Silkscreen
6
CONTINUOUS
10
146.9085220000000049
20
-97.1367029999999971
11
146.9153589999999951
21
-97.1382589999999908
0
LINE
8
F.Silkscreen
6
CONTINUOUS
10
146.9153589999999951
20
-97.1382589999999908
11
146.9158309999999972
21
-97.1383909999999986
0
LINE
8
F.Silkscreen
6
CONTINUOUS
10
146.9158309999999972
20
-97.1383909999999986
11
147.0586879999999894
21
-97.186009999999996
0
LINE
8
F.Silkscreen
6
CONTINUOUS
10
147.0586879999999894
20
-97.186009999999996
11
147.0591450000000009
21
-97.1861869999999897
0
LINE
8
F.Silkscreen
6
CONTINUOUS
10
147.0591450000000009
20
-97.1861869999999897
11
147.0725699999999847
21
-97.1921809999999908
0
LINE
8
F.Silkscreen
6
CONTINUOUS
10
147.0725699999999847
20
-97.1921809999999908
11
147.0738079999999854
21
-97.1929700000000025
0
LINE
8
F.Silkscreen
6
CONTINUOUS
10
147.0738079999999854
20
-97.1929700000000025
11
147.0752290000000073
21
-97.1942030000000017
0
LINE
8
F.Silkscreen
6
CONTINUOUS
10
147.0752290000000073
20
-97.1942030000000017
11
147.0769719999999836
21
-97.1949249999999978
0
LINE
8
F.Silkscreen
6
CONTINUOUS
10
147.0769719999999836
20
-97.1949249999999978
11
147.0782299999999907
21
-97.1956789999999984
0
LINE
8
F.Silkscreen
6
CONTINUOUS
10
147.0782299999999907
20
-97.1956789999999984
11
147.0895950000000028
21
-97.2050059999999974
0
LINE
8
F.Silkscreen
6
CONTINUOUS
10
147.0895950000000028
20
-97.2050059999999974
11
147.0899589999999932
21
-97.2053349999999909
0
LINE
8
F.Silkscreen
6
CONTINUOUS
10
147.0899589999999932
20
-97.2053349999999909
11
147.5248189999999795
21
-97.6401939999999939
0
LINE
8
F.Silkscreen
6
CONTINUOUS
10
147.5248189999999795
20
-97.6401939999999939
11
147.5248189999999795
21
-97.2142849999999896
0
LINE
8
F.Silkscreen
6
CONTINUOUS
10
147.5248189999999795
20
-97.2142849999999896
11
147.5248430000000042
21
-97.2137949999999904
0
LINE
8
F.Silkscreen
6
CONTINUOUS
10
147.5248430000000042
20
-97.2137949999999904
11
147.526284000000004
21
-97.1991629999999986
0
LINE
8
F.Silkscreen
6
CONTINUOUS
10
147.526284000000004
20
-97.1991629999999986
11
147.5266409999999837
21
-97.197739999999996
0
LINE
8
F.Silkscreen
6
CONTINUOUS
10
147.5266409999999837
20
-97.197739999999996
11
147.5378399999999885
21
-97.1707040000000006
0
LINE
8
F.Silkscreen
6
CONTINUOUS
10
147.5378399999999885
20
-97.1707040000000006
11
147.5389229999999827
21
-97.1690809999999914
0
LINE
8
F.Silkscreen
6
CONTINUOUS
10
147.5389229999999827
20
-97.1690809999999914
11
147.5596149999999795
21
-97.1483889999999946
0
LINE
8
F.Silkscreen
6
CONTINUOUS
10
147.5596149999999795
20
-97.1483889999999946
11
147.561238000000003
21
-97.1473060000000004
0
LINE
8
F.Silkscreen
6
CONTINUOUS
10
147.561238000000003
20
-97.1473060000000004
11
147.5882739999999842
21
-97.1361069999999955
0
LINE
8
F.Silkscreen
6
CONTINUOUS
10
147.5882739999999842
20
-97.1361069999999955
11
147.590186999999986
21
-97.1357259999999911
0
LINE
8
F.Silkscreen
6
CONTINUOUS
10
147.590186999999986
20
-97.1357259999999911
11
147.619450999999998
21
-97.1357259999999911
0
LINE
8
F.Silkscreen
6
CONTINUOUS
10
147.619450999999998
20
-97.1357259999999911
11
147.6213639999999998
21
-97.1361069999999955
0
LINE
8
F.Silkscreen
6
CONTINUOUS
10
147.6213639999999998
20
-97.1361069999999955
11
147.648399999999981
21
-97.1473060000000004
0
LINE
8
F.Silkscreen
6
CONTINUOUS
10
147.648399999999981
20
-97.1473060000000004
11
147.6500230000000045
21
-97.1483889999999946
0
LINE
8
F.Silkscreen
6
CONTINUOUS
10
147.6500230000000045
20
-97.1483889999999946
11
147.6707150000000013
21
-97.1690809999999914
0
LINE
8
F.Silkscreen
6
CONTINUOUS
10
147.6707150000000013
20
-97.1690809999999914
11
147.6717979999999955
21
-97.1707040000000006
0
LINE
8
F.Silkscreen
6
CONTINUOUS
10
147.6717979999999955
20
-97.1707040000000006
11
147.6829970000000003
21
-97.197739999999996
0
LINE
8
F.Silkscreen
6
CONTINUOUS
10
147.6829970000000003
20
-97.197739999999996
11
147.68335399999998
21
-97.1991629999999986
0
LINE
8
F.Silkscreen
6
CONTINUOUS
10
147.68335399999998
20
-97.1991629999999986
11
147.6847949999999798
21
-97.2137949999999904
0
LINE
8
F.Silkscreen
6
CONTINUOUS
10
147.6847949999999798
20
-97.2137949999999904
11
147.6848190000000045
21
-97.2142849999999896
0
LINE
8
F.Silkscreen
6
CONTINUOUS
10
147.6848190000000045
20
-97.2142849999999896
11
147.6848190000000045
21
-97.8333319999999986
0
LINE
8
F.Silkscreen
6
CONTINUOUS
10
147.6848190000000045
20
-97.8333319999999986
11
147.6847949999999798
21
-97.8338219999999978
0
LINE
8
F.Silkscreen
6
CONTINUOUS
10
147.6847949999999798
20
-97.8338219999999978
11
147.68335399999998
21
-97.8484539999999896
0
LINE
8
F.Silkscreen
6
CONTINUOUS
10
147.68335399999998
20
-97.8484539999999896
11
147.6829970000000003
21
-97.8498779999999897
0
LINE
8
F.Silkscreen
6
CONTINUOUS
10
147.6829970000000003
20
-97.8498779999999897
11
147.6797169999999824
21
-97.8577959999999933
0
LINE
8
F.Silkscreen
6
CONTINUOUS
10
147.6797169999999824
20
-97.8577959999999933
11
147.6717989999999929
21
-97.8769130000000018
0
LINE
8
F.Silkscreen
6
CONTINUOUS
10
147.6717989999999929
20
-97.8769130000000018
11
147.6707150000000013
21
-97.8785359999999969
0
LINE
8
F.Silkscreen
6
CONTINUOUS
10
147.6707150000000013
20
-97.8785359999999969
11
147.650022000000007
21
-97.8992279999999937
0
LINE
8
F.Silkscreen
6
CONTINUOUS
10
147.650022000000007
20
-97.8992279999999937
11
147.648399999999981
21
-97.9003110000000021
0
LINE
8
F.Silkscreen
6
CONTINUOUS
10
147.648399999999981
20
-97.9003110000000021
11
147.6213639999999998
21
-97.9115099999999927
0
LINE
8
F.Silkscreen
6
CONTINUOUS
10
147.6213639999999998
20
-97.9115099999999927
11
147.619450999999998
21
-97.9118909999999971
0
LINE
8
F.Silkscreen
6
CONTINUOUS
10
147.619450999999998
20
-97.9118909999999971
11
147.590186999999986
21
-97.9118909999999971
0
LINE
8
F.Silkscreen
6
CONTINUOUS
10
147.590186999999986
20
-97.9118909999999971
11
147.5882739999999842
21
-97.9115099999999927
0
LINE
8
F.Silkscreen
6
CONTINUOUS
10
147.5882739999999842
20
-97.9115099999999927
11
147.5803549999999973
21
-97.908229999999989
0
LINE
8
F.Silkscreen
6
CONTINUOUS
10
147.5803549999999973
20
-97.908229999999989
11
147.561238000000003
21
-97.9003119999999996
0
LINE
8
F.Silkscreen
6
CONTINUOUS
10
147.561238000000003
20
-97.9003119999999996
11
147.5599789999999985
21
-97.899557999999999
0
LINE
8
F.Silkscreen
6
CONTINUOUS
10
147.5599789999999985
20
-97.899557999999999
11
147.5486139999999864
21
-97.8902300000000025
0
LINE
8
F.Silkscreen
6
CONTINUOUS
10
147.5486139999999864
20
-97.8902300000000025
11
147.5482499999999959
21
-97.8899009999999947
0
LINE
8
F.Silkscreen
6
CONTINUOUS
10
147.5482499999999959
20
-97.8899009999999947
11
146.9901729999999986
21
-97.3318249999999949
0
LINE
8
F.Silkscreen
6
CONTINUOUS
10
146.9901729999999986
20
-97.3318249999999949
11
146.877553000000006
21
-97.2942850000000021
0
LINE
8
F.Silkscreen
6
CONTINUOUS
10
146.877553000000006
20
-97.2942850000000021
11
146.8141799999999932
21
-97.2942850000000021
0
LINE
8
F.Silkscreen
6
CONTINUOUS
10
146.8141799999999932
20
-97.2942850000000021
11
146.7474479999999915
21
-97.3276509999999888
0
LINE
8
F.Silkscreen
6
CONTINUOUS
10
146.7474479999999915
20
-97.3276509999999888
11
146.7181850000000054
21
-97.3569139999999891
0
LINE
8
F.Silkscreen
6
CONTINUOUS
10
146.7181850000000054
20
-97.3569139999999891
11
146.6848190000000045
21
-97.4236459999999909
0
LINE
8
F.Silkscreen
6
CONTINUOUS
10
146.6848190000000045
20
-97.4236459999999909
11
146.6848190000000045
21
-97.6239709999999974
0
LINE
8
F.Silkscreen
6
CONTINUOUS
10
146.6848190000000045
20
-97.6239709999999974
11
146.7181850000000054
21
-97.6907029999999992
0
LINE
8
F.Silkscreen
6
CONTINUOUS
10
146.7181850000000054
20
-97.6907029999999992
11
146.7566259999999829
21
-97.7291439999999909
0
LINE
8
F.Silkscreen
6
CONTINUOUS
10
146.7566259999999829
20
-97.7291439999999909
11
146.7569550000000049
21
-97.7295079999999956
0
LINE
8
F.Silkscreen
6
CONTINUOUS
10
146.7569550000000049
20
-97.7295079999999956
11
146.7662819999999897
21
-97.7408729999999935
0
LINE
8
F.Silkscreen
6
CONTINUOUS
10
146.7662819999999897
20
-97.7408729999999935
11
146.7670359999999903
21
-97.742131999999998
0
LINE
8
F.Silkscreen
6
CONTINUOUS
10
146.7670359999999903
20
-97.742131999999998
11
146.7782349999999951
21
-97.7691679999999934
0
LINE
8
F.Silkscreen
6
CONTINUOUS
10
146.7782349999999951
20
-97.7691679999999934
11
146.7786159999999995
21
-97.7710809999999952
0
LINE
8
F.Silkscreen
6
CONTINUOUS
10
146.7786159999999995
20
-97.7710809999999952
11
146.7786159999999995
21
-97.8003439999999955
0
LINE
8
F.Silkscreen
6
CONTINUOUS
10
146.7786159999999995
20
-97.8003439999999955
11
146.7782349999999951
21
-97.8022569999999973
0
LINE
8
F.Silkscreen
6
CONTINUOUS
10
146.7782349999999951
20
-97.8022569999999973
11
146.7670359999999903
21
-97.8292929999999927
0
LINE
8
F.Silkscreen
6
CONTINUOUS
10
146.7670359999999903
20
-97.8292929999999927
11
146.7659529999999961
21
-97.830916000000002
0
LINE
8
F.Silkscreen
6
CONTINUOUS
10
146.7659529999999961
20
-97.830916000000002
11
146.7452600000000018
21
-97.8516089999999963
0
LINE
8
F.Silkscreen
6
CONTINUOUS
10
146.7452600000000018
20
-97.8516089999999963
11
146.7436370000000068
21
-97.8526919999999905
0
LINE
8
F.Silkscreen
6
CONTINUOUS
10
146.7436370000000068
20
-97.8526919999999905
11
146.7166009999999972
21
-97.8638909999999953
0
LINE
8
F.Silkscreen
6
CONTINUOUS
10
146.7166009999999972
20
-97.8638909999999953
11
146.7146879999999953
21
-97.8642719999999997
0
LINE
8
F.Silkscreen
6
CONTINUOUS
10
146.7146879999999953
20
-97.8642719999999997
11
146.6854249999999809
21
-97.8642719999999997
0
LINE
8
F.Silkscreen
6
CONTINUOUS
10
146.6854249999999809
20
-97.8642719999999997
11
146.6835120000000074
21
-97.8638909999999953
0
LINE
8
F.Silkscreen
6
CONTINUOUS
10
146.6835120000000074
20
-97.8638909999999953
11
146.6564759999999978
21
-97.8526919999999905
0
LINE
8
F.Silkscreen
6
CONTINUOUS
10
146.6564759999999978
20
-97.8526919999999905
11
146.6552169999999933
21
-97.8519379999999899
0
LINE
8
F.Silkscreen
6
CONTINUOUS
10
146.6552169999999933
20
-97.8519379999999899
11
146.6438519999999812
21
-97.8426109999999909
0
LINE
8
F.Silkscreen
6
CONTINUOUS
10
146.6438519999999812
20
-97.8426109999999909
11
146.6434879999999907
21
-97.8422819999999973
0
LINE
8
F.Silkscreen
6
CONTINUOUS
10
146.6434879999999907
20
-97.8422819999999973
11
146.5958689999999933
21
-97.7946629999999999
0
LINE
8
F.Silkscreen
6
CONTINUOUS
10
146.5958689999999933
20
-97.7946629999999999
11
146.5955399999999997
21
-97.7942989999999952
0
LINE
8
F.Silkscreen
6
CONTINUOUS
10
146.5955399999999997
20
-97.7942989999999952
11
146.5910920000000033
21
-97.7888789999999943
0
LINE
8
F.Silkscreen
6
CONTINUOUS
10
146.5910920000000033
20
-97.7888789999999943
11
146.5899119999999982
21
-97.7878559999999908
0
LINE
8
F.Silkscreen
6
CONTINUOUS
10
146.5899119999999982
20
-97.7878559999999908
11
146.588955999999996
21
-97.7867409999999921
0
LINE
8
F.Silkscreen
6
CONTINUOUS
10
146.588955999999996
20
-97.7867409999999921
11
146.5876999999999839
21
-97.7847450000000009
0
LINE
8
F.Silkscreen
6
CONTINUOUS
10
146.5876999999999839
20
-97.7847450000000009
11
146.586213999999984
21
-97.7829349999999948
0
LINE
8
F.Silkscreen
6
CONTINUOUS
10
146.586213999999984
20
-97.7829349999999948
11
146.585458999999986
21
-97.781677000000002
0
LINE
8
F.Silkscreen
6
CONTINUOUS
10
146.585458999999986
20
-97.781677000000002
11
146.5848619999999869
21
-97.7802389999999946
0
LINE
8
F.Silkscreen
6
CONTINUOUS
10
146.5848619999999869
20
-97.7802389999999946
11
146.5811239999999884
21
-97.7742980000000017
0
LINE
8
F.Silkscreen
6
CONTINUOUS
10
146.5811239999999884
20
-97.7742980000000017
11
146.5808839999999975
21
-97.7738709999999998
0
LINE
8
F.Silkscreen
6
CONTINUOUS
10
146.5808839999999975
20
-97.7738709999999998
11
146.5332650000000001
21
-97.6786329999999907
0
LINE
8
F.Silkscreen
6
CONTINUOUS
10
146.5332650000000001
20
-97.6786329999999907
11
146.5330669999999884
21
-97.6781840000000017
0
LINE
8
F.Silkscreen
6
CONTINUOUS
10
146.5330669999999884
20
-97.6781840000000017
11
146.5278119999999831
21
-97.6644519999999972
0
LINE
8
F.Silkscreen
6
CONTINUOUS
10
146.5278119999999831
20
-97.6644519999999972
11
146.5274949999999876
21
-97.6630189999999914
0
LINE
8
F.Silkscreen
6
CONTINUOUS
10
146.5274949999999876
20
-97.6630189999999914
11
146.5273609999999849
21
-97.661139999999989
0
LINE
8
F.Silkscreen
6
CONTINUOUS
10
146.5273609999999849
20
-97.661139999999989
11
146.5266409999999837
21
-97.6594010000000026
0
LINE
8
F.Silkscreen
6
CONTINUOUS
10
146.5266409999999837
20
-97.6594010000000026
11
146.526284000000004
21
-97.657978
0
LINE
8
F.Silkscreen
6
CONTINUOUS
10
146.526284000000004
20
-97.657978
11
146.5248430000000042
21
-97.643345999999994
0
LINE
8
F.Silkscreen
6
CONTINUOUS
10
146.5248430000000042
20
-97.643345999999994
11
146.5248189999999795
21
-97.6428559999999948
0
LINE
8
F.Silkscreen
6
CONTINUOUS
10
146.5248189999999795
20
-97.6428559999999948
11
146.5248189999999795
21
-97.4047609999999935
0
LINE
8
F.Silkscreen
6
CONTINUOUS
10
146.5248189999999795
20
-97.4047609999999935
11
146.5248430000000042
21
-97.4042709999999943
0
LINE
8
F.Silkscreen
6
CONTINUOUS
10
146.5248430000000042
20
-97.4042709999999943
11
146.526284000000004
21
-97.3896390000000025
0
LINE
8
F.Silkscreen
6
CONTINUOUS
10
146.526284000000004
20
-97.3896390000000025
11
146.5266399999999862
21
-97.3882159999999999
0
LINE
8
F.Silkscreen
6
CONTINUOUS
10
146.5266399999999862
20
-97.3882159999999999
11
146.5273609999999849
21
-97.3864729999999952
0
LINE
8
F.Silkscreen
6
CONTINUOUS
10
146.5273609999999849
20
-97.3864729999999952
11
146.5274949999999876
21
-97.3845969999999994
0
LINE
8
F.Silkscreen
6
CONTINUOUS
10
146.5274949999999876
20
-97.3845969999999994
11
146.5278119999999831
21
-97.3831649999999911
0
LINE
8
F.Silkscreen
6
CONTINUOUS
10
146.5278119999999831
20
-97.3831649999999911
11
146.5330669999999884
21
-97.3694330000000008
0
LINE
8
F.Silkscreen
6
CONTINUOUS
10
146.5330669999999884
20
-97.3694330000000008
11
146.5332650000000001
21
-97.3689839999999975
0
LINE
8
F.Silkscreen
6
CONTINUOUS
10
146.5332650000000001
20
-97.3689839999999975
11
146.5808839999999975
21
-97.2737459999999885
0
LINE
8
F.Silkscreen
6
CONTINUOUS
10
146.5808839999999975
20
-97.2737459999999885
11
146.5811239999999884
21
-97.2733190000000008
0
LINE
8
F.Silkscreen
6
CONTINUOUS
10
146.5811239999999884
20
-97.2733190000000008
11
146.5848639999999818
21
-97.2673729999999921
0
LINE
8
F.Silkscreen
6
CONTINUOUS
10
146.5848639999999818
20
-97.2673729999999921
11
146.5854599999999834
21
-97.2659389999999888
0
LINE
8
F.Silkscreen
6
CONTINUOUS
10
146.5854599999999834
20
-97.2659389999999888
11
146.5862129999999866
21
-97.2646829999999909
0
LINE
8
F.Silkscreen
6
CONTINUOUS
10
146.5862129999999866
20
-97.2646829999999909
11
146.5877020000000073
21
-97.262867
0
LINE
8
F.Silkscreen
6
CONTINUOUS
10
146.5877020000000073
20
-97.262867
11
146.5889569999999935
21
-97.2608749999999986
0
LINE
8
F.Silkscreen
6
CONTINUOUS
10
146.5889569999999935
20
-97.2608749999999986
11
146.5899110000000007
21
-97.2597629999999924
0
LINE
8
F.Silkscreen
6
CONTINUOUS
10
146.5899110000000007
20
-97.2597629999999924
11
146.591087999999985
21
-97.2587410000000006
0
LINE
8
F.Silkscreen
6
CONTINUOUS
10
146.591087999999985
20
-97.2587410000000006
11
146.5955399999999997
21
-97.253317999999993
0
LINE
8
F.Silkscreen
6
CONTINUOUS
10
146.5955399999999997
20
-97.253317999999993
11
146.5958689999999933
21
-97.2529540000000026
0
LINE
8
F.Silkscreen
6
CONTINUOUS
10
146.5958689999999933
20
-97.2529540000000026
11
146.6434879999999907
21
-97.2053349999999909
0
LINE
8
F.Silkscreen
6
CONTINUOUS
10
146.6434879999999907
20
-97.2053349999999909
11
146.6438519999999812
21
-97.2050059999999974
0
LINE
8
F.Silkscreen
6
CONTINUOUS
10
146.6438519999999812
20
-97.2050059999999974
11
146.6492749999999887
21
-97.2005539999999968
0
LINE
8
F.Silkscreen
6
CONTINUOUS
10
146.6492749999999887
20
-97.2005539999999968
11
146.6502969999999948
21
-97.1993769999999984
0
LINE
8
F.Silkscreen
6
CONTINUOUS
10
146.6502969999999948
20
-97.1993769999999984
11
146.651409000000001
21
-97.1984229999999911
0
LINE
8
F.Silkscreen
6
CONTINUOUS
10
146.651409000000001
20
-97.1984229999999911
11
146.6534010000000023
21
-97.1971679999999907
0
LINE
8
F.Silkscreen
6
CONTINUOUS
10
146.6534010000000023
20
-97.1971679999999907
11
146.6552169999999933
21
-97.1956789999999984
0
LINE
8
F.Silkscreen
6
CONTINUOUS
10
146.6552169999999933
20
-97.1956789999999984
11
146.6564730000000054
21
-97.1949259999999953
0
LINE
8
F.Silkscreen
6
CONTINUOUS
10
146.6564730000000054
20
-97.1949259999999953
11
146.6579069999999945
21
-97.1943299999999937
0
LINE
8
F.Silkscreen
6
CONTINUOUS
10
146.6579069999999945
20
-97.1943299999999937
11
146.6638529999999889
21
-97.1905900000000003
0
LINE
8
F.Silkscreen
6
CONTINUOUS
10
146.6638529999999889
20
-97.1905900000000003
11
146.6642799999999909
21
-97.1903499999999951
0
LINE
8
F.Silkscreen
6
CONTINUOUS
10
146.6642799999999909
20
-97.1903499999999951
11
146.7595179999999857
21
-97.1427309999999977
0
LINE
8
F.Silkscreen
6
CONTINUOUS
10
146.7595179999999857
20
-97.1427309999999977
11
146.759966999999989
21
-97.1425330000000002
0
LINE
8
F.Silkscreen
6
CONTINUOUS
10
146.759966999999989
20
-97.1425330000000002
11
146.773697999999996
21
-97.1372779999999949
0
LINE
8
F.Silkscreen
6
CONTINUOUS
10
146.773697999999996
20
-97.1372779999999949
11
146.7751289999999926
21
-97.1369609999999994
0
LINE
8
F.Silkscreen
6
CONTINUOUS
10
146.7751289999999926
20
-97.1369609999999994
11
146.7770089999999925
21
-97.1368259999999992
0
LINE
8
F.Silkscreen
6
CONTINUOUS
10
146.7770089999999925
20
-97.1368259999999992
11
146.7787509999999997
21
-97.1361059999999981
0
LINE
8
F.Silkscreen
6
CONTINUOUS
10
146.7787509999999997
20
-97.1361059999999981
11
146.7801729999999907
21
-97.1357500000000016
0
LINE
8
F.Silkscreen
6
CONTINUOUS
10
146.7801729999999907
20
-97.1357500000000016
11
146.7948049999999967
21
-97.1343090000000018
0
LINE
8
F.Silkscreen
6
CONTINUOUS
10
146.7948049999999967
20
-97.1343090000000018
11
146.7952949999999817
21
-97.1342849999999913
0
LINE
8
F.Silkscreen
6
CONTINUOUS
10
146.7952949999999817
20
-97.1342849999999913
11
146.8905330000000049
21
-97.1342849999999913
0
LINE
8
F.Silkscreen
6
CONTINUOUS
10
146.8905330000000049
20
-97.1342849999999913
11
146.8910229999999899
21
-97.1343090000000018
0
LINE
8
F.Silkscreen
6
CONTINUOUS
10
143.1213639999999998
20
-97.1361069999999955
11
143.148399999999981
21
-97.1473060000000004
0
LINE
8
F.Silkscreen
6
CONTINUOUS
10
143.148399999999981
20
-97.1473060000000004
11
143.1500230000000045
21
-97.1483889999999946
0
LINE
8
F.Silkscreen
6
CONTINUOUS
10
143.1500230000000045
20
-97.1483889999999946
11
143.1707150000000013
21
-97.1690809999999914
0
LINE
8
F.Silkscreen
6
CONTINUOUS
10
143.1707150000000013
20
-97.1690809999999914
11
143.1717979999999955
21
-97.1707040000000006
0
LINE
8
F.Silkscreen
6
CONTINUOUS
10
143.1717979999999955
20
-97.1707040000000006
11
143.1829970000000003
21
-97.197739999999996
0
LINE
8
F.Silkscreen
6
CONTINUOUS
10
143.1829970000000003
20
-97.197739999999996
11
143.18335399999998
21
-97.1991629999999986
0
LINE
8
F.Silkscreen
6
CONTINUOUS
10
143.18335399999998
20
-97.1991629999999986
11
143.1847949999999798
21
-97.2137949999999904
0
LINE
8
F.Silkscreen
6
CONTINUOUS
10
143.1847949999999798
20
-97.2137949999999904
11
143.1848190000000045
21
-97.2142849999999896
0
LINE
8
F.Silkscreen
6
CONTINUOUS
10
143.1848190000000045
20
-97.2142849999999896
11
143.1848190000000045
21
-97.7857130000000012
0
LINE
8
F.Silkscreen
6
CONTINUOUS
10
143.1848190000000045
20
-97.7857130000000012
11
143.1847949999999798
21
-97.7862030000000004
0
LINE
8
F.Silkscreen
6
CONTINUOUS
10
143.1847949999999798
20
-97.7862030000000004
11
143.18335399999998
21
-97.8008349999999922
0
LINE
8
F.Silkscreen
6
CONTINUOUS
10
143.18335399999998
20
-97.8008349999999922
11
143.1829970000000003
21
-97.8022579999999948
0
LINE
8
F.Silkscreen
6
CONTINUOUS
10
143.1829970000000003
20
-97.8022579999999948
11
143.1717979999999955
21
-97.8292939999999902
0
LINE
8
F.Silkscreen
6
CONTINUOUS
10
143.1717979999999955
20
-97.8292939999999902
11
143.1707150000000013
21
-97.8309169999999995
0
LINE
8
F.Silkscreen
6
CONTINUOUS
10
143.1707150000000013
20
-97.8309169999999995
11
143.1500230000000045
21
-97.8516089999999963
0
LINE
8
F.Silkscreen
6
CONTINUOUS
10
143.1500230000000045
20
-97.8516089999999963
11
143.148399999999981
21
-97.8526919999999905
0
LINE
8
F.Silkscreen
6
CONTINUOUS
10
143.148399999999981
20
-97.8526919999999905
11
143.1213639999999998
21
-97.8638909999999953
0
LINE
8
F.Silkscreen
6
CONTINUOUS
10
143.1213639999999998
20
-97.8638909999999953
11
143.119450999999998
21
-97.8642719999999997
0
LINE
8
F.Silkscreen
6
CONTINUOUS
10
143.119450999999998
20
-97.8642719999999997
11
143.090186999999986
21
-97.8642719999999997
0
LINE
8
F.Silkscreen
6
CONTINUOUS
10
143.090186999999986
20
-97.8642719999999997
11
143.0882739999999842
21
-97.8638909999999953
0
LINE
8
F.Silkscreen
6
CONTINUOUS
10
143.0882739999999842
20
-97.8638909999999953
11
143.061238000000003
21
-97.8526919999999905
0
LINE
8
F.Silkscreen
6
CONTINUOUS
10
143.061238000000003
20
-97.8526919999999905
11
143.0596149999999795
21
-97.8516089999999963
0
LINE
8
F.Silkscreen
6
CONTINUOUS
10
143.0596149999999795
20
-97.8516089999999963
11
143.0389229999999827
21
-97.8309169999999995
0
LINE
8
F.Silkscreen
6
CONTINUOUS
10
143.0389229999999827
20
-97.8309169999999995
11
143.0378399999999885
21
-97.8292939999999902
0
LINE
8
F.Silkscreen
6
CONTINUOUS
10
143.0378399999999885
20
-97.8292939999999902
11
143.0266409999999837
21
-97.8022579999999948
0
LINE
8
F.Silkscreen
6
CONTINUOUS
10
143.0266409999999837
20
-97.8022579999999948
11
143.026284000000004
21
-97.8008349999999922
0
LINE
8
F.Silkscreen
6
CONTINUOUS
10
143.026284000000004
20
-97.8008349999999922
11
143.0248430000000042
21
-97.7862030000000004
0
LINE
8
F.Silkscreen
6
CONTINUOUS
10
143.0248430000000042
20
-97.7862030000000004
11
143.0248189999999795
21
-97.7857130000000012
0
LINE
8
F.Silkscreen
6
CONTINUOUS
10
143.0248189999999795
20
-97.7857130000000012
11
143.0248189999999795
21
-97.5799990000000008
0
LINE
8
F.Silkscreen
6
CONTINUOUS
10
143.0248189999999795
20
-97.5799990000000008
11
142.3455759999999941
21
-97.5799990000000008
0
LINE
8
F.Silkscreen
6
CONTINUOUS
10
142.3455759999999941
20
-97.5799990000000008
11
142.3994830000000036
21
-97.6339059999999961
0
LINE
8
F.Silkscreen
6
CONTINUOUS
10
142.3994830000000036
20
-97.6339059999999961
11
142.3998119999999972
21
-97.6342700000000008
0
LINE
8
F.Silkscreen
6
CONTINUOUS
10
142.3998119999999972
20
-97.6342700000000008
11
142.4042639999999835
21
-97.6396939999999915
0
LINE
8
F.Silkscreen
6
CONTINUOUS
10
142.4042639999999835
20
-97.6396939999999915
11
142.4054409999999962
21
-97.6407150000000001
0
LINE
8
F.Silkscreen
6
CONTINUOUS
10
142.4054409999999962
20
-97.6407150000000001
11
142.4063950000000034
21
-97.6418269999999922
0
LINE
8
F.Silkscreen
6
CONTINUOUS
10
142.4063950000000034
20
-97.6418269999999922
11
142.4076459999999997
21
-97.6438139999999919
0
LINE
8
F.Silkscreen
6
CONTINUOUS
10
142.4076459999999997
20
-97.6438139999999919
11
142.4091399999999794
21
-97.6456349999999986
0
LINE
8
F.Silkscreen
6
CONTINUOUS
10
142.4091399999999794
20
-97.6456349999999986
11
142.4098950000000059
21
-97.6468950000000007
0
LINE
8
F.Silkscreen
6
CONTINUOUS
10
142.4098950000000059
20
-97.6468950000000007
11
142.4104910000000075
21
-97.6483349999999888
0
LINE
8
F.Silkscreen
6
CONTINUOUS
10
142.4104910000000075
20
-97.6483349999999888
11
142.4142269999999826
21
-97.6542699999999968
0
LINE
8
F.Silkscreen
6
CONTINUOUS
10
142.4142269999999826
20
-97.6542699999999968
11
142.4144679999999994
21
-97.6546979999999962
0
LINE
8
F.Silkscreen
6
CONTINUOUS
10
142.4144679999999994
20
-97.6546979999999962
11
142.4620869999999968
21
-97.7499359999999911
0
LINE
8
F.Silkscreen
6
CONTINUOUS
10
142.4620869999999968
20
-97.7499359999999911
11
142.4622849999999801
21
-97.7503849999999943
0
LINE
8
F.Silkscreen
6
CONTINUOUS
10
142.4622849999999801
20
-97.7503849999999943
11
142.4675399999999854
21
-97.7641160000000013
0
LINE
8
F.Silkscreen
6
CONTINUOUS
10
142.4675399999999854
20
-97.7641160000000013
11
142.4678569999999809
21
-97.7655489999999929
0
LINE
8
F.Silkscreen
6
CONTINUOUS
10
142.4678569999999809
20
-97.7655489999999929
11
142.4699310000000025
21
-97.7947389999999928
0
LINE
8
F.Silkscreen
6
CONTINUOUS
10
142.4699310000000025
20
-97.7947389999999928
11
142.4696869999999933
21
-97.7966739999999959
0
LINE
8
F.Silkscreen
6
CONTINUOUS
10
142.4696869999999933
20
-97.7966739999999959
11
142.4604329999999948
21
-97.8244359999999915
0
LINE
8
F.Silkscreen
6
CONTINUOUS
10
142.4604329999999948
20
-97.8244359999999915
11
142.4594669999999894
21
-97.8261309999999895
0
LINE
8
F.Silkscreen
6
CONTINUOUS
10
142.4594669999999894
20
-97.8261309999999895
11
142.4402939999999944
21
-97.8482379999999949
0
LINE
8
F.Silkscreen
6
CONTINUOUS
10
142.4402939999999944
20
-97.8482379999999949
11
142.4387529999999913
21
-97.8494340000000022
0
LINE
8
F.Silkscreen
6
CONTINUOUS
10
142.4387529999999913
20
-97.8494340000000022
11
142.4125779999999963
21
-97.8625219999999985
0
LINE
8
F.Silkscreen
6
CONTINUOUS
10
142.4125779999999963
20
-97.8625219999999985
11
142.4106960000000015
21
-97.8630369999999914
0
LINE
8
F.Silkscreen
6
CONTINUOUS
10
142.4106960000000015
20
-97.8630369999999914
11
142.3815060000000017
21
-97.8651109999999989
0
LINE
8
F.Silkscreen
6
CONTINUOUS
10
142.3815060000000017
20
-97.8651109999999989
11
142.3795709999999985
21
-97.8648669999999896
0
LINE
8
F.Silkscreen
6
CONTINUOUS
10
142.3795709999999985
20
-97.8648669999999896
11
142.3518100000000004
21
-97.8556129999999911
0
LINE
8
F.Silkscreen
6
CONTINUOUS
10
142.3518100000000004
20
-97.8556129999999911
11
142.3501149999999882
21
-97.8546469999999999
0
LINE
8
F.Silkscreen
6
CONTINUOUS
10
142.3501149999999882
20
-97.8546469999999999
11
142.3280069999999853
21
-97.8354739999999907
0
LINE
8
F.Silkscreen
6
CONTINUOUS
10
142.3280069999999853
20
-97.8354739999999907
11
142.3270509999999831
21
-97.8343599999999896
0
LINE
8
F.Silkscreen
6
CONTINUOUS
10
142.3270509999999831
20
-97.8343599999999896
11
142.3192190000000039
21
-97.8219169999999991
0
LINE
8
F.Silkscreen
6
CONTINUOUS
10
142.3192190000000039
20
-97.8219169999999991
11
142.3189789999999846
21
-97.8214899999999972
0
LINE
8
F.Silkscreen
6
CONTINUOUS
10
142.3189789999999846
20
-97.8214899999999972
11
142.2771669999999915
21
-97.7378659999999968
0
LINE
8
F.Silkscreen
6
CONTINUOUS
10
142.2771669999999915
20
-97.7378659999999968
11
142.1967039999999827
21
-97.6574030000000022
0
LINE
8
F.Silkscreen
6
CONTINUOUS
10
142.1967039999999827
20
-97.6574030000000022
11
142.0604429999999923
21
-97.5665630000000021
0
LINE
8
F.Silkscreen
6
CONTINUOUS
10
142.0604429999999923
20
-97.5665630000000021
11
142.0600599999999929
21
-97.5662809999999894
0
LINE
8
F.Silkscreen
6
CONTINUOUS
10
142.0600599999999929
20
-97.5662809999999894
11
142.0600169999999878
21
-97.5662459999999925
0
LINE
8
F.Silkscreen
6
CONTINUOUS
10
142.0600169999999878
20
-97.5662459999999925
11
142.0600609999999904
21
-97.5661909999999892
0
LINE
8
F.Silkscreen
6
CONTINUOUS
10
142.0600609999999904
20
-97.5661909999999892
11
142.0599679999999978
21
-97.5661289999999894
0
LINE
8
F.Silkscreen
6
CONTINUOUS
10
142.0599679999999978
20
-97.5661289999999894
11
142.059931000000006
21
-97.5661750000000012
0
LINE
8
F.Silkscreen
6
CONTINUOUS
10
142.059931000000006
20
-97.5661750000000012
11
142.0486729999999795
21
-97.5569550000000021
0
LINE
8
F.Silkscreen
6
CONTINUOUS
10
142.0486729999999795
20
-97.5569550000000021
11
142.0476869999999963
21
-97.5558690000000013
0
LINE
8
F.Silkscreen
6
CONTINUOUS
10
142.0476869999999963
20
-97.5558690000000013
11
142.0438299999999856
21
-97.5501099999999894
0
LINE
8
F.Silkscreen
6
CONTINUOUS
10
142.0438299999999856
20
-97.5501099999999894
11
142.0389229999999827
21
-97.5452030000000008
0
LINE
8
F.Silkscreen
6
CONTINUOUS
10
142.0389229999999827
20
-97.5452030000000008
11
142.0378399999999885
21
-97.543580999999989
0
LINE
8
F.Silkscreen
6
CONTINUOUS
10
142.0378399999999885
20
-97.543580999999989
11
142.0352169999999887
21
-97.5372500000000002
0
LINE
8
F.Silkscreen
6
CONTINUOUS
10
142.0352169999999887
20
-97.5372500000000002
11
142.0314029999999832
21
-97.5315539999999999
0
LINE
8
F.Silkscreen
6
CONTINUOUS
10
142.0314029999999832
20
-97.5315539999999999
11
142.0306549999999959
21
-97.5297529999999995
0
LINE
8
F.Silkscreen
6
CONTINUOUS
10
142.0306549999999959
20
-97.5297529999999995
11
142.029293999999993
21
-97.5229530000000011
0
LINE
8
F.Silkscreen
6
CONTINUOUS
10
142.029293999999993
20
-97.5229530000000011
11
142.0266399999999862
21
-97.5165439999999961
0
LINE
8
F.Silkscreen
6
CONTINUOUS
10
142.0266399999999862
20
-97.5165439999999961
11
142.0262600000000077
21
-97.5146309999999943
0
LINE
8
F.Silkscreen
6
CONTINUOUS
10
142.0262600000000077
20
-97.5146309999999943
11
142.0262600000000077
21
-97.5077780000000018
0
LINE
8
F.Silkscreen
6
CONTINUOUS
10
142.0262600000000077
20
-97.5077780000000018
11
142.0249159999999904
21
-97.5010589999999979
0
LINE
8
F.Silkscreen
6
CONTINUOUS
10
142.0249159999999904
20
-97.5010589999999979
11
142.0249139999999954
21
-97.4991079999999926
0
LINE
8
F.Silkscreen
6
CONTINUOUS
10
142.0249139999999954
20
-97.4991079999999926
11
142.0262600000000077
21
-97.4923029999999926
0
LINE
8
F.Silkscreen
6
CONTINUOUS
10
142.0262600000000077
20
-97.4923029999999926
11
142.0262600000000077
21
-97.4853669999999966
0
LINE
8
F.Silkscreen
6
CONTINUOUS
10
142.0262600000000077
20
-97.4853669999999966
11
142.0266409999999837
21
-97.4834539999999947
0
LINE
8
F.Silkscreen
6
CONTINUOUS
10
142.0266409999999837
20
-97.4834539999999947
11
142.0292619999999886
21
-97.4771239999999892
0
LINE
8
F.Silkscreen
6
CONTINUOUS
10
142.0292619999999886
20
-97.4771239999999892
11
142.0305929999999819
21
-97.4703999999999979
0
LINE
8
F.Silkscreen
6
CONTINUOUS
10
142.0305929999999819
20
-97.4703999999999979
11
142.0313380000000052
21
-97.4685970000000026
0
LINE
8
F.Silkscreen
6
CONTINUOUS
10
142.0313380000000052
20
-97.4685970000000026
11
142.0351839999999868
21
-97.4628259999999926
0
LINE
8
F.Silkscreen
6
CONTINUOUS
10
142.0351839999999868
20
-97.4628259999999926
11
142.0378399999999885
21
-97.4564170000000018
0
LINE
8
F.Silkscreen
6
CONTINUOUS
10
142.0378399999999885
20
-97.4564170000000018
11
142.0389229999999827
21
-97.4547960000000018
0
LINE
8
F.Silkscreen
6
CONTINUOUS
10
142.0389229999999827
20
-97.4547960000000018
11
142.043768
21
-97.4499500000000012
0
LINE
8
F.Silkscreen
6
CONTINUOUS
10
142.043768
20
-97.4499500000000012
11
142.0475710000000049
21
-97.4442469999999901
0
LINE
8
F.Silkscreen
6
CONTINUOUS
10
142.0475710000000049
20
-97.4442469999999901
11
142.0489479999999958
21
-97.4428669999999926
0
LINE
8
F.Silkscreen
6
CONTINUOUS
10
142.0489479999999958
20
-97.4428669999999926
11
142.0547109999999975
21
-97.439005999999992
0
LINE
8
F.Silkscreen
6
CONTINUOUS
10
142.0547109999999975
20
-97.439005999999992
11
142.0596160000000054
21
-97.4341029999999932
0
LINE
8
F.Silkscreen
6
CONTINUOUS
10
142.0596160000000054
20
-97.4341029999999932
11
142.0612370000000055
21
-97.4330199999999991
0
LINE
8
F.Silkscreen
6
CONTINUOUS
10
142.0612370000000055
20
-97.4330199999999991
11
142.0675659999999993
21
-97.4303969999999993
0
LINE
8
F.Silkscreen
6
CONTINUOUS
10
142.0675659999999993
20
-97.4303969999999993
11
142.0732639999999947
21
-97.4265829999999937
0
LINE
8
F.Silkscreen
6
CONTINUOUS
10
142.0732639999999947
20
-97.4265829999999937
11
142.0750649999999951
21
-97.4258349999999922
0
LINE
8
F.Silkscreen
6
CONTINUOUS
10
142.0750649999999951
20
-97.4258349999999922
11
142.0818629999999985
21
-97.4244739999999894
0
LINE
8
F.Silkscreen
6
CONTINUOUS
10
142.0818629999999985
20
-97.4244739999999894
11
142.0882739999999842
21
-97.4218199999999968
0
LINE
8
F.Silkscreen
6
CONTINUOUS
10
142.0882739999999842
20
-97.4218199999999968
11
142.089697000000001
21
-97.4214640000000003
0
LINE
8
F.Silkscreen
6
CONTINUOUS
10
142.089697000000001
20
-97.4214640000000003
11
142.104173000000003
21
-97.420037999999991
0
LINE
8
F.Silkscreen
6
CONTINUOUS
10
142.104173000000003
20
-97.420037999999991
11
142.1041779999999903
21
-97.4200900000000019
0
LINE
8
F.Silkscreen
6
CONTINUOUS
10
142.1041779999999903
20
-97.4200900000000019
11
142.1043019999999899
21
-97.4200900000000019
0
LINE
8
F.Silkscreen
6
CONTINUOUS
10
142.1043019999999899
20
-97.4200900000000019
11
142.1042960000000051
21
-97.4200259999999929
0
LINE
8
F.Silkscreen
6
CONTINUOUS
10
142.1042960000000051
20
-97.4200259999999929
11
142.1043489999999849
21
-97.4200209999999913
0
LINE
8
F.Silkscreen
6
CONTINUOUS
10
142.1043489999999849
20
-97.4200209999999913
11
142.104818999999992
21
-97.41999899999999
0
LINE
8
F.Silkscreen
6
CONTINUOUS
10
142.104818999999992
20
-97.41999899999999
11
143.0248189999999795
21
-97.41999899999999
0
LINE
8
F.Silkscreen
6
CONTINUOUS
10
143.0248189999999795
20
-97.41999899999999
11
143.0248189999999795
21
-97.2142849999999896
0
LINE
8
F.Silkscreen
6
CONTINUOUS
10
143.0248189999999795
20
-97.2142849999999896
11
143.0248430000000042
21
-97.2137949999999904
0
LINE
8
F.Silkscreen
6
CONTINUOUS
10
143.0248430000000042
20
-97.2137949999999904
11
143.026284000000004
21
-97.1991629999999986
0
LINE
8
F.Silkscreen
6
CONTINUOUS
10
143.026284000000004
20
-97.1991629999999986
11
143.0266409999999837
21
-97.197739999999996
0
LINE
8
F.Silkscreen
6
CONTINUOUS
10
143.0266409999999837
20
-97.197739999999996
11
143.0378399999999885
21
-97.1707040000000006
0
LINE
8
F.Silkscreen
6
CONTINUOUS
10
143.0378399999999885
20
-97.1707040000000006
11
143.0389229999999827
21
-97.1690809999999914
0
LINE
8
F.Silkscreen
6
CONTINUOUS
10
143.0389229999999827
20
-97.1690809999999914
11
143.0596149999999795
21
-97.1483889999999946
0
LINE
8
F.Silkscreen
6
CONTINUOUS
10
143.0596149999999795
20
-97.1483889999999946
11
143.061238000000003
21
-97.1473060000000004
0
LINE
8
F.Silkscreen
6
CONTINUOUS
10
143.061238000000003
20
-97.1473060000000004
11
143.0882739999999842
21
-97.1361069999999955
0
LINE
8
F.Silkscreen
6
CONTINUOUS
10
143.0882739999999842
20
-97.1361069999999955
11
143.090186999999986
21
-97.1357259999999911
0
LINE
8
F.Silkscreen
6
CONTINUOUS
10
143.090186999999986
20
-97.1357259999999911
11
143.119450999999998
21
-97.1357259999999911
0
LINE
8
F.Silkscreen
6
CONTINUOUS
10
143.119450999999998
20
-97.1357259999999911
11
143.1213639999999998
21
-97.1361069999999955
0
LINE
8
F.Silkscreen
6
CONTINUOUS
10
149.9386419999999873
20
-97.0866899999999902
11
149.9532739999999933
21
-97.08813099999999
0
LINE
8
F.Silkscreen
6
CONTINUOUS
10
149.9532739999999933
20
-97.08813099999999
11
149.9546969999999817
21
-97.0884879999999981
0
LINE
8
F.Silkscreen
6
CONTINUOUS
10
149.9546969999999817
20
-97.0884879999999981
11
149.9564359999999965
21
-97.0892079999999993
0
LINE
8
F.Silkscreen
6
CONTINUOUS
10
149.9564359999999965
20
-97.0892079999999993
11
149.9583149999999989
21
-97.089342000000002
0
LINE
8
F.Silkscreen
6
CONTINUOUS
10
149.9583149999999989
20
-97.089342000000002
11
149.9597479999999905
21
-97.0896589999999975
0
LINE
8
F.Silkscreen
6
CONTINUOUS
10
149.9597479999999905
20
-97.0896589999999975
11
149.973479999999995
21
-97.0949139999999886
0
LINE
8
F.Silkscreen
6
CONTINUOUS
10
149.973479999999995
20
-97.0949139999999886
11
149.9739289999999983
21
-97.0951120000000003
0
LINE
8
F.Silkscreen
6
CONTINUOUS
10
149.9739289999999983
20
-97.0951120000000003
11
150.0691669999999931
21
-97.1427309999999977
0
LINE
8
F.Silkscreen
6
CONTINUOUS
10
150.0691669999999931
20
-97.1427309999999977
11
150.069593999999995
21
-97.1429709999999886
0
LINE
8
F.Silkscreen
6
CONTINUOUS
10
150.069593999999995
20
-97.1429709999999886
11
150.0755350000000021
21
-97.1467090000000013
0
LINE
8
F.Silkscreen
6
CONTINUOUS
10
150.0755350000000021
20
-97.1467090000000013
11
150.0769729999999811
21
-97.1473060000000004
0
LINE
8
F.Silkscreen
6
CONTINUOUS
10
150.0769729999999811
20
-97.1473060000000004
11
150.0782309999999882
21
-97.1480609999999984
0
LINE
8
F.Silkscreen
6
CONTINUOUS
10
150.0782309999999882
20
-97.1480609999999984
11
150.0800409999999943
21
-97.1495469999999983
0
LINE
8
F.Silkscreen
6
CONTINUOUS
10
150.0800409999999943
20
-97.1495469999999983
11
150.0820369999999855
21
-97.1508029999999962
0
LINE
8
F.Silkscreen
6
CONTINUOUS
10
150.0820369999999855
20
-97.1508029999999962
11
150.0831519999999841
21
-97.1517589999999984
0
LINE
8
F.Silkscreen
6
CONTINUOUS
10
150.0831519999999841
20
-97.1517589999999984
11
150.0841749999999877
21
-97.1529389999999893
0
LINE
8
F.Silkscreen
6
CONTINUOUS
10
150.0841749999999877
20
-97.1529389999999893
11
150.0895950000000028
21
-97.1573869999999999
0
LINE
8
F.Silkscreen
6
CONTINUOUS
10
150.0895950000000028
20
-97.1573869999999999
11
150.0899589999999932
21
-97.1577159999999935
0
LINE
8
F.Silkscreen
6
CONTINUOUS
10
150.0899589999999932
20
-97.1577159999999935
11
150.1375779999999907
21
-97.2053349999999909
0
LINE
8
F.Silkscreen
6
CONTINUOUS
10
150.1375779999999907
20
-97.2053349999999909
11
150.1379069999999842
21
-97.2056989999999956
0
LINE
8
F.Silkscreen
6
CONTINUOUS
10
150.1379069999999842
20
-97.2056989999999956
11
150.1423560000000066
21
-97.2111209999999915
0
LINE
8
F.Silkscreen
6
CONTINUOUS
10
150.1423560000000066
20
-97.2111209999999915
11
150.1435349999999858
21
-97.2121429999999975
0
LINE
8
F.Silkscreen
6
CONTINUOUS
10
150.1435349999999858
20
-97.2121429999999975
11
150.1444909999999879
21
-97.2132579999999962
0
LINE
8
F.Silkscreen
6
CONTINUOUS
10
150.1444909999999879
20
-97.2132579999999962
11
150.1457429999999817
21
-97.2152480000000025
0
LINE
8
F.Silkscreen
6
CONTINUOUS
10
150.1457429999999817
20
-97.2152480000000025
11
150.1472329999999999
21
-97.217062999999996
0
LINE
8
F.Silkscreen
6
CONTINUOUS
10
150.1472329999999999
20
-97.217062999999996
11
150.147987999999998
21
-97.2183220000000006
0
LINE
8
F.Silkscreen
6
CONTINUOUS
10
150.147987999999998
20
-97.2183220000000006
11
150.1485820000000047
21
-97.2197559999999896
0
LINE
8
F.Silkscreen
6
CONTINUOUS
10
150.1485820000000047
20
-97.2197559999999896
11
150.1523229999999955
21
-97.2256999999999891
0
LINE
8
F.Silkscreen
6
CONTINUOUS
10
150.1523229999999955
20
-97.2256999999999891
11
150.1525629999999865
21
-97.2261269999999911
0
LINE
8
F.Silkscreen
6
CONTINUOUS
10
150.1525629999999865
20
-97.2261269999999911
11
150.2001819999999839
21
-97.3213650000000001
0
LINE
8
F.Silkscreen
6
CONTINUOUS
10
150.2001819999999839
20
-97.3213650000000001
11
150.2003799999999956
21
-97.3218139999999892
0
LINE
8
F.Silkscreen
6
CONTINUOUS
10
150.2003799999999956
20
-97.3218139999999892
11
150.2056350000000009
21
-97.3355449999999962
0
LINE
8
F.Silkscreen
6
CONTINUOUS
10
150.2056350000000009
20
-97.3355449999999962
11
150.2059519999999964
21
-97.336978000000002
0
LINE
8
F.Silkscreen
6
CONTINUOUS
10
150.2059519999999964
20
-97.336978000000002
11
150.2060850000000016
21
-97.3388569999999902
0
LINE
8
F.Silkscreen
6
CONTINUOUS
10
150.2060850000000016
20
-97.3388569999999902
11
150.2068060000000003
21
-97.3405970000000025
0
LINE
8
F.Silkscreen
6
CONTINUOUS
10
150.2068060000000003
20
-97.3405970000000025
11
150.20716299999998
21
-97.3420199999999909
0
LINE
8
F.Silkscreen
6
CONTINUOUS
10
150.20716299999998
20
-97.3420199999999909
11
150.2076559999999859
21
-97.3470259999999996
0
LINE
8
F.Silkscreen
6
CONTINUOUS
10
150.2076559999999859
20
-97.3470259999999996
11
150.5589429999999993
21
-97.1011269999999911
0
LINE
8
F.Silkscreen
6
CONTINUOUS
10
150.5589429999999993
20
-97.1011269999999911
11
150.5593580000000031
21
-97.1008659999999963
0
LINE
8
F.Silkscreen
6
CONTINUOUS
10
150.5593580000000031
20
-97.1008659999999963
11
150.5721709999999973
21
-97.0936559999999957
0
LINE
8
F.Silkscreen
6
CONTINUOUS
10
150.5721709999999973
20
-97.0936559999999957
11
150.5735420000000033
21
-97.0931309999999996
0
LINE
8
F.Silkscreen
6
CONTINUOUS
10
150.5735420000000033
20
-97.0931309999999996
11
150.6021130000000028
21
-97.0868019999999916
0
LINE
8
F.Silkscreen
6
CONTINUOUS
10
150.6021130000000028
20
-97.0868019999999916
11
150.6040629999999965
21
-97.0867599999999982
0
LINE
8
F.Silkscreen
6
CONTINUOUS
10
150.6040629999999965
20
-97.0867599999999982
11
150.6328809999999976
21
-97.0918449999999922
0
LINE
8
F.Silkscreen
6
CONTINUOUS
10
150.6328809999999976
20
-97.0918449999999922
11
150.6346989999999835
21
-97.0925519999999977
0
LINE
8
F.Silkscreen
6
CONTINUOUS
10
150.6346989999999835
20
-97.0925519999999977
11
150.6593770000000063
21
-97.108278999999996
0
LINE
8
F.Silkscreen
6
CONTINUOUS
10
150.6593770000000063
20
-97.108278999999996
11
150.6607860000000016
21
-97.1096289999999982
0
LINE
8
F.Silkscreen
6
CONTINUOUS
10
150.6607860000000016
20
-97.1096289999999982
11
150.6775679999999795
21
-97.1336029999999937
0
LINE
8
F.Silkscreen
6
CONTINUOUS
10
150.6775679999999795
20
-97.1336029999999937
11
150.6783539999999846
21
-97.1353879999999918
0
LINE
8
F.Silkscreen
6
CONTINUOUS
10
150.6783539999999846
20
-97.1353879999999918
11
150.6846840000000043
21
-97.1639589999999913
0
LINE
8
F.Silkscreen
6
CONTINUOUS
10
150.6846840000000043
20
-97.1639589999999913
11
150.6847259999999835
21
-97.1659099999999967
0
LINE
8
F.Silkscreen
6
CONTINUOUS
10
150.6847259999999835
20
-97.1659099999999967
11
150.6796400000000062
21
-97.1947270000000003
0
LINE
8
F.Silkscreen
6
CONTINUOUS
10
150.6796400000000062
20
-97.1947270000000003
11
150.6789330000000007
21
-97.1965450000000004
0
LINE
8
F.Silkscreen
6
CONTINUOUS
10
150.6789330000000007
20
-97.1965450000000004
11
150.6632060000000024
21
-97.2212239999999923
0
LINE
8
F.Silkscreen
6
CONTINUOUS
10
150.6632060000000024
20
-97.2212239999999923
11
150.662243999999987
21
-97.2223319999999944
0
LINE
8
F.Silkscreen
6
CONTINUOUS
10
150.662243999999987
20
-97.2223319999999944
11
150.6510839999999973
21
-97.2319030000000026
0
LINE
8
F.Silkscreen
6
CONTINUOUS
10
150.6510839999999973
20
-97.2319030000000026
11
150.6506959999999822
21
-97.2322039999999959
0
LINE
8
F.Silkscreen
6
CONTINUOUS
10
150.6506959999999822
20
-97.2322039999999959
11
150.2086280000000045
21
-97.54164999999999
0
LINE
8
F.Silkscreen
6
CONTINUOUS
10
150.2086280000000045
20
-97.54164999999999
11
150.2086280000000045
21
-97.6580939999999913
0
LINE
8
F.Silkscreen
6
CONTINUOUS
10
150.2086280000000045
20
-97.6580939999999913
11
150.604818999999992
21
-97.6580939999999913
0
LINE
8
F.Silkscreen
6
CONTINUOUS
10
150.604818999999992
20
-97.6580939999999913
11
150.6053090000000054
21
-97.6581180000000018
0
LINE
8
F.Silkscreen
6
CONTINUOUS
10
150.6053090000000054
20
-97.6581180000000018
11
150.619940999999983
21
-97.6595590000000016
0
LINE
8
F.Silkscreen
6
CONTINUOUS
10
150.619940999999983
20
-97.6595590000000016
11
150.6213639999999998
21
-97.6599159999999955
0
LINE
8
F.Silkscreen
6
CONTINUOUS
10
150.6213639999999998
20
-97.6599159999999955
11
150.648399999999981
21
-97.6711150000000004
0
LINE
8
F.Silkscreen
6
CONTINUOUS
10
150.648399999999981
20
-97.6711150000000004
11
150.6500230000000045
21
-97.6721979999999945
0
LINE
8
F.Silkscreen
6
CONTINUOUS
10
150.6500230000000045
20
-97.6721979999999945
11
150.6707150000000013
21
-97.6928899999999913
0
LINE
8
F.Silkscreen
6
CONTINUOUS
10
150.6707150000000013
20
-97.6928899999999913
11
150.6717979999999955
21
-97.6945130000000006
0
LINE
8
F.Silkscreen
6
CONTINUOUS
10
150.6717979999999955
20
-97.6945130000000006
11
150.6829970000000003
21
-97.721548999999996
0
LINE
8
F.Silkscreen
6
CONTINUOUS
10
150.6829970000000003
20
-97.721548999999996
11
150.6833780000000047
21
-97.7234619999999978
0
LINE
8
F.Silkscreen
6
CONTINUOUS
10
150.6833780000000047
20
-97.7234619999999978
11
150.6833780000000047
21
-97.7527259999999956
0
LINE
8
F.Silkscreen
6
CONTINUOUS
10
150.6833780000000047
20
-97.7527259999999956
11
150.6829970000000003
21
-97.7546389999999974
0
LINE
8
F.Silkscreen
6
CONTINUOUS
10
150.6829970000000003
20
-97.7546389999999974
11
150.6717979999999955
21
-97.7816749999999928
0
LINE
8
F.Silkscreen
6
CONTINUOUS
10
150.6717979999999955
20
-97.7816749999999928
11
150.6707150000000013
21
-97.783298000000002
0
LINE
8
F.Silkscreen
6
CONTINUOUS
10
150.6707150000000013
20
-97.783298000000002
11
150.6500230000000045
21
-97.8039899999999989
0
LINE
8
F.Silkscreen
6
CONTINUOUS
10
150.6500230000000045
20
-97.8039899999999989
11
150.648399999999981
21
-97.805072999999993
0
LINE
8
F.Silkscreen
6
CONTINUOUS
10
150.648399999999981
20
-97.805072999999993
11
150.6213639999999998
21
-97.8162719999999979
0
LINE
8
F.Silkscreen
6
CONTINUOUS
10
150.6213639999999998
20
-97.8162719999999979
11
150.619940999999983
21
-97.8166289999999918
0
LINE
8
F.Silkscreen
6
CONTINUOUS
10
150.619940999999983
20
-97.8166289999999918
11
150.6053090000000054
21
-97.8180699999999916
0
LINE
8
F.Silkscreen
6
CONTINUOUS
10
150.6053090000000054
20
-97.8180699999999916
11
150.604818999999992
21
-97.8180940000000021
0
LINE
8
F.Silkscreen
6
CONTINUOUS
10
150.604818999999992
20
-97.8180940000000021
11
149.604818999999992
21
-97.8180940000000021
0
LINE
8
F.Silkscreen
6
CONTINUOUS
10
149.604818999999992
20
-97.8180940000000021
11
149.604329000000007
21
-97.8180699999999916
0
LINE
8
F.Silkscreen
6
CONTINUOUS
10
149.604329000000007
20
-97.8180699999999916
11
149.589697000000001
21
-97.8166289999999918
0
LINE
8
F.Silkscreen
6
CONTINUOUS
10
149.589697000000001
20
-97.8166289999999918
11
149.5882739999999842
21
-97.8162719999999979
0
LINE
8
F.Silkscreen
6
CONTINUOUS
10
149.5882739999999842
20
-97.8162719999999979
11
149.561238000000003
21
-97.805072999999993
0
LINE
8
F.Silkscreen
6
CONTINUOUS
10
149.561238000000003
20
-97.805072999999993
11
149.5596149999999795
21
-97.8039899999999989
0
LINE
8
F.Silkscreen
6
CONTINUOUS
10
149.5596149999999795
20
-97.8039899999999989
11
149.5389229999999827
21
-97.783298000000002
0
LINE
8
F.Silkscreen
6
CONTINUOUS
10
149.5389229999999827
20
-97.783298000000002
11
149.5378399999999885
21
-97.7816749999999928
0
LINE
8
F.Silkscreen
6
CONTINUOUS
10
149.5378399999999885
20
-97.7816749999999928
11
149.5266409999999837
21
-97.7546389999999974
0
LINE
8
F.Silkscreen
6
CONTINUOUS
10
149.5266409999999837
20
-97.7546389999999974
11
149.526284000000004
21
-97.7532159999999948
0
LINE
8
F.Silkscreen
6
CONTINUOUS
10
149.526284000000004
20
-97.7532159999999948
11
149.5248430000000042
21
-97.7385839999999888
0
LINE
8
F.Silkscreen
6
CONTINUOUS
10
149.5248430000000042
20
-97.7385839999999888
11
149.5248189999999795
21
-97.7380939999999896
0
LINE
8
F.Silkscreen
6
CONTINUOUS
10
149.5248189999999795
20
-97.7380939999999896
11
149.5248189999999795
21
-97.3760269999999934
0
LINE
8
F.Silkscreen
6
CONTINUOUS
10
149.5248189999999795
20
-97.3760269999999934
11
149.6848190000000045
21
-97.3760269999999934
0
LINE
8
F.Silkscreen
6
CONTINUOUS
10
149.6848190000000045
20
-97.3760269999999934
11
149.6848190000000045
21
-97.6580939999999913
0
LINE
8
F.Silkscreen
6
CONTINUOUS
10
149.6848190000000045
20
-97.6580939999999913
11
150.0486279999999795
21
-97.6580939999999913
0
LINE
8
F.Silkscreen
6
CONTINUOUS
10
150.0486279999999795
20
-97.6580939999999913
11
150.0486279999999795
21
-97.3760269999999934
0
LINE
8
F.Silkscreen
6
CONTINUOUS
10
150.0486279999999795
20
-97.3760269999999934
11
150.015262000000007
21
-97.3092949999999917
0
LINE
8
F.Silkscreen
6
CONTINUOUS
10
150.015262000000007
20
-97.3092949999999917
11
149.9859989999999925
21
-97.2800319999999914
0
LINE
8
F.Silkscreen
6
CONTINUOUS
10
149.9859989999999925
20
-97.2800319999999914
11
149.9192669999999907
21
-97.2466659999999905
0
LINE
8
F.Silkscreen
6
CONTINUOUS
10
149.9192669999999907
20
-97.2466659999999905
11
149.8141799999999932
21
-97.2466659999999905
0
LINE
8
F.Silkscreen
6
CONTINUOUS
10
149.8141799999999932
20
-97.2466659999999905
11
149.7474479999999915
21
-97.2800319999999914
0
LINE
8
F.Silkscreen
6
CONTINUOUS
10
149.7474479999999915
20
-97.2800319999999914
11
149.7181850000000054
21
-97.3092949999999917
0
LINE
8
F.Silkscreen
6
CONTINUOUS
10
149.7181850000000054
20
-97.3092949999999917
11
149.6848190000000045
21
-97.3760269999999934
0
LINE
8
F.Silkscreen
6
CONTINUOUS
10
149.6848190000000045
20
-97.3760269999999934
11
149.5248189999999795
21
-97.3760269999999934
0
LINE
8
F.Silkscreen
6
CONTINUOUS
10
149.5248189999999795
20
-97.3760269999999934
11
149.5248189999999795
21
-97.3571419999999961
0
LINE
8
F.Silkscreen
6
CONTINUOUS
10
149.5248189999999795
20
-97.3571419999999961
11
149.5248430000000042
21
-97.3566519999999969
0
LINE
8
F.Silkscreen
6
CONTINUOUS
10
149.5248430000000042
20
-97.3566519999999969
11
149.526284000000004
21
-97.3420199999999909
0
LINE
8
F.Silkscreen
6
CONTINUOUS
10
149.526284000000004
20
-97.3420199999999909
11
149.5266399999999862
21
-97.3405970000000025
0
LINE
8
F.Silkscreen
6
CONTINUOUS
10
149.5266399999999862
20
-97.3405970000000025
11
149.5273609999999849
21
-97.3388539999999978
0
LINE
8
F.Silkscreen
6
CONTINUOUS
10
149.5273609999999849
20
-97.3388539999999978
11
149.5274949999999876
21
-97.336978000000002
0
LINE
8
F.Silkscreen
6
CONTINUOUS
10
149.5274949999999876
20
-97.336978000000002
11
149.5278119999999831
21
-97.3355459999999937
0
LINE
8
F.Silkscreen
6
CONTINUOUS
10
149.5278119999999831
20
-97.3355459999999937
11
149.5330669999999884
21
-97.3218139999999892
0
LINE
8
F.Silkscreen
6
CONTINUOUS
10
149.5330669999999884
20
-97.3218139999999892
11
149.5332650000000001
21
-97.3213650000000001
0
LINE
8
F.Silkscreen
6
CONTINUOUS
10
149.5332650000000001
20
-97.3213650000000001
11
149.5808839999999975
21
-97.2261269999999911
0
LINE
8
F.Silkscreen
6
CONTINUOUS
10
149.5808839999999975
20
-97.2261269999999911
11
149.5811239999999884
21
-97.2256999999999891
0
LINE
8
F.Silkscreen
6
CONTINUOUS
10
149.5811239999999884
20
-97.2256999999999891
11
149.5848639999999818
21
-97.2197539999999947
0
LINE
8
F.Silkscreen
6
CONTINUOUS
10
149.5848639999999818
20
-97.2197539999999947
11
149.5854599999999834
21
-97.2183199999999914
0
LINE
8
F.Silkscreen
6
CONTINUOUS
10
149.5854599999999834
20
-97.2183199999999914
11
149.5862129999999866
21
-97.2170639999999935
0
LINE
8
F.Silkscreen
6
CONTINUOUS
10
149.5862129999999866
20
-97.2170639999999935
11
149.5877020000000073
21
-97.2152480000000025
0
LINE
8
F.Silkscreen
6
CONTINUOUS
10
149.5877020000000073
20
-97.2152480000000025
11
149.5889569999999935
21
-97.2132560000000012
0
LINE
8
F.Silkscreen
6
CONTINUOUS
10
149.5889569999999935
20
-97.2132560000000012
11
149.5899110000000007
21
-97.212143999999995
0
LINE
8
F.Silkscreen
6
CONTINUOUS
10
149.5899110000000007
20
-97.212143999999995
11
149.591087999999985
21
-97.2111219999999889
0
LINE
8
F.Silkscreen
6
CONTINUOUS
10
149.591087999999985
20
-97.2111219999999889
11
149.5955399999999997
21
-97.2056989999999956
0
LINE
8
F.Silkscreen
6
CONTINUOUS
10
149.5955399999999997
20
-97.2056989999999956
11
149.5958689999999933
21
-97.2053349999999909
0
LINE
8
F.Silkscreen
6
CONTINUOUS
10
149.5958689999999933
20
-97.2053349999999909
11
149.6434879999999907
21
-97.1577159999999935
0
LINE
8
F.Silkscreen
6
CONTINUOUS
10
149.6434879999999907
20
-97.1577159999999935
11
149.6438519999999812
21
-97.1573869999999999
0
LINE
8
F.Silkscreen
6
CONTINUOUS
10
149.6438519999999812
20
-97.1573869999999999
11
149.6492749999999887
21
-97.1529349999999994
0
LINE
8
F.Silkscreen
6
CONTINUOUS
10
149.6492749999999887
20
-97.1529349999999994
11
149.6502969999999948
21
-97.1517580000000009
0
LINE
8
F.Silkscreen
6
CONTINUOUS
10
149.6502969999999948
20
-97.1517580000000009
11
149.651409000000001
21
-97.1508039999999937
0
LINE
8
F.Silkscreen
6
CONTINUOUS
10
149.651409000000001
20
-97.1508039999999937
11
149.6534010000000023
21
-97.1495489999999933
0
LINE
8
F.Silkscreen
6
CONTINUOUS
10
149.6534010000000023
20
-97.1495489999999933
11
149.6552169999999933
21
-97.148060000000001
0
LINE
8
F.Silkscreen
6
CONTINUOUS
10
149.6552169999999933
20
-97.148060000000001
11
149.6564730000000054
21
-97.1473069999999979
0
LINE
8
F.Silkscreen
6
CONTINUOUS
10
149.6564730000000054
20
-97.1473069999999979
11
149.6579069999999945
21
-97.1467109999999963
0
LINE
8
F.Silkscreen
6
CONTINUOUS
10
149.6579069999999945
20
-97.1467109999999963
11
149.6638529999999889
21
-97.1429709999999886
0
LINE
8
F.Silkscreen
6
CONTINUOUS
10
149.6638529999999889
20
-97.1429709999999886
11
149.6642799999999909
21
-97.1427309999999977
0
LINE
8
F.Silkscreen
6
CONTINUOUS
10
149.6642799999999909
20
-97.1427309999999977
11
149.7595179999999857
21
-97.0951120000000003
0
LINE
8
F.Silkscreen
6
CONTINUOUS
10
149.7595179999999857
20
-97.0951120000000003
11
149.759966999999989
21
-97.0949139999999886
0
LINE
8
F.Silkscreen
6
CONTINUOUS
10
149.759966999999989
20
-97.0949139999999886
11
149.773697999999996
21
-97.0896589999999975
0
LINE
8
F.Silkscreen
6
CONTINUOUS
10
149.773697999999996
20
-97.0896589999999975
11
149.7751289999999926
21
-97.089342000000002
0
LINE
8
F.Silkscreen
6
CONTINUOUS
10
149.7751289999999926
20
-97.089342000000002
11
149.7770089999999925
21
-97.0892070000000018
0
LINE
8
F.Silkscreen
6
CONTINUOUS
10
149.7770089999999925
20
-97.0892070000000018
11
149.7787509999999997
21
-97.0884870000000006
0
LINE
8
F.Silkscreen
6
CONTINUOUS
10
149.7787509999999997
20
-97.0884870000000006
11
149.7801729999999907
21
-97.08813099999999
0
LINE
8
F.Silkscreen
6
CONTINUOUS
10
149.7801729999999907
20
-97.08813099999999
11
149.7948049999999967
21
-97.0866899999999902
0
LINE
8
F.Silkscreen
6
CONTINUOUS
10
149.7948049999999967
20
-97.0866899999999902
11
149.7952949999999817
21
-97.0866659999999939
0
LINE
8
F.Silkscreen
6
CONTINUOUS
10
149.7952949999999817
20
-97.0866659999999939
11
149.9381520000000023
21
-97.0866659999999939
0
LINE
8
F.Silkscreen
6
CONTINUOUS
10
149.9381520000000023
20
-97.0866659999999939
11
149.9386419999999873
21
-97.0866899999999902
0
LINE
8
F.Silkscreen
6
CONTINUOUS
10
152.9766799999999876
20
-96.2268430000000023
11
152.9913119999999935
21
-96.2282840000000022
0
LINE
8
F.Silkscreen
6
CONTINUOUS
10
152.9913119999999935
20
-96.2282840000000022
11
152.9927349999999819
21
-96.2286409999999961
0
LINE
8
F.Silkscreen
6
CONTINUOUS
10
152.9927349999999819
20
-96.2286409999999961
11
152.9944739999999967
21
-96.2293609999999973
0
LINE
8
F.Silkscreen
6
CONTINUOUS
10
152.9944739999999967
20
-96.2293609999999973
11
152.9963529999999992
21
-96.229495
0
LINE
8
F.Silkscreen
6
CONTINUOUS
10
152.9963529999999992
20
-96.229495
11
152.9977859999999907
21
-96.2298119999999955
0
LINE
8
F.Silkscreen
6
CONTINUOUS
10
152.9977859999999907
20
-96.2298119999999955
11
153.0115179999999953
21
-96.2350670000000008
0
LINE
8
F.Silkscreen
6
CONTINUOUS
10
153.0115179999999953
20
-96.2350670000000008
11
153.0119669999999985
21
-96.2352649999999983
0
LINE
8
F.Silkscreen
6
CONTINUOUS
10
153.0119669999999985
20
-96.2352649999999983
11
153.1072049999999933
21
-96.2828839999999957
0
LINE
8
F.Silkscreen
6
CONTINUOUS
10
153.1072049999999933
20
-96.2828839999999957
11
153.1076319999999953
21
-96.2831240000000008
0
LINE
8
F.Silkscreen
6
CONTINUOUS
10
153.1076319999999953
20
-96.2831240000000008
11
153.1135730000000024
21
-96.2868619999999993
0
LINE
8
F.Silkscreen
6
CONTINUOUS
10
153.1135730000000024
20
-96.2868619999999993
11
153.1150109999999813
21
-96.2874589999999984
0
LINE
8
F.Silkscreen
6
CONTINUOUS
10
153.1150109999999813
20
-96.2874589999999984
11
153.1162689999999884
21
-96.2882139999999964
0
LINE
8
F.Silkscreen
6
CONTINUOUS
10
153.1162689999999884
20
-96.2882139999999964
11
153.1180789999999945
21
-96.2896999999999963
0
LINE
8
F.Silkscreen
6
CONTINUOUS
10
153.1180789999999945
20
-96.2896999999999963
11
153.1200749999999857
21
-96.2909559999999942
0
LINE
8
F.Silkscreen
6
CONTINUOUS
10
153.1200749999999857
20
-96.2909559999999942
11
153.1211899999999844
21
-96.2919119999999964
0
LINE
8
F.Silkscreen
6
CONTINUOUS
10
153.1211899999999844
20
-96.2919119999999964
11
153.1222129999999879
21
-96.2930920000000015
0
LINE
8
F.Silkscreen
6
CONTINUOUS
10
153.1222129999999879
20
-96.2930920000000015
11
153.127633000000003
21
-96.2975399999999979
0
LINE
8
F.Silkscreen
6
CONTINUOUS
10
153.127633000000003
20
-96.2975399999999979
11
153.1279969999999935
21
-96.2978689999999915
0
LINE
8
F.Silkscreen
6
CONTINUOUS
10
153.1279969999999935
20
-96.2978689999999915
11
153.1756159999999909
21
-96.3454879999999889
0
LINE
8
F.Silkscreen
6
CONTINUOUS
10
153.1756159999999909
20
-96.3454879999999889
11
153.1759449999999845
21
-96.3458519999999936
0
LINE
8
F.Silkscreen
6
CONTINUOUS
10
153.1759449999999845
20
-96.3458519999999936
11
153.1803940000000068
21
-96.3512739999999894
0
LINE
8
F.Silkscreen
6
CONTINUOUS
10
153.1803940000000068
20
-96.3512739999999894
11
153.181572999999986
21
-96.3522959999999955
0
LINE
8
F.Silkscreen
6
CONTINUOUS
10
153.181572999999986
20
-96.3522959999999955
11
153.1825289999999882
21
-96.3534109999999941
0
LINE
8
F.Silkscreen
6
CONTINUOUS
10
153.1825289999999882
20
-96.3534109999999941
11
153.183780999999982
21
-96.3554010000000005
0
LINE
8
F.Silkscreen
6
CONTINUOUS
10
153.183780999999982
20
-96.3554010000000005
11
153.1852710000000002
21
-96.357215999999994
0
LINE
8
F.Silkscreen
6
CONTINUOUS
10
153.1852710000000002
20
-96.357215999999994
11
153.1860259999999982
21
-96.3584749999999985
0
LINE
8
F.Silkscreen
6
CONTINUOUS
10
153.1860259999999982
20
-96.3584749999999985
11
153.1866200000000049
21
-96.3599090000000018
0
LINE
8
F.Silkscreen
6
CONTINUOUS
10
153.1866200000000049
20
-96.3599090000000018
11
153.1903609999999958
21
-96.3658530000000013
0
LINE
8
F.Silkscreen
6
CONTINUOUS
10
153.1903609999999958
20
-96.3658530000000013
11
153.1906009999999867
21
-96.3662799999999891
0
LINE
8
F.Silkscreen
6
CONTINUOUS
10
153.1906009999999867
20
-96.3662799999999891
11
153.2382199999999841
21
-96.4615179999999981
0
LINE
8
F.Silkscreen
6
CONTINUOUS
10
153.2382199999999841
20
-96.4615179999999981
11
153.2384179999999958
21
-96.4619670000000013
0
LINE
8
F.Silkscreen
6
CONTINUOUS
10
153.2384179999999958
20
-96.4619670000000013
11
153.2436730000000011
21
-96.4756979999999942
0
LINE
8
F.Silkscreen
6
CONTINUOUS
10
153.2436730000000011
20
-96.4756979999999942
11
153.2439899999999966
21
-96.477131
0
LINE
8
F.Silkscreen
6
CONTINUOUS
10
153.2439899999999966
20
-96.477131
11
153.2441230000000019
21
-96.4790100000000024
0
LINE
8
F.Silkscreen
6
CONTINUOUS
10
153.2441230000000019
20
-96.4790100000000024
11
153.2448440000000005
21
-96.4807500000000005
0
LINE
8
F.Silkscreen
6
CONTINUOUS
10
153.2448440000000005
20
-96.4807500000000005
11
153.2452009999999802
21
-96.4821729999999889
0
LINE
8
F.Silkscreen
6
CONTINUOUS
10
153.2452009999999802
20
-96.4821729999999889
11
153.24664199999998
21
-96.4968049999999948
0
LINE
8
F.Silkscreen
6
CONTINUOUS
10
153.24664199999998
20
-96.4968049999999948
11
153.2466660000000047
21
-96.497294999999994
0
LINE
8
F.Silkscreen
6
CONTINUOUS
10
153.2466660000000047
20
-96.497294999999994
11
153.2466660000000047
21
-96.5925329999999889
0
LINE
8
F.Silkscreen
6
CONTINUOUS
10
153.2466660000000047
20
-96.5925329999999889
11
153.24664199999998
21
-96.5930230000000023
0
LINE
8
F.Silkscreen
6
CONTINUOUS
10
153.24664199999998
20
-96.5930230000000023
11
153.2459529999999859
21
-96.6000080000000025
0
LINE
8
F.Silkscreen
6
CONTINUOUS
10
153.2459529999999859
20
-96.6000080000000025
11
153.2460639999999898
21
-96.6015579999999972
0
LINE
8
F.Silkscreen
6
CONTINUOUS
10
153.2460639999999898
20
-96.6015579999999972
11
153.2459519999999884
21
-96.6030229999999932
0
LINE
8
F.Silkscreen
6
CONTINUOUS
10
153.2459519999999884
20
-96.6030229999999932
11
153.2454309999999964
21
-96.6053099999999887
0
LINE
8
F.Silkscreen
6
CONTINUOUS
10
153.2454309999999964
20
-96.6053099999999887
11
153.2452009999999802
21
-96.6076539999999966
0
LINE
8
F.Silkscreen
6
CONTINUOUS
10
153.2452009999999802
20
-96.6076539999999966
11
153.2448440000000005
21
-96.6090809999999891
0
LINE
8
F.Silkscreen
6
CONTINUOUS
10
153.2448440000000005
20
-96.6090809999999891
11
153.2442470000000014
21
-96.6105189999999965
0
LINE
8
F.Silkscreen
6
CONTINUOUS
10
153.2442470000000014
20
-96.6105189999999965
11
153.2426930000000027
21
-96.6173589999999933
0
LINE
8
F.Silkscreen
6
CONTINUOUS
10
153.2426930000000027
20
-96.6173589999999933
11
153.2425599999999974
21
-96.6178319999999928
0
LINE
8
F.Silkscreen
6
CONTINUOUS
10
153.2425599999999974
20
-96.6178319999999928
11
153.194941
21
-96.7606880000000018
0
LINE
8
F.Silkscreen
6
CONTINUOUS
10
153.194941
20
-96.7606880000000018
11
153.1947639999999922
21
-96.7611449999999991
0
LINE
8
F.Silkscreen
6
CONTINUOUS
10
153.1947639999999922
20
-96.7611449999999991
11
153.1887700000000052
21
-96.7745709999999946
0
LINE
8
F.Silkscreen
6
CONTINUOUS
10
153.1887700000000052
20
-96.7745709999999946
11
153.1879799999999818
21
-96.7758099999999928
0
LINE
8
F.Silkscreen
6
CONTINUOUS
10
153.1879799999999818
20
-96.7758099999999928
11
153.1867479999999944
21
-96.7772289999999913
0
LINE
8
F.Silkscreen
6
CONTINUOUS
10
153.1867479999999944
20
-96.7772289999999913
11
153.1860279999999932
21
-96.7789700000000011
0
LINE
8
F.Silkscreen
6
CONTINUOUS
10
153.1860279999999932
20
-96.7789700000000011
11
153.1852729999999951
21
-96.7802299999999889
0
LINE
8
F.Silkscreen
6
CONTINUOUS
10
153.1852729999999951
20
-96.7802299999999889
11
153.1759449999999845
21
-96.7915950000000009
0
LINE
8
F.Silkscreen
6
CONTINUOUS
10
153.1759449999999845
20
-96.7915950000000009
11
153.1756159999999909
21
-96.7919589999999914
0
LINE
8
F.Silkscreen
6
CONTINUOUS
10
153.1756159999999909
20
-96.7919589999999914
11
152.7407570000000021
21
-97.2268189999999919
0
LINE
8
F.Silkscreen
6
CONTINUOUS
10
152.7407570000000021
20
-97.2268189999999919
11
153.1666659999999922
21
-97.2268189999999919
0
LINE
8
F.Silkscreen
6
CONTINUOUS
10
153.1666659999999922
20
-97.2268189999999919
11
153.1671560000000056
21
-97.2268430000000023
0
LINE
8
F.Silkscreen
6
CONTINUOUS
10
153.1671560000000056
20
-97.2268430000000023
11
153.1817879999999832
21
-97.2282840000000022
0
LINE
8
F.Silkscreen
6
CONTINUOUS
10
153.1817879999999832
20
-97.2282840000000022
11
153.183211
21
-97.2286409999999961
0
LINE
8
F.Silkscreen
6
CONTINUOUS
10
153.183211
20
-97.2286409999999961
11
153.2102469999999812
21
-97.2398400000000009
0
LINE
8
F.Silkscreen
6
CONTINUOUS
10
153.2102469999999812
20
-97.2398400000000009
11
153.2118700000000047
21
-97.2409229999999951
0
LINE
8
F.Silkscreen
6
CONTINUOUS
10
153.2118700000000047
20
-97.2409229999999951
11
153.2325620000000015
21
-97.2616149999999919
0
LINE
8
F.Silkscreen
6
CONTINUOUS
10
153.2325620000000015
20
-97.2616149999999919
11
153.2336449999999957
21
-97.2632380000000012
0
LINE
8
F.Silkscreen
6
CONTINUOUS
10
153.2336449999999957
20
-97.2632380000000012
11
153.2448440000000005
21
-97.2902739999999966
0
LINE
8
F.Silkscreen
6
CONTINUOUS
10
153.2448440000000005
20
-97.2902739999999966
11
153.2452250000000049
21
-97.2921869999999984
0
LINE
8
F.Silkscreen
6
CONTINUOUS
10
153.2452250000000049
20
-97.2921869999999984
11
153.2452250000000049
21
-97.3214509999999962
0
LINE
8
F.Silkscreen
6
CONTINUOUS
10
153.2452250000000049
20
-97.3214509999999962
11
153.2448440000000005
21
-97.323363999999998
0
LINE
8
F.Silkscreen
6
CONTINUOUS
10
153.2448440000000005
20
-97.323363999999998
11
153.2336449999999957
21
-97.3503999999999934
0
LINE
8
F.Silkscreen
6
CONTINUOUS
10
153.2336449999999957
20
-97.3503999999999934
11
153.2325620000000015
21
-97.3520230000000026
0
LINE
8
F.Silkscreen
6
CONTINUOUS
10
153.2325620000000015
20
-97.3520230000000026
11
153.2118700000000047
21
-97.3727149999999995
0
LINE
8
F.Silkscreen
6
CONTINUOUS
10
153.2118700000000047
20
-97.3727149999999995
11
153.2102469999999812
21
-97.3737979999999936
0
LINE
8
F.Silkscreen
6
CONTINUOUS
10
153.2102469999999812
20
-97.3737979999999936
11
153.183211
21
-97.3849969999999985
0
LINE
8
F.Silkscreen
6
CONTINUOUS
10
153.183211
20
-97.3849969999999985
11
153.1817879999999832
21
-97.3853539999999924
0
LINE
8
F.Silkscreen
6
CONTINUOUS
10
153.1817879999999832
20
-97.3853539999999924
11
153.1671560000000056
21
-97.3867949999999922
0
LINE
8
F.Silkscreen
6
CONTINUOUS
10
153.1671560000000056
20
-97.3867949999999922
11
153.1666659999999922
21
-97.3868190000000027
0
LINE
8
F.Silkscreen
6
CONTINUOUS
10
153.1666659999999922
20
-97.3868190000000027
11
152.5476189999999974
21
-97.3868190000000027
0
LINE
8
F.Silkscreen
6
CONTINUOUS
10
152.5476189999999974
20
-97.3868190000000027
11
152.547128999999984
21
-97.3867949999999922
0
LINE
8
F.Silkscreen
6
CONTINUOUS
10
152.547128999999984
20
-97.3867949999999922
11
152.5324970000000064
21
-97.3853539999999924
0
LINE
8
F.Silkscreen
6
CONTINUOUS
10
152.5324970000000064
20
-97.3853539999999924
11
152.5310739999999896
21
-97.3849969999999985
0
LINE
8
F.Silkscreen
6
CONTINUOUS
10
152.5310739999999896
20
-97.3849969999999985
11
152.50403799999998
21
-97.3737979999999936
0
LINE
8
F.Silkscreen
6
CONTINUOUS
10
152.50403799999998
20
-97.3737979999999936
11
152.502414999999985
21
-97.3727149999999995
0
LINE
8
F.Silkscreen
6
CONTINUOUS
10
152.502414999999985
20
-97.3727149999999995
11
152.4817229999999881
21
-97.3520230000000026
0
LINE
8
F.Silkscreen
6
CONTINUOUS
10
152.4817229999999881
20
-97.3520230000000026
11
152.480639999999994
21
-97.3503999999999934
0
LINE
8
F.Silkscreen
6
CONTINUOUS
10
152.480639999999994
20
-97.3503999999999934
11
152.4694409999999891
21
-97.323363999999998
0
LINE
8
F.Silkscreen
6
CONTINUOUS
10
152.4694409999999891
20
-97.323363999999998
11
152.4690599999999847
21
-97.3214509999999962
0
LINE
8
F.Silkscreen
6
CONTINUOUS
10
152.4690599999999847
20
-97.3214509999999962
11
152.4690599999999847
21
-97.2921869999999984
0
LINE
8
F.Silkscreen
6
CONTINUOUS
10
152.4690599999999847
20
-97.2921869999999984
11
152.4694409999999891
21
-97.2902739999999966
0
LINE
8
F.Silkscreen
6
CONTINUOUS
10
152.4694409999999891
20
-97.2902739999999966
11
152.480639999999994
21
-97.2632380000000012
0
LINE
8
F.Silkscreen
6
CONTINUOUS
10
152.480639999999994
20
-97.2632380000000012
11
152.4813939999999945
21
-97.2619789999999966
0
LINE
8
F.Silkscreen
6
CONTINUOUS
10
152.4813939999999945
20
-97.2619789999999966
11
152.4907209999999793
21
-97.2506139999999988
0
LINE
8
F.Silkscreen
6
CONTINUOUS
10
152.4907209999999793
20
-97.2506139999999988
11
152.4910500000000013
21
-97.2502499999999941
0
LINE
8
F.Silkscreen
6
CONTINUOUS
10
152.4910500000000013
20
-97.2502499999999941
11
153.0491250000000036
21
-96.6921719999999993
0
LINE
8
F.Silkscreen
6
CONTINUOUS
10
153.0491250000000036
20
-96.6921719999999993
11
153.0866659999999797
21
-96.5795519999999925
0
LINE
8
F.Silkscreen
6
CONTINUOUS
10
153.0866659999999797
20
-96.5795519999999925
11
153.0866659999999797
21
-96.5161799999999914
0
LINE
8
F.Silkscreen
6
CONTINUOUS
10
153.0866659999999797
20
-96.5161799999999914
11
153.0533000000000072
21
-96.4494479999999896
0
LINE
8
F.Silkscreen
6
CONTINUOUS
10
153.0533000000000072
20
-96.4494479999999896
11
153.0240369999999928
21
-96.4201849999999894
0
LINE
8
F.Silkscreen
6
CONTINUOUS
10
153.0240369999999928
20
-96.4201849999999894
11
152.957304999999991
21
-96.3868190000000027
0
LINE
8
F.Silkscreen
6
CONTINUOUS
10
152.957304999999991
20
-96.3868190000000027
11
152.7569799999999987
21
-96.3868190000000027
0
LINE
8
F.Silkscreen
6
CONTINUOUS
10
152.7569799999999987
20
-96.3868190000000027
11
152.6902479999999969
21
-96.4201849999999894
0
LINE
8
F.Silkscreen
6
CONTINUOUS
10
152.6902479999999969
20
-96.4201849999999894
11
152.6518069999999909
21
-96.4586259999999953
0
LINE
8
F.Silkscreen
6
CONTINUOUS
10
152.6518069999999909
20
-96.4586259999999953
11
152.6514430000000004
21
-96.4589549999999889
0
LINE
8
F.Silkscreen
6
CONTINUOUS
10
152.6514430000000004
20
-96.4589549999999889
11
152.6400779999999884
21
-96.4682820000000021
0
LINE
8
F.Silkscreen
6
CONTINUOUS
10
152.6400779999999884
20
-96.4682820000000021
11
152.6388189999999838
21
-96.4690360000000027
0
LINE
8
F.Silkscreen
6
CONTINUOUS
10
152.6388189999999838
20
-96.4690360000000027
11
152.6117820000000052
21
-96.4802349999999933
0
LINE
8
F.Silkscreen
6
CONTINUOUS
10
152.6117820000000052
20
-96.4802349999999933
11
152.6098690000000033
21
-96.4806159999999977
0
LINE
8
F.Silkscreen
6
CONTINUOUS
10
152.6098690000000033
20
-96.4806159999999977
11
152.5806069999999863
21
-96.4806159999999977
0
LINE
8
F.Silkscreen
6
CONTINUOUS
10
152.5806069999999863
20
-96.4806159999999977
11
152.5786939999999845
21
-96.4802349999999933
0
LINE
8
F.Silkscreen
6
CONTINUOUS
10
152.5786939999999845
20
-96.4802349999999933
11
152.5516570000000058
21
-96.4690360000000027
0
LINE
8
F.Silkscreen
6
CONTINUOUS
10
152.5516570000000058
20
-96.4690360000000027
11
152.5500339999999824
21
-96.4679529999999943
0
LINE
8
F.Silkscreen
6
CONTINUOUS
10
152.5500339999999824
20
-96.4679529999999943
11
152.5293419999999855
21
-96.4472609999999975
0
LINE
8
F.Silkscreen
6
CONTINUOUS
10
152.5293419999999855
20
-96.4472609999999975
11
152.5282589999999914
21
-96.4456380000000024
0
LINE
8
F.Silkscreen
6
CONTINUOUS
10
152.5282589999999914
20
-96.4456380000000024
11
152.5170599999999865
21
-96.4186009999999953
0
LINE
8
F.Silkscreen
6
CONTINUOUS
10
152.5170599999999865
20
-96.4186009999999953
11
152.5166789999999821
21
-96.4166879999999935
0
LINE
8
F.Silkscreen
6
CONTINUOUS
10
152.5166789999999821
20
-96.4166879999999935
11
152.5166789999999821
21
-96.3874259999999907
0
LINE
8
F.Silkscreen
6
CONTINUOUS
10
152.5166789999999821
20
-96.3874259999999907
11
152.5170599999999865
21
-96.3855129999999889
0
LINE
8
F.Silkscreen
6
CONTINUOUS
10
152.5170599999999865
20
-96.3855129999999889
11
152.5282589999999914
21
-96.358475999999996
0
LINE
8
F.Silkscreen
6
CONTINUOUS
10
152.5282589999999914
20
-96.358475999999996
11
152.529012999999992
21
-96.3572169999999915
0
LINE
8
F.Silkscreen
6
CONTINUOUS
10
152.529012999999992
20
-96.3572169999999915
11
152.5383400000000051
21
-96.3458519999999936
0
LINE
8
F.Silkscreen
6
CONTINUOUS
10
152.5383400000000051
20
-96.3458519999999936
11
152.5386689999999987
21
-96.3454879999999889
0
LINE
8
F.Silkscreen
6
CONTINUOUS
10
152.5386689999999987
20
-96.3454879999999889
11
152.5862879999999961
21
-96.2978689999999915
0
LINE
8
F.Silkscreen
6
CONTINUOUS
10
152.5862879999999961
20
-96.2978689999999915
11
152.5866519999999866
21
-96.2975399999999979
0
LINE
8
F.Silkscreen
6
CONTINUOUS
10
152.5866519999999866
20
-96.2975399999999979
11
152.5920749999999941
21
-96.2930879999999974
0
LINE
8
F.Silkscreen
6
CONTINUOUS
10
152.5920749999999941
20
-96.2930879999999974
11
152.5930970000000002
21
-96.2919109999999989
0
LINE
8
F.Silkscreen
6
CONTINUOUS
10
152.5930970000000002
20
-96.2919109999999989
11
152.5942090000000064
21
-96.2909569999999917
0
LINE
8
F.Silkscreen
6
CONTINUOUS
10
152.5942090000000064
20
-96.2909569999999917
11
152.5962009999999793
21
-96.2897019999999912
0
LINE
8
F.Silkscreen
6
CONTINUOUS
10
152.5962009999999793
20
-96.2897019999999912
11
152.5980169999999987
21
-96.2882129999999989
0
LINE
8
F.Silkscreen
6
CONTINUOUS
10
152.5980169999999987
20
-96.2882129999999989
11
152.5992729999999824
21
-96.2874599999999958
0
LINE
8
F.Silkscreen
6
CONTINUOUS
10
152.5992729999999824
20
-96.2874599999999958
11
152.6007069999999999
21
-96.2868639999999942
0
LINE
8
F.Silkscreen
6
CONTINUOUS
10
152.6007069999999999
20
-96.2868639999999942
11
152.6066529999999943
21
-96.2831240000000008
0
LINE
8
F.Silkscreen
6
CONTINUOUS
10
152.6066529999999943
20
-96.2831240000000008
11
152.6070799999999963
21
-96.2828839999999957
0
LINE
8
F.Silkscreen
6
CONTINUOUS
10
152.6070799999999963
20
-96.2828839999999957
11
152.7023179999999911
21
-96.2352649999999983
0
LINE
8
F.Silkscreen
6
CONTINUOUS
10
152.7023179999999911
20
-96.2352649999999983
11
152.7027669999999944
21
-96.2350670000000008
0
LINE
8
F.Silkscreen
6
CONTINUOUS
10
152.7027669999999944
20
-96.2350670000000008
11
152.7164980000000014
21
-96.2298119999999955
0
LINE
8
F.Silkscreen
6
CONTINUOUS
10
152.7164980000000014
20
-96.2298119999999955
11
152.717928999999998
21
-96.229495
0
LINE
8
F.Silkscreen
6
CONTINUOUS
10
152.717928999999998
20
-96.229495
11
152.7198089999999979
21
-96.2293599999999998
0
LINE
8
F.Silkscreen
6
CONTINUOUS
10
152.7198089999999979
20
-96.2293599999999998
11
152.7215510000000052
21
-96.2286399999999986
0
LINE
8
F.Silkscreen
6
CONTINUOUS
10
152.7215510000000052
20
-96.2286399999999986
11
152.7229729999999961
21
-96.2282840000000022
0
LINE
8
F.Silkscreen
6
CONTINUOUS
10
152.7229729999999961
20
-96.2282840000000022
11
152.7376050000000021
21
-96.2268430000000023
0
LINE
8
F.Silkscreen
6
CONTINUOUS
10
152.7376050000000021
20
-96.2268430000000023
11
152.7380949999999871
21
-96.2268189999999919
0
LINE
8
F.Silkscreen
6
CONTINUOUS
10
152.7380949999999871
20
-96.2268189999999919
11
152.9761900000000026
21
-96.2268189999999919
0
LINE
8
F.Silkscreen
6
CONTINUOUS
10
152.9761900000000026
20
-96.2268189999999919
11
152.9766799999999876
21
-96.2268430000000023
0
LINE
8
F.Silkscreen
6
CONTINUOUS
10
151.3100129999999979
20
-96.2268430000000023
11
151.3246450000000038
21
-96.2282840000000022
0
LINE
8
F.Silkscreen
6
CONTINUOUS
10
151.3246450000000038
20
-96.2282840000000022
11
151.3260679999999923
21
-96.2286409999999961
0
LINE
8
F.Silkscreen
6
CONTINUOUS
10
151.3260679999999923
20
-96.2286409999999961
11
151.3531040000000019
21
-96.2398400000000009
0
LINE
8
F.Silkscreen
6
CONTINUOUS
10
151.3531040000000019
20
-96.2398400000000009
11
151.3547269999999969
21
-96.2409229999999951
0
LINE
8
F.Silkscreen
6
CONTINUOUS
10
151.3547269999999969
20
-96.2409229999999951
11
151.3754189999999937
21
-96.2616149999999919
0
LINE
8
F.Silkscreen
6
CONTINUOUS
10
151.3754189999999937
20
-96.2616149999999919
11
151.3765019999999879
21
-96.2632380000000012
0
LINE
8
F.Silkscreen
6
CONTINUOUS
10
151.3765019999999879
20
-96.2632380000000012
11
151.3877009999999927
21
-96.2902739999999966
0
LINE
8
F.Silkscreen
6
CONTINUOUS
10
151.3877009999999927
20
-96.2902739999999966
11
151.3880819999999972
21
-96.2921869999999984
0
LINE
8
F.Silkscreen
6
CONTINUOUS
10
151.3880819999999972
20
-96.2921869999999984
11
151.3880819999999972
21
-96.3214509999999962
0
LINE
8
F.Silkscreen
6
CONTINUOUS
10
151.3880819999999972
20
-96.3214509999999962
11
151.3877009999999927
21
-96.323363999999998
0
LINE
8
F.Silkscreen
6
CONTINUOUS
10
151.3877009999999927
20
-96.323363999999998
11
151.3765019999999879
21
-96.3503999999999934
0
LINE
8
F.Silkscreen
6
CONTINUOUS
10
151.3765019999999879
20
-96.3503999999999934
11
151.3754189999999937
21
-96.3520230000000026
0
LINE
8
F.Silkscreen
6
CONTINUOUS
10
151.3754189999999937
20
-96.3520230000000026
11
151.3547269999999969
21
-96.3727149999999995
0
LINE
8
F.Silkscreen
6
CONTINUOUS
10
151.3547269999999969
20
-96.3727149999999995
11
151.3531040000000019
21
-96.3737979999999936
0
LINE
8
F.Silkscreen
6
CONTINUOUS
10
151.3531040000000019
20
-96.3737979999999936
11
151.3260679999999923
21
-96.3849969999999985
0
LINE
8
F.Silkscreen
6
CONTINUOUS
10
151.3260679999999923
20
-96.3849969999999985
11
151.3246450000000038
21
-96.3853539999999924
0
LINE
8
F.Silkscreen
6
CONTINUOUS
10
151.3246450000000038
20
-96.3853539999999924
11
151.3100129999999979
21
-96.3867949999999922
0
LINE
8
F.Silkscreen
6
CONTINUOUS
10
151.3100129999999979
20
-96.3867949999999922
11
151.3095229999999844
21
-96.3868190000000027
0
LINE
8
F.Silkscreen
6
CONTINUOUS
10
151.3095229999999844
20
-96.3868190000000027
11
151.1038089999999841
21
-96.3868190000000027
0
LINE
8
F.Silkscreen
6
CONTINUOUS
10
151.1038089999999841
20
-96.3868190000000027
11
151.1038089999999841
21
-97.3068189999999902
0
LINE
8
F.Silkscreen
6
CONTINUOUS
10
151.1038089999999841
20
-97.3068189999999902
11
151.1037849999999878
21
-97.3073089999999894
0
LINE
8
F.Silkscreen
6
CONTINUOUS
10
151.1037849999999878
20
-97.3073089999999894
11
151.102343999999988
21
-97.3219409999999954
0
LINE
8
F.Silkscreen
6
CONTINUOUS
10
151.102343999999988
20
-97.3219409999999954
11
151.1019869999999798
21
-97.323363999999998
0
LINE
8
F.Silkscreen
6
CONTINUOUS
10
151.1019869999999798
20
-97.323363999999998
11
151.0907880000000034
21
-97.3503999999999934
0
LINE
8
F.Silkscreen
6
CONTINUOUS
10
151.0907880000000034
20
-97.3503999999999934
11
151.0897049999999808
21
-97.3520230000000026
0
LINE
8
F.Silkscreen
6
CONTINUOUS
10
151.0897049999999808
20
-97.3520230000000026
11
151.069012999999984
21
-97.3727149999999995
0
LINE
8
F.Silkscreen
6
CONTINUOUS
10
151.069012999999984
20
-97.3727149999999995
11
151.067389999999989
21
-97.3737979999999936
0
LINE
8
F.Silkscreen
6
CONTINUOUS
10
151.067389999999989
20
-97.3737979999999936
11
151.0403539999999794
21
-97.3849969999999985
0
LINE
8
F.Silkscreen
6
CONTINUOUS
10
151.0403539999999794
20
-97.3849969999999985
11
151.0384410000000059
21
-97.3853779999999887
0
LINE
8
F.Silkscreen
6
CONTINUOUS
10
151.0384410000000059
20
-97.3853779999999887
11
151.009176999999994
21
-97.3853779999999887
0
LINE
8
F.Silkscreen
6
CONTINUOUS
10
151.009176999999994
20
-97.3853779999999887
11
151.0072639999999922
21
-97.3849969999999985
0
LINE
8
F.Silkscreen
6
CONTINUOUS
10
151.0072639999999922
20
-97.3849969999999985
11
150.9802279999999826
21
-97.3737979999999936
0
LINE
8
F.Silkscreen
6
CONTINUOUS
10
150.9802279999999826
20
-97.3737979999999936
11
150.9786049999999875
21
-97.3727149999999995
0
LINE
8
F.Silkscreen
6
CONTINUOUS
10
150.9786049999999875
20
-97.3727149999999995
11
150.9579129999999907
21
-97.3520230000000026
0
LINE
8
F.Silkscreen
6
CONTINUOUS
10
150.9579129999999907
20
-97.3520230000000026
11
150.9568299999999965
21
-97.3503999999999934
0
LINE
8
F.Silkscreen
6
CONTINUOUS
10
150.9568299999999965
20
-97.3503999999999934
11
150.9456309999999917
21
-97.323363999999998
0
LINE
8
F.Silkscreen
6
CONTINUOUS
10
150.9456309999999917
20
-97.323363999999998
11
150.9452739999999835
21
-97.3219409999999954
0
LINE
8
F.Silkscreen
6
CONTINUOUS
10
150.9452739999999835
20
-97.3219409999999954
11
150.9438329999999837
21
-97.3073089999999894
0
LINE
8
F.Silkscreen
6
CONTINUOUS
10
150.9438329999999837
20
-97.3073089999999894
11
150.9438089999999875
21
-97.3068189999999902
0
LINE
8
F.Silkscreen
6
CONTINUOUS
10
150.9438089999999875
20
-97.3068189999999902
11
150.9438089999999875
21
-96.3868190000000027
0
LINE
8
F.Silkscreen
6
CONTINUOUS
10
150.9438089999999875
20
-96.3868190000000027
11
150.7380949999999871
21
-96.3868190000000027
0
LINE
8
F.Silkscreen
6
CONTINUOUS
10
150.7380949999999871
20
-96.3868190000000027
11
150.7376050000000021
21
-96.3867949999999922
0
LINE
8
F.Silkscreen
6
CONTINUOUS
10
150.7376050000000021
20
-96.3867949999999922
11
150.7229729999999961
21
-96.3853539999999924
0
LINE
8
F.Silkscreen
6
CONTINUOUS
10
150.7229729999999961
20
-96.3853539999999924
11
150.7215499999999793
21
-96.3849969999999985
0
LINE
8
F.Silkscreen
6
CONTINUOUS
10
150.7215499999999793
20
-96.3849969999999985
11
150.6945139999999981
21
-96.3737979999999936
0
LINE
8
F.Silkscreen
6
CONTINUOUS
10
150.6945139999999981
20
-96.3737979999999936
11
150.692891000000003
21
-96.3727149999999995
0
LINE
8
F.Silkscreen
6
CONTINUOUS
10
150.692891000000003
20
-96.3727149999999995
11
150.6721990000000062
21
-96.3520230000000026
0
LINE
8
F.Silkscreen
6
CONTINUOUS
10
150.6721990000000062
20
-96.3520230000000026
11
150.6711159999999836
21
-96.3503999999999934
0
LINE
8
F.Silkscreen
6
CONTINUOUS
10
150.6711159999999836
20
-96.3503999999999934
11
150.6599170000000072
21
-96.323363999999998
0
LINE
8
F.Silkscreen
6
CONTINUOUS
10
150.6599170000000072
20
-96.323363999999998
11
150.6595360000000028
21
-96.3214509999999962
0
LINE
8
F.Silkscreen
6
CONTINUOUS
10
150.6595360000000028
20
-96.3214509999999962
11
150.6595360000000028
21
-96.2921869999999984
0
LINE
8
F.Silkscreen
6
CONTINUOUS
10
150.6595360000000028
20
-96.2921869999999984
11
150.6599170000000072
21
-96.2902739999999966
0
LINE
8
F.Silkscreen
6
CONTINUOUS
10
150.6599170000000072
20
-96.2902739999999966
11
150.6711159999999836
21
-96.2632380000000012
0
LINE
8
F.Silkscreen
6
CONTINUOUS
10
150.6711159999999836
20
-96.2632380000000012
11
150.6721990000000062
21
-96.2616149999999919
0
LINE
8
F.Silkscreen
6
CONTINUOUS
10
150.6721990000000062
20
-96.2616149999999919
11
150.692891000000003
21
-96.2409229999999951
0
LINE
8
F.Silkscreen
6
CONTINUOUS
10
150.692891000000003
20
-96.2409229999999951
11
150.6945139999999981
21
-96.2398400000000009
0
LINE
8
F.Silkscreen
6
CONTINUOUS
10
150.6945139999999981
20
-96.2398400000000009
11
150.7215499999999793
21
-96.2286409999999961
0
LINE
8
F.Silkscreen
6
CONTINUOUS
10
150.7215499999999793
20
-96.2286409999999961
11
150.7229729999999961
21
-96.2282840000000022
0
LINE
8
F.Silkscreen
6
CONTINUOUS
10
150.7229729999999961
20
-96.2282840000000022
11
150.7376050000000021
21
-96.2268430000000023
0
LINE
8
F.Silkscreen
6
CONTINUOUS
10
150.7376050000000021
20
-96.2268430000000023
11
150.7380949999999871
21
-96.2268189999999919
0
LINE
8
F.Silkscreen
6
CONTINUOUS
10
150.7380949999999871
20
-96.2268189999999919
11
151.3095229999999844
21
-96.2268189999999919
0
LINE
8
F.Silkscreen
6
CONTINUOUS
10
151.3095229999999844
20
-96.2268189999999919
11
151.3100129999999979
21
-96.2268430000000023
0
LINE
8
F.Silkscreen
6
CONTINUOUS
10
152.024298999999985
20
-96.2268430000000023
11
152.0389309999999909
21
-96.2282840000000022
0
LINE
8
F.Silkscreen
6
CONTINUOUS
10
152.0389309999999909
20
-96.2282840000000022
11
152.0403539999999794
21
-96.2286409999999961
0
LINE
8
F.Silkscreen
6
CONTINUOUS
10
152.0403539999999794
20
-96.2286409999999961
11
152.0420929999999942
21
-96.2293609999999973
0
LINE
8
F.Silkscreen
6
CONTINUOUS
10
152.0420929999999942
20
-96.2293609999999973
11
152.0439719999999966
21
-96.229495
0
LINE
8
F.Silkscreen
6
CONTINUOUS
10
152.0439719999999966
20
-96.229495
11
152.0454049999999881
21
-96.2298119999999955
0
LINE
8
F.Silkscreen
6
CONTINUOUS
10
152.0454049999999881
20
-96.2298119999999955
11
152.0591369999999927
21
-96.2350670000000008
0
LINE
8
F.Silkscreen
6
CONTINUOUS
10
152.0591369999999927
20
-96.2350670000000008
11
152.0595859999999959
21
-96.2352649999999983
0
LINE
8
F.Silkscreen
6
CONTINUOUS
10
152.0595859999999959
20
-96.2352649999999983
11
152.1548239999999907
21
-96.2828839999999957
0
LINE
8
F.Silkscreen
6
CONTINUOUS
10
152.1548239999999907
20
-96.2828839999999957
11
152.1552509999999927
21
-96.2831240000000008
0
LINE
8
F.Silkscreen
6
CONTINUOUS
10
152.1552509999999927
20
-96.2831240000000008
11
152.1611919999999998
21
-96.2868619999999993
0
LINE
8
F.Silkscreen
6
CONTINUOUS
10
152.1611919999999998
20
-96.2868619999999993
11
152.1626300000000072
21
-96.2874589999999984
0
LINE
8
F.Silkscreen
6
CONTINUOUS
10
152.1626300000000072
20
-96.2874589999999984
11
152.1638879999999858
21
-96.2882139999999964
0
LINE
8
F.Silkscreen
6
CONTINUOUS
10
152.1638879999999858
20
-96.2882139999999964
11
152.1656979999999919
21
-96.2896999999999963
0
LINE
8
F.Silkscreen
6
CONTINUOUS
10
152.1656979999999919
20
-96.2896999999999963
11
152.1676939999999831
21
-96.2909559999999942
0
LINE
8
F.Silkscreen
6
CONTINUOUS
10
152.1676939999999831
20
-96.2909559999999942
11
152.1688089999999818
21
-96.2919119999999964
0
LINE
8
F.Silkscreen
6
CONTINUOUS
10
152.1688089999999818
20
-96.2919119999999964
11
152.1698319999999853
21
-96.2930920000000015
0
LINE
8
F.Silkscreen
6
CONTINUOUS
10
152.1698319999999853
20
-96.2930920000000015
11
152.1752520000000004
21
-96.2975399999999979
0
LINE
8
F.Silkscreen
6
CONTINUOUS
10
152.1752520000000004
20
-96.2975399999999979
11
152.1756159999999909
21
-96.2978689999999915
0
LINE
8
F.Silkscreen
6
CONTINUOUS
10
152.1756159999999909
20
-96.2978689999999915
11
152.2232349999999883
21
-96.3454879999999889
0
LINE
8
F.Silkscreen
6
CONTINUOUS
10
152.2232349999999883
20
-96.3454879999999889
11
152.2235639999999819
21
-96.3458519999999936
0
LINE
8
F.Silkscreen
6
CONTINUOUS
10
152.2235639999999819
20
-96.3458519999999936
11
152.2280130000000042
21
-96.3512739999999894
0
LINE
8
F.Silkscreen
6
CONTINUOUS
10
152.2280130000000042
20
-96.3512739999999894
11
152.2291919999999834
21
-96.3522959999999955
0
LINE
8
F.Silkscreen
6
CONTINUOUS
10
152.2291919999999834
20
-96.3522959999999955
11
152.2301479999999856
21
-96.3534109999999941
0
LINE
8
F.Silkscreen
6
CONTINUOUS
10
152.2301479999999856
20
-96.3534109999999941
11
152.2313999999999794
21
-96.3554010000000005
0
LINE
8
F.Silkscreen
6
CONTINUOUS
10
152.2313999999999794
20
-96.3554010000000005
11
152.2328899999999976
21
-96.357215999999994
0
LINE
8
F.Silkscreen
6
CONTINUOUS
10
152.2328899999999976
20
-96.357215999999994
11
152.2336449999999957
21
-96.3584749999999985
0
LINE
8
F.Silkscreen
6
CONTINUOUS
10
152.2336449999999957
20
-96.3584749999999985
11
152.2342390000000023
21
-96.3599090000000018
0
LINE
8
F.Silkscreen
6
CONTINUOUS
10
152.2342390000000023
20
-96.3599090000000018
11
152.2379799999999932
21
-96.3658530000000013
0
LINE
8
F.Silkscreen
6
CONTINUOUS
10
152.2379799999999932
20
-96.3658530000000013
11
152.2382199999999841
21
-96.3662799999999891
0
LINE
8
F.Silkscreen
6
CONTINUOUS
10
152.2382199999999841
20
-96.3662799999999891
11
152.2858389999999815
21
-96.4615179999999981
0
LINE
8
F.Silkscreen
6
CONTINUOUS
10
152.2858389999999815
20
-96.4615179999999981
11
152.2860369999999932
21
-96.4619670000000013
0
LINE
8
F.Silkscreen
6
CONTINUOUS
10
152.2860369999999932
20
-96.4619670000000013
11
152.2912919999999986
21
-96.4756979999999942
0
LINE
8
F.Silkscreen
6
CONTINUOUS
10
152.2912919999999986
20
-96.4756979999999942
11
152.291608999999994
21
-96.477131
0
LINE
8
F.Silkscreen
6
CONTINUOUS
10
152.291608999999994
20
-96.477131
11
152.2917419999999993
21
-96.4790100000000024
0
LINE
8
F.Silkscreen
6
CONTINUOUS
10
152.2917419999999993
20
-96.4790100000000024
11
152.2924629999999979
21
-96.4807500000000005
0
LINE
8
F.Silkscreen
6
CONTINUOUS
10
152.2924629999999979
20
-96.4807500000000005
11
152.2928200000000061
21
-96.4821729999999889
0
LINE
8
F.Silkscreen
6
CONTINUOUS
10
152.2928200000000061
20
-96.4821729999999889
11
152.2942610000000059
21
-96.4968049999999948
0
LINE
8
F.Silkscreen
6
CONTINUOUS
10
152.2942610000000059
20
-96.4968049999999948
11
152.2942850000000021
21
-96.497294999999994
0
LINE
8
F.Silkscreen
6
CONTINUOUS
10
152.2942850000000021
20
-96.497294999999994
11
152.2942850000000021
21
-96.6401520000000005
0
LINE
8
F.Silkscreen
6
CONTINUOUS
10
152.2942850000000021
20
-96.6401520000000005
11
152.2942610000000059
21
-96.6406419999999997
0
LINE
8
F.Silkscreen
6
CONTINUOUS
10
152.2942610000000059
20
-96.6406419999999997
11
152.2928200000000061
21
-96.6552739999999915
0
LINE
8
F.Silkscreen
6
CONTINUOUS
10
152.2928200000000061
20
-96.6552739999999915
11
152.2924629999999979
21
-96.6566979999999916
0
LINE
8
F.Silkscreen
6
CONTINUOUS
10
152.2924629999999979
20
-96.6566979999999916
11
152.2917419999999993
21
-96.6584359999999947
0
LINE
8
F.Silkscreen
6
CONTINUOUS
10
152.2917419999999993
20
-96.6584359999999947
11
152.291608999999994
21
-96.6603159999999946
0
LINE
8
F.Silkscreen
6
CONTINUOUS
10
152.291608999999994
20
-96.6603159999999946
11
152.2912919999999986
21
-96.6617490000000004
0
LINE
8
F.Silkscreen
6
CONTINUOUS
10
152.2912919999999986
20
-96.6617490000000004
11
152.2860369999999932
21
-96.6754799999999932
0
LINE
8
F.Silkscreen
6
CONTINUOUS
10
152.2860369999999932
20
-96.6754799999999932
11
152.2858389999999815
21
-96.6759289999999964
0
LINE
8
F.Silkscreen
6
CONTINUOUS
10
152.2858389999999815
20
-96.6759289999999964
11
152.2382199999999841
21
-96.7711669999999913
0
LINE
8
F.Silkscreen
6
CONTINUOUS
10
152.2382199999999841
20
-96.7711669999999913
11
152.2379789999999957
21
-96.7715949999999907
0
LINE
8
F.Silkscreen
6
CONTINUOUS
10
152.2379789999999957
20
-96.7715949999999907
11
152.2342409999999973
21
-96.7775309999999962
0
LINE
8
F.Silkscreen
6
CONTINUOUS
10
152.2342409999999973
20
-96.7775309999999962
11
152.2336459999999931
21
-96.7789709999999985
0
LINE
8
F.Silkscreen
6
CONTINUOUS
10
152.2336459999999931
20
-96.7789709999999985
11
152.2328890000000001
21
-96.780231999999998
0
LINE
8
F.Silkscreen
6
CONTINUOUS
10
152.2328890000000001
20
-96.780231999999998
11
152.2314020000000028
21
-96.7820409999999924
0
LINE
8
F.Silkscreen
6
CONTINUOUS
10
152.2314020000000028
20
-96.7820409999999924
11
152.2301489999999831
21
-96.7840349999999887
0
LINE
8
F.Silkscreen
6
CONTINUOUS
10
152.2301489999999831
20
-96.7840349999999887
11
152.2291899999999885
21
-96.785152999999994
0
LINE
8
F.Silkscreen
6
CONTINUOUS
10
152.2291899999999885
20
-96.785152999999994
11
152.2280120000000068
21
-96.7861729999999909
0
LINE
8
F.Silkscreen
6
CONTINUOUS
10
152.2280120000000068
20
-96.7861729999999909
11
152.2235639999999819
21
-96.7915950000000009
0
LINE
8
F.Silkscreen
6
CONTINUOUS
10
152.2235639999999819
20
-96.7915950000000009
11
152.2232349999999883
21
-96.7919589999999914
0
LINE
8
F.Silkscreen
6
CONTINUOUS
10
152.2232349999999883
20
-96.7919589999999914
11
152.1756159999999909
21
-96.8395779999999888
0
LINE
8
F.Silkscreen
6
CONTINUOUS
10
152.1756159999999909
20
-96.8395779999999888
11
152.1752520000000004
21
-96.8399069999999966
0
LINE
8
F.Silkscreen
6
CONTINUOUS
10
152.1752520000000004
20
-96.8399069999999966
11
152.1698299999999904
21
-96.8443549999999931
0
LINE
8
F.Silkscreen
6
CONTINUOUS
10
152.1698299999999904
20
-96.8443549999999931
11
152.1688099999999793
21
-96.845532999999989
0
LINE
8
F.Silkscreen
6
CONTINUOUS
10
152.1688099999999793
20
-96.845532999999989
11
152.1676919999999882
21
-96.8464919999999978
0
LINE
8
F.Silkscreen
6
CONTINUOUS
10
152.1676919999999882
20
-96.8464919999999978
11
152.1656979999999919
21
-96.8477449999999891
0
LINE
8
F.Silkscreen
6
CONTINUOUS
10
152.1656979999999919
20
-96.8477449999999891
11
152.1638889999999833
21
-96.8492320000000007
0
LINE
8
F.Silkscreen
6
CONTINUOUS
10
152.1638889999999833
20
-96.8492320000000007
11
152.1626279999999838
21
-96.8499889999999937
0
LINE
8
F.Silkscreen
6
CONTINUOUS
10
152.1626279999999838
20
-96.8499889999999937
11
152.1611879999999815
21
-96.8505839999999978
0
LINE
8
F.Silkscreen
6
CONTINUOUS
10
152.1611879999999815
20
-96.8505839999999978
11
152.1552519999999902
21
-96.8543219999999963
0
LINE
8
F.Silkscreen
6
CONTINUOUS
10
152.1552519999999902
20
-96.8543219999999963
11
152.1548239999999907
21
-96.8545629999999989
0
LINE
8
F.Silkscreen
6
CONTINUOUS
10
152.1548239999999907
20
-96.8545629999999989
11
152.0595859999999959
21
-96.9021819999999963
0
LINE
8
F.Silkscreen
6
CONTINUOUS
10
152.0595859999999959
20
-96.9021819999999963
11
152.0591369999999927
21
-96.9023799999999937
0
LINE
8
F.Silkscreen
6
CONTINUOUS
10
152.0591369999999927
20
-96.9023799999999937
11
152.0454049999999881
21
-96.9076349999999991
0
LINE
8
F.Silkscreen
6
CONTINUOUS
10
152.0454049999999881
20
-96.9076349999999991
11
152.0439709999999991
21
-96.907952999999992
0
LINE
8
F.Silkscreen
6
CONTINUOUS
10
152.0439709999999991
20
-96.907952999999992
11
152.0420929999999942
21
-96.9080849999999998
0
LINE
8
F.Silkscreen
6
CONTINUOUS
10
152.0420929999999942
20
-96.9080849999999998
11
152.0403560000000027
21
-96.9088059999999984
0
LINE
8
F.Silkscreen
6
CONTINUOUS
10
152.0403560000000027
20
-96.9088059999999984
11
152.0389309999999909
21
-96.9091629999999924
0
LINE
8
F.Silkscreen
6
CONTINUOUS
10
152.0389309999999909
20
-96.9091629999999924
11
152.024298999999985
21
-96.9106039999999922
0
LINE
8
F.Silkscreen
6
CONTINUOUS
10
152.024298999999985
20
-96.9106039999999922
11
152.023809
21
-96.9106280000000027
0
LINE
8
F.Silkscreen
6
CONTINUOUS
10
152.023809
20
-96.9106280000000027
11
151.7228570000000047
21
-96.9106280000000027
0
LINE
8
F.Silkscreen
6
CONTINUOUS
10
151.7228570000000047
20
-96.9106280000000027
11
151.7228570000000047
21
-97.3068189999999902
0
LINE
8
F.Silkscreen
6
CONTINUOUS
10
151.7228570000000047
20
-97.3068189999999902
11
151.7228329999999801
21
-97.3073089999999894
0
LINE
8
F.Silkscreen
6
CONTINUOUS
10
151.7228329999999801
20
-97.3073089999999894
11
151.7213919999999803
21
-97.3219409999999954
0
LINE
8
F.Silkscreen
6
CONTINUOUS
10
151.7213919999999803
20
-97.3219409999999954
11
151.7210350000000005
21
-97.323363999999998
0
LINE
8
F.Silkscreen
6
CONTINUOUS
10
151.7210350000000005
20
-97.323363999999998
11
151.7098359999999957
21
-97.3503999999999934
0
LINE
8
F.Silkscreen
6
CONTINUOUS
10
151.7098359999999957
20
-97.3503999999999934
11
151.7087530000000015
21
-97.3520230000000026
0
LINE
8
F.Silkscreen
6
CONTINUOUS
10
151.7087530000000015
20
-97.3520230000000026
11
151.6880610000000047
21
-97.3727149999999995
0
LINE
8
F.Silkscreen
6
CONTINUOUS
10
151.6880610000000047
20
-97.3727149999999995
11
151.6864379999999812
21
-97.3737979999999936
0
LINE
8
F.Silkscreen
6
CONTINUOUS
10
151.6864379999999812
20
-97.3737979999999936
11
151.659402
21
-97.3849969999999985
0
LINE
8
F.Silkscreen
6
CONTINUOUS
10
151.659402
20
-97.3849969999999985
11
151.6574889999999982
21
-97.3853779999999887
0
LINE
8
F.Silkscreen
6
CONTINUOUS
10
151.6574889999999982
20
-97.3853779999999887
11
151.6282249999999863
21
-97.3853779999999887
0
LINE
8
F.Silkscreen
6
CONTINUOUS
10
151.6282249999999863
20
-97.3853779999999887
11
151.6263119999999844
21
-97.3849969999999985
0
LINE
8
F.Silkscreen
6
CONTINUOUS
10
151.6263119999999844
20
-97.3849969999999985
11
151.5992760000000033
21
-97.3737979999999936
0
LINE
8
F.Silkscreen
6
CONTINUOUS
10
151.5992760000000033
20
-97.3737979999999936
11
151.5976529999999798
21
-97.3727149999999995
0
LINE
8
F.Silkscreen
6
CONTINUOUS
10
151.5976529999999798
20
-97.3727149999999995
11
151.576960999999983
21
-97.3520230000000026
0
LINE
8
F.Silkscreen
6
CONTINUOUS
10
151.576960999999983
20
-97.3520230000000026
11
151.5758779999999888
21
-97.3503999999999934
0
LINE
8
F.Silkscreen
6
CONTINUOUS
10
151.5758779999999888
20
-97.3503999999999934
11
151.5646789999999839
21
-97.323363999999998
0
LINE
8
F.Silkscreen
6
CONTINUOUS
10
151.5646789999999839
20
-97.323363999999998
11
151.5643220000000042
21
-97.3219409999999954
0
LINE
8
F.Silkscreen
6
CONTINUOUS
10
151.5643220000000042
20
-97.3219409999999954
11
151.5628810000000044
21
-97.3073089999999894
0
LINE
8
F.Silkscreen
6
CONTINUOUS
10
151.5628810000000044
20
-97.3073089999999894
11
151.5628569999999797
21
-97.3068189999999902
0
LINE
8
F.Silkscreen
6
CONTINUOUS
10
151.5628569999999797
20
-97.3068189999999902
11
151.5628569999999797
21
-96.7506279999999919
0
LINE
8
F.Silkscreen
6
CONTINUOUS
10
151.5628569999999797
20
-96.7506279999999919
11
151.7228570000000047
21
-96.7506279999999919
0
LINE
8
F.Silkscreen
6
CONTINUOUS
10
151.7228570000000047
20
-96.7506279999999919
11
152.0049239999999884
21
-96.7506279999999919
0
LINE
8
F.Silkscreen
6
CONTINUOUS
10
152.0049239999999884
20
-96.7506279999999919
11
152.0716559999999902
21
-96.717261999999991
0
LINE
8
F.Silkscreen
6
CONTINUOUS
10
152.0716559999999902
20
-96.717261999999991
11
152.1009190000000046
21
-96.6879989999999907
0
LINE
8
F.Silkscreen
6
CONTINUOUS
10
152.1009190000000046
20
-96.6879989999999907
11
152.1342850000000055
21
-96.6212669999999889
0
LINE
8
F.Silkscreen
6
CONTINUOUS
10
152.1342850000000055
20
-96.6212669999999889
11
152.1342850000000055
21
-96.5161799999999914
0
LINE
8
F.Silkscreen
6
CONTINUOUS
10
152.1342850000000055
20
-96.5161799999999914
11
152.1009190000000046
21
-96.4494479999999896
0
LINE
8
F.Silkscreen
6
CONTINUOUS
10
152.1009190000000046
20
-96.4494479999999896
11
152.0716559999999902
21
-96.4201849999999894
0
LINE
8
F.Silkscreen
6
CONTINUOUS
10
152.0716559999999902
20
-96.4201849999999894
11
152.0049239999999884
21
-96.3868190000000027
0
LINE
8
F.Silkscreen
6
CONTINUOUS
10
152.0049239999999884
20
-96.3868190000000027
11
151.7228570000000047
21
-96.3868190000000027
0
LINE
8
F.Silkscreen
6
CONTINUOUS
10
151.7228570000000047
20
-96.3868190000000027
11
151.7228570000000047
21
-96.7506279999999919
0
LINE
8
F.Silkscreen
6
CONTINUOUS
10
151.7228570000000047
20
-96.7506279999999919
11
151.5628569999999797
21
-96.7506279999999919
0
LINE
8
F.Silkscreen
6
CONTINUOUS
10
151.5628569999999797
20
-96.7506279999999919
11
151.5628569999999797
21
-96.3068189999999902
0
LINE
8
F.Silkscreen
6
CONTINUOUS
10
151.5628569999999797
20
-96.3068189999999902
11
151.5628810000000044
21
-96.306328999999991
0
LINE
8
F.Silkscreen
6
CONTINUOUS
10
151.5628810000000044
20
-96.306328999999991
11
151.5643220000000042
21
-96.2916969999999992
0
LINE
8
F.Silkscreen
6
CONTINUOUS
10
151.5643220000000042
20
-96.2916969999999992
11
151.5646789999999839
21
-96.2902739999999966
0
LINE
8
F.Silkscreen
6
CONTINUOUS
10
151.5646789999999839
20
-96.2902739999999966
11
151.5758779999999888
21
-96.2632380000000012
0
LINE
8
F.Silkscreen
6
CONTINUOUS
10
151.5758779999999888
20
-96.2632380000000012
11
151.576960999999983
21
-96.2616149999999919
0
LINE
8
F.Silkscreen
6
CONTINUOUS
10
151.576960999999983
20
-96.2616149999999919
11
151.5976529999999798
21
-96.2409229999999951
0
LINE
8
F.Silkscreen
6
CONTINUOUS
10
151.5976529999999798
20
-96.2409229999999951
11
151.5992760000000033
21
-96.2398400000000009
0
LINE
8
F.Silkscreen
6
CONTINUOUS
10
151.5992760000000033
20
-96.2398400000000009
11
151.6263119999999844
21
-96.2286409999999961
0
LINE
8
F.Silkscreen
6
CONTINUOUS
10
151.6263119999999844
20
-96.2286409999999961
11
151.6277350000000013
21
-96.2282840000000022
0
LINE
8
F.Silkscreen
6
CONTINUOUS
10
151.6277350000000013
20
-96.2282840000000022
11
151.6423670000000072
21
-96.2268430000000023
0
LINE
8
F.Silkscreen
6
CONTINUOUS
10
151.6423670000000072
20
-96.2268430000000023
11
151.6428569999999922
21
-96.2268189999999919
0
LINE
8
F.Silkscreen
6
CONTINUOUS
10
151.6428569999999922
20
-96.2268189999999919
11
152.023809
21
-96.2268189999999919
0
LINE
8
F.Silkscreen
6
CONTINUOUS
10
152.023809
20
-96.2268189999999919
11
152.024298999999985
21
-96.2268430000000023
0
LINE
8
F.Silkscreen
6
CONTINUOUS
10
147.82043299999998
20
-96.7499749999999921
11
147.8249999999999886
21
-96.7729360000000014
0
LINE
8
F.Silkscreen
6
CONTINUOUS
10
147.8249999999999886
20
-96.7729360000000014
11
147.8249999999999886
21
-97.2270639999999986
0
LINE
8
F.Silkscreen
6
CONTINUOUS
10
147.8249999999999886
20
-97.2270639999999986
11
147.82043299999998
21
-97.2500249999999937
0
LINE
8
F.Silkscreen
6
CONTINUOUS
10
147.82043299999998
20
-97.2500249999999937
11
147.7879609999999957
21
-97.2824969999999922
0
LINE
8
F.Silkscreen
6
CONTINUOUS
10
147.7879609999999957
20
-97.2824969999999922
11
147.7420390000000054
21
-97.2824969999999922
0
LINE
8
F.Silkscreen
6
CONTINUOUS
10
147.7420390000000054
20
-97.2824969999999922
11
147.7095669999999927
21
-97.2500249999999937
0
LINE
8
F.Silkscreen
6
CONTINUOUS
10
147.7095669999999927
20
-97.2500249999999937
11
147.7049999999999841
21
-97.2270639999999986
0
LINE
8
F.Silkscreen
6
CONTINUOUS
10
147.7049999999999841
20
-97.2270639999999986
11
147.7049999999999841
21
-96.7729360000000014
0
LINE
8
F.Silkscreen
6
CONTINUOUS
10
147.7049999999999841
20
-96.7729360000000014
11
147.7095669999999927
21
-96.7499749999999921
0
LINE
8
F.Silkscreen
6
CONTINUOUS
10
147.7095669999999927
20
-96.7499749999999921
11
147.7420390000000054
21
-96.7175029999999936
0
LINE
8
F.Silkscreen
6
CONTINUOUS
10
147.7420390000000054
20
-96.7175029999999936
11
147.7879609999999957
21
-96.7175029999999936
0
LINE
8
F.Silkscreen
6
CONTINUOUS
10
147.7879609999999957
20
-96.7175029999999936
11
147.82043299999998
21
-96.7499749999999921
0
LINE
8
F.Silkscreen
6
CONTINUOUS
10
149.2904330000000073
20
-96.7499749999999921
11
149.2949999999999875
21
-96.7729360000000014
0
LINE
8
F.Silkscreen
6
CONTINUOUS
10
149.2949999999999875
20
-96.7729360000000014
11
149.2949999999999875
21
-97.2270639999999986
0
LINE
8
F.Silkscreen
6
CONTINUOUS
10
149.2949999999999875
20
-97.2270639999999986
11
149.2904330000000073
21
-97.2500249999999937
0
LINE
8
F.Silkscreen
6
CONTINUOUS
10
149.2904330000000073
20
-97.2500249999999937
11
149.2579609999999946
21
-97.2824969999999922
0
LINE
8
F.Silkscreen
6
CONTINUOUS
10
149.2579609999999946
20
-97.2824969999999922
11
149.2120390000000043
21
-97.2824969999999922
0
LINE
8
F.Silkscreen
6
CONTINUOUS
10
149.2120390000000043
20
-97.2824969999999922
11
149.1795669999999916
21
-97.2500249999999937
0
LINE
8
F.Silkscreen
6
CONTINUOUS
10
149.1795669999999916
20
-97.2500249999999937
11
149.1749999999999829
21
-97.2270639999999986
0
LINE
8
F.Silkscreen
6
CONTINUOUS
10
149.1749999999999829
20
-97.2270639999999986
11
149.1749999999999829
21
-96.7729360000000014
0
LINE
8
F.Silkscreen
6
CONTINUOUS
10
149.1749999999999829
20
-96.7729360000000014
11
149.1795669999999916
21
-96.7499749999999921
0
LINE
8
F.Silkscreen
6
CONTINUOUS
10
149.1795669999999916
20
-96.7499749999999921
11
149.2120390000000043
21
-96.7175029999999936
0
LINE
8
F.Silkscreen
6
CONTINUOUS
10
149.2120390000000043
20
-96.7175029999999936
11
149.2579609999999946
21
-96.7175029999999936
0
LINE
8
F.Silkscreen
6
CONTINUOUS
10
149.2579609999999946
20
-96.7175029999999936
11
149.2904330000000073
21
-96.7499749999999921
0
LINE
8
F.Silkscreen
6
CONTINUOUS
10
137.6617249999999899
20
-96.7075359999999904
11
137.6887609999999995
21
-96.7187349999999952
0
LINE
8
F.Silkscreen
6
CONTINUOUS
10
137.6887609999999995
20
-96.7187349999999952
11
137.6903839999999946
21
-96.7198179999999894
0
LINE
8
F.Silkscreen
6
CONTINUOUS
10
137.6903839999999946
20
-96.7198179999999894
11
137.7110759999999914
21
-96.7405100000000004
0
LINE
8
F.Silkscreen
6
CONTINUOUS
10
137.7110759999999914
20
-96.7405100000000004
11
137.7121589999999856
21
-96.7421329999999955
0
LINE
8
F.Silkscreen
6
CONTINUOUS
10
137.7121589999999856
20
-96.7421329999999955
11
137.7233579999999904
21
-96.7691689999999909
0
LINE
8
F.Silkscreen
6
CONTINUOUS
10
137.7233579999999904
20
-96.7691689999999909
11
137.7237149999999986
21
-96.7705919999999935
0
LINE
8
F.Silkscreen
6
CONTINUOUS
10
137.7237149999999986
20
-96.7705919999999935
11
137.7251559999999984
21
-96.7852239999999995
0
LINE
8
F.Silkscreen
6
CONTINUOUS
10
137.7251559999999984
20
-96.7852239999999995
11
137.7251799999999946
21
-96.7857139999999987
0
LINE
8
F.Silkscreen
6
CONTINUOUS
10
137.7251799999999946
20
-96.7857139999999987
11
137.7251799999999946
21
-96.8679699999999997
0
LINE
8
F.Silkscreen
6
CONTINUOUS
10
137.7251799999999946
20
-96.8679699999999997
11
137.7627200000000016
21
-96.9805909999999898
0
LINE
8
F.Silkscreen
6
CONTINUOUS
10
137.7627200000000016
20
-96.9805909999999898
11
137.8312549999999987
21
-97.0491260000000011
0
LINE
8
F.Silkscreen
6
CONTINUOUS
10
137.8312549999999987
20
-97.0491260000000011
11
137.9438749999999914
21
-97.0866659999999939
0
LINE
8
F.Silkscreen
6
CONTINUOUS
10
137.9438749999999914
20
-97.0866659999999939
11
138.6451799999999821
21
-97.0866659999999939
0
LINE
8
F.Silkscreen
6
CONTINUOUS
10
138.6451799999999821
20
-97.0866659999999939
11
138.6456699999999955
21
-97.0866899999999902
0
LINE
8
F.Silkscreen
6
CONTINUOUS
10
138.6456699999999955
20
-97.0866899999999902
11
138.6603020000000015
21
-97.08813099999999
0
LINE
8
F.Silkscreen
6
CONTINUOUS
10
138.6603020000000015
20
-97.08813099999999
11
138.6617249999999899
21
-97.0884879999999981
0
LINE
8
F.Silkscreen
6
CONTINUOUS
10
138.6617249999999899
20
-97.0884879999999981
11
138.6887609999999995
21
-97.0996869999999888
0
LINE
8
F.Silkscreen
6
CONTINUOUS
10
138.6887609999999995
20
-97.0996869999999888
11
138.6903839999999946
21
-97.1007699999999971
0
LINE
8
F.Silkscreen
6
CONTINUOUS
10
138.6903839999999946
20
-97.1007699999999971
11
138.7110759999999914
21
-97.121461999999994
0
LINE
8
F.Silkscreen
6
CONTINUOUS
10
138.7110759999999914
20
-97.121461999999994
11
138.7121589999999856
21
-97.123084999999989
0
LINE
8
F.Silkscreen
6
CONTINUOUS
10
138.7121589999999856
20
-97.123084999999989
11
138.7233579999999904
21
-97.1501209999999986
0
LINE
8
F.Silkscreen
6
CONTINUOUS
10
138.7233579999999904
20
-97.1501209999999986
11
138.7237389999999948
21
-97.1520340000000004
0
LINE
8
F.Silkscreen
6
CONTINUOUS
10
138.7237389999999948
20
-97.1520340000000004
11
138.7237389999999948
21
-97.1812979999999982
0
LINE
8
F.Silkscreen
6
CONTINUOUS
10
138.7237389999999948
20
-97.1812979999999982
11
138.7233579999999904
21
-97.183211
0
LINE
8
F.Silkscreen
6
CONTINUOUS
10
138.7233579999999904
20
-97.183211
11
138.7121589999999856
21
-97.2102469999999954
0
LINE
8
F.Silkscreen
6
CONTINUOUS
10
138.7121589999999856
20
-97.2102469999999954
11
138.7110759999999914
21
-97.2118699999999905
0
LINE
8
F.Silkscreen
6
CONTINUOUS
10
138.7110759999999914
20
-97.2118699999999905
11
138.6903839999999946
21
-97.2325620000000015
0
LINE
8
F.Silkscreen
6
CONTINUOUS
10
138.6903839999999946
20
-97.2325620000000015
11
138.6887609999999995
21
-97.2336449999999957
0
LINE
8
F.Silkscreen
6
CONTINUOUS
10
138.6887609999999995
20
-97.2336449999999957
11
138.6617249999999899
21
-97.2448440000000005
0
LINE
8
F.Silkscreen
6
CONTINUOUS
10
138.6617249999999899
20
-97.2448440000000005
11
138.6603020000000015
21
-97.2452009999999945
0
LINE
8
F.Silkscreen
6
CONTINUOUS
10
138.6603020000000015
20
-97.2452009999999945
11
138.6456699999999955
21
-97.2466419999999943
0
LINE
8
F.Silkscreen
6
CONTINUOUS
10
138.6456699999999955
20
-97.2466419999999943
11
138.6451799999999821
21
-97.2466659999999905
0
LINE
8
F.Silkscreen
6
CONTINUOUS
10
138.6451799999999821
20
-97.2466659999999905
11
137.9308949999999925
21
-97.2466659999999905
0
LINE
8
F.Silkscreen
6
CONTINUOUS
10
137.9308949999999925
20
-97.2466659999999905
11
137.9304050000000075
21
-97.2466419999999943
0
LINE
8
F.Silkscreen
6
CONTINUOUS
10
137.9304050000000075
20
-97.2466419999999943
11
137.9234179999999981
21
-97.2459530000000001
0
LINE
8
F.Silkscreen
6
CONTINUOUS
10
137.9234179999999981
20
-97.2459530000000001
11
137.9218699999999842
21
-97.2460639999999898
0
LINE
8
F.Silkscreen
6
CONTINUOUS
10
137.9218699999999842
20
-97.2460639999999898
11
137.9204049999999881
21
-97.2459520000000026
0
LINE
8
F.Silkscreen
6
CONTINUOUS
10
137.9204049999999881
20
-97.2459520000000026
11
137.9181169999999952
21
-97.2454309999999964
0
LINE
8
F.Silkscreen
6
CONTINUOUS
10
137.9181169999999952
20
-97.2454309999999964
11
137.9157730000000015
21
-97.2452009999999945
0
LINE
8
F.Silkscreen
6
CONTINUOUS
10
137.9157730000000015
20
-97.2452009999999945
11
137.9143479999999897
21
-97.2448440000000005
0
LINE
8
F.Silkscreen
6
CONTINUOUS
10
137.9143479999999897
20
-97.2448440000000005
11
137.9129089999999849
21
-97.2442470000000014
0
LINE
8
F.Silkscreen
6
CONTINUOUS
10
137.9129089999999849
20
-97.2442470000000014
11
137.9060690000000022
21
-97.2426929999999885
0
LINE
8
F.Silkscreen
6
CONTINUOUS
10
137.9060690000000022
20
-97.2426929999999885
11
137.9055960000000027
21
-97.2425599999999974
0
LINE
8
F.Silkscreen
6
CONTINUOUS
10
137.9055960000000027
20
-97.2425599999999974
11
137.762740000000008
21
-97.194941
0
LINE
8
F.Silkscreen
6
CONTINUOUS
10
137.762740000000008
20
-97.194941
11
137.7622829999999965
21
-97.1947639999999922
0
LINE
8
F.Silkscreen
6
CONTINUOUS
10
137.7622829999999965
20
-97.1947639999999922
11
137.7488569999999868
21
-97.188769999999991
0
LINE
8
F.Silkscreen
6
CONTINUOUS
10
137.7488569999999868
20
-97.188769999999991
11
137.747618999999986
21
-97.1879809999999935
0
LINE
8
F.Silkscreen
6
CONTINUOUS
10
137.747618999999986
20
-97.1879809999999935
11
137.7461979999999926
21
-97.1867489999999918
0
LINE
8
F.Silkscreen
6
CONTINUOUS
10
137.7461979999999926
20
-97.1867489999999918
11
137.7444569999999828
21
-97.1860279999999932
0
LINE
8
F.Silkscreen
6
CONTINUOUS
10
137.7444569999999828
20
-97.1860279999999932
11
137.7431980000000067
21
-97.1852729999999951
0
LINE
8
F.Silkscreen
6
CONTINUOUS
10
137.7431980000000067
20
-97.1852729999999951
11
137.7318329999999946
21
-97.1759449999999987
0
LINE
8
F.Silkscreen
6
CONTINUOUS
10
137.7318329999999946
20
-97.1759449999999987
11
137.7314690000000041
21
-97.1756159999999909
0
LINE
8
F.Silkscreen
6
CONTINUOUS
10
137.7314690000000041
20
-97.1756159999999909
11
137.6362309999999809
21
-97.0803779999999961
0
LINE
8
F.Silkscreen
6
CONTINUOUS
10
137.6362309999999809
20
-97.0803779999999961
11
137.6359019999999873
21
-97.0800139999999914
0
LINE
8
F.Silkscreen
6
CONTINUOUS
10
137.6359019999999873
20
-97.0800139999999914
11
137.6265750000000025
21
-97.0686489999999935
0
LINE
8
F.Silkscreen
6
CONTINUOUS
10
137.6265750000000025
20
-97.0686489999999935
11
137.625821000000002
21
-97.067389999999989
0
LINE
8
F.Silkscreen
6
CONTINUOUS
10
137.625821000000002
20
-97.067389999999989
11
137.6251010000000008
21
-97.0656510000000026
0
LINE
8
F.Silkscreen
6
CONTINUOUS
10
137.6251010000000008
20
-97.0656510000000026
11
137.6238659999999925
21
-97.064228
0
LINE
8
F.Silkscreen
6
CONTINUOUS
10
137.6238659999999925
20
-97.064228
11
137.623076999999995
21
-97.0629899999999992
0
LINE
8
F.Silkscreen
6
CONTINUOUS
10
137.623076999999995
20
-97.0629899999999992
11
137.6170829999999796
21
-97.0495650000000012
0
LINE
8
F.Silkscreen
6
CONTINUOUS
10
137.6170829999999796
20
-97.0495650000000012
11
137.6169060000000002
21
-97.0491079999999897
0
LINE
8
F.Silkscreen
6
CONTINUOUS
10
137.6169060000000002
20
-97.0491079999999897
11
137.5692860000000053
21
-96.9062509999999975
0
LINE
8
F.Silkscreen
6
CONTINUOUS
10
137.5692860000000053
20
-96.9062509999999975
11
137.569153
21
-96.9057789999999954
0
LINE
8
F.Silkscreen
6
CONTINUOUS
10
137.569153
20
-96.9057789999999954
11
137.567594999999983
21
-96.8989289999999954
0
LINE
8
F.Silkscreen
6
CONTINUOUS
10
137.567594999999983
20
-96.8989289999999954
11
137.5670020000000022
21
-96.8974970000000013
0
LINE
8
F.Silkscreen
6
CONTINUOUS
10
137.5670020000000022
20
-96.8974970000000013
11
137.5666449999999941
21
-96.8960749999999962
0
LINE
8
F.Silkscreen
6
CONTINUOUS
10
137.5666449999999941
20
-96.8960749999999962
11
137.566412999999983
21
-96.8937329999999974
0
LINE
8
F.Silkscreen
6
CONTINUOUS
10
137.566412999999983
20
-96.8937329999999974
11
137.5658929999999884
21
-96.8914410000000004
0
LINE
8
F.Silkscreen
6
CONTINUOUS
10
137.5658929999999884
20
-96.8914410000000004
11
137.5657819999999845
21
-96.8899799999999942
0
LINE
8
F.Silkscreen
6
CONTINUOUS
10
137.5657819999999845
20
-96.8899799999999942
11
137.5658909999999935
21
-96.8884290000000021
0
LINE
8
F.Silkscreen
6
CONTINUOUS
10
137.5658909999999935
20
-96.8884290000000021
11
137.5652039999999943
21
-96.8814419999999927
0
LINE
8
F.Silkscreen
6
CONTINUOUS
10
137.5652039999999943
20
-96.8814419999999927
11
137.565179999999998
21
-96.8809519999999935
0
LINE
8
F.Silkscreen
6
CONTINUOUS
10
137.565179999999998
20
-96.8809519999999935
11
137.565179999999998
21
-96.7857139999999987
0
LINE
8
F.Silkscreen
6
CONTINUOUS
10
137.565179999999998
20
-96.7857139999999987
11
137.5652039999999943
21
-96.7852239999999995
0
LINE
8
F.Silkscreen
6
CONTINUOUS
10
137.5652039999999943
20
-96.7852239999999995
11
137.5666449999999941
21
-96.7705919999999935
0
LINE
8
F.Silkscreen
6
CONTINUOUS
10
137.5666449999999941
20
-96.7705919999999935
11
137.5670020000000022
21
-96.7691689999999909
0
LINE
8
F.Silkscreen
6
CONTINUOUS
10
137.5670020000000022
20
-96.7691689999999909
11
137.5782010000000071
21
-96.7421329999999955
0
LINE
8
F.Silkscreen
6
CONTINUOUS
10
137.5782010000000071
20
-96.7421329999999955
11
137.5792840000000012
21
-96.7405100000000004
0
LINE
8
F.Silkscreen
6
CONTINUOUS
10
137.5792840000000012
20
-96.7405100000000004
11
137.5999759999999981
21
-96.7198179999999894
0
LINE
8
F.Silkscreen
6
CONTINUOUS
10
137.5999759999999981
20
-96.7198179999999894
11
137.6015989999999931
21
-96.7187349999999952
0
LINE
8
F.Silkscreen
6
CONTINUOUS
10
137.6015989999999931
20
-96.7187349999999952
11
137.6286350000000027
21
-96.7075359999999904
0
LINE
8
F.Silkscreen
6
CONTINUOUS
10
137.6286350000000027
20
-96.7075359999999904
11
137.6305480000000045
21
-96.7071550000000002
0
LINE
8
F.Silkscreen
6
CONTINUOUS
10
137.6305480000000045
20
-96.7071550000000002
11
137.6598119999999881
21
-96.7071550000000002
0
LINE
8
F.Silkscreen
6
CONTINUOUS
10
137.6598119999999881
20
-96.7071550000000002
11
137.6617249999999899
21
-96.7075359999999904
0
LINE
8
F.Silkscreen
6
CONTINUOUS
10
150.4148319999999899
20
-96.1343090000000018
11
150.4294639999999958
21
-96.1357500000000016
0
LINE
8
F.Silkscreen
6
CONTINUOUS
10
150.4294639999999958
20
-96.1357500000000016
11
150.4308869999999843
21
-96.1361069999999955
0
LINE
8
F.Silkscreen
6
CONTINUOUS
10
150.4308869999999843
20
-96.1361069999999955
11
150.4326259999999991
21
-96.1368269999999967
0
LINE
8
F.Silkscreen
6
CONTINUOUS
10
150.4326259999999991
20
-96.1368269999999967
11
150.4345050000000015
21
-96.1369609999999994
0
LINE
8
F.Silkscreen
6
CONTINUOUS
10
150.4345050000000015
20
-96.1369609999999994
11
150.4359379999999931
21
-96.1372779999999949
0
LINE
8
F.Silkscreen
6
CONTINUOUS
10
150.4359379999999931
20
-96.1372779999999949
11
150.4496699999999976
21
-96.1425330000000002
0
LINE
8
F.Silkscreen
6
CONTINUOUS
10
150.4496699999999976
20
-96.1425330000000002
11
150.4501190000000008
21
-96.1427309999999977
0
LINE
8
F.Silkscreen
6
CONTINUOUS
10
150.4501190000000008
20
-96.1427309999999977
11
150.5453569999999957
21
-96.1903499999999951
0
LINE
8
F.Silkscreen
6
CONTINUOUS
10
150.5453569999999957
20
-96.1903499999999951
11
150.5457849999999951
21
-96.1905900000000003
0
LINE
8
F.Silkscreen
6
CONTINUOUS
10
150.5457849999999951
20
-96.1905900000000003
11
150.5517279999999971
21
-96.1943299999999937
0
LINE
8
F.Silkscreen
6
CONTINUOUS
10
150.5517279999999971
20
-96.1943299999999937
11
150.5531599999999912
21
-96.1949240000000003
0
LINE
8
F.Silkscreen
6
CONTINUOUS
10
150.5531599999999912
20
-96.1949240000000003
11
150.5544189999999958
21
-96.1956780000000009
0
LINE
8
F.Silkscreen
6
CONTINUOUS
10
150.5544189999999958
20
-96.1956780000000009
11
150.5562349999999867
21
-96.1971679999999907
0
LINE
8
F.Silkscreen
6
CONTINUOUS
10
150.5562349999999867
20
-96.1971679999999907
11
150.5582279999999855
21
-96.1984229999999911
0
LINE
8
F.Silkscreen
6
CONTINUOUS
10
150.5582279999999855
20
-96.1984229999999911
11
150.5593419999999867
21
-96.1993779999999958
0
LINE
8
F.Silkscreen
6
CONTINUOUS
10
150.5593419999999867
20
-96.1993779999999958
11
150.5603649999999902
21
-96.2005580000000009
0
LINE
8
F.Silkscreen
6
CONTINUOUS
10
150.5603649999999902
20
-96.2005580000000009
11
150.5657839999999794
21
-96.2050049999999999
0
LINE
8
F.Silkscreen
6
CONTINUOUS
10
150.5657839999999794
20
-96.2050049999999999
11
150.5661470000000008
21
-96.2053339999999935
0
LINE
8
F.Silkscreen
6
CONTINUOUS
10
150.5661470000000008
20
-96.2053339999999935
11
150.6137669999999957
21
-96.2529529999999909
0
LINE
8
F.Silkscreen
6
CONTINUOUS
10
150.6137669999999957
20
-96.2529529999999909
11
150.6140969999999868
21
-96.2533169999999956
0
LINE
8
F.Silkscreen
6
CONTINUOUS
10
150.6140969999999868
20
-96.2533169999999956
11
150.6185459999999807
21
-96.2587389999999914
0
LINE
8
F.Silkscreen
6
CONTINUOUS
10
150.6185459999999807
20
-96.2587389999999914
11
150.6197259999999858
21
-96.2597619999999949
0
LINE
8
F.Silkscreen
6
CONTINUOUS
10
150.6197259999999858
20
-96.2597619999999949
11
150.6206809999999905
21
-96.2608749999999986
0
LINE
8
F.Silkscreen
6
CONTINUOUS
10
150.6206809999999905
20
-96.2608749999999986
11
150.6219349999999793
21
-96.262867
0
LINE
8
F.Silkscreen
6
CONTINUOUS
10
150.6219349999999793
20
-96.262867
11
150.6234249999999975
21
-96.2646829999999909
0
LINE
8
F.Silkscreen
6
CONTINUOUS
10
150.6234249999999975
20
-96.2646829999999909
11
150.624178999999998
21
-96.265940999999998
0
LINE
8
F.Silkscreen
6
CONTINUOUS
10
150.624178999999998
20
-96.265940999999998
11
150.6247730000000047
21
-96.2673750000000013
0
LINE
8
F.Silkscreen
6
CONTINUOUS
10
150.6247730000000047
20
-96.2673750000000013
11
150.6285139999999956
21
-96.2733190000000008
0
LINE
8
F.Silkscreen
6
CONTINUOUS
10
150.6285139999999956
20
-96.2733190000000008
11
150.6287539999999865
21
-96.2737460000000027
0
LINE
8
F.Silkscreen
6
CONTINUOUS
10
150.6287539999999865
20
-96.2737460000000027
11
150.6763729999999839
21
-96.3689839999999975
0
LINE
8
F.Silkscreen
6
CONTINUOUS
10
150.6763729999999839
20
-96.3689839999999975
11
150.6765709999999956
21
-96.3694330000000008
0
LINE
8
F.Silkscreen
6
CONTINUOUS
10
150.6765709999999956
20
-96.3694330000000008
11
150.6818260000000009
21
-96.3831639999999936
0
LINE
8
F.Silkscreen
6
CONTINUOUS
10
150.6818260000000009
20
-96.3831639999999936
11
150.6821429999999964
21
-96.3845969999999994
0
LINE
8
F.Silkscreen
6
CONTINUOUS
10
150.6821429999999964
20
-96.3845969999999994
11
150.6822760000000017
21
-96.3864760000000018
0
LINE
8
F.Silkscreen
6
CONTINUOUS
10
150.6822760000000017
20
-96.3864760000000018
11
150.6829970000000003
21
-96.3882159999999999
0
LINE
8
F.Silkscreen
6
CONTINUOUS
10
150.6829970000000003
20
-96.3882159999999999
11
150.68335399999998
21
-96.3896390000000025
0
LINE
8
F.Silkscreen
6
CONTINUOUS
10
150.68335399999998
20
-96.3896390000000025
11
150.6847949999999798
21
-96.4042709999999943
0
LINE
8
F.Silkscreen
6
CONTINUOUS
10
150.6847949999999798
20
-96.4042709999999943
11
150.6848190000000045
21
-96.4047609999999935
0
LINE
8
F.Silkscreen
6
CONTINUOUS
10
150.6848190000000045
20
-96.4047609999999935
11
150.6848190000000045
21
-96.6904749999999922
0
LINE
8
F.Silkscreen
6
CONTINUOUS
10
150.6848190000000045
20
-96.6904749999999922
11
150.6847949999999798
21
-96.6909649999999914
0
LINE
8
F.Silkscreen
6
CONTINUOUS
10
150.6847949999999798
20
-96.6909649999999914
11
150.68335399999998
21
-96.7055969999999974
0
LINE
8
F.Silkscreen
6
CONTINUOUS
10
150.68335399999998
20
-96.7055969999999974
11
150.6829970000000003
21
-96.7070209999999975
0
LINE
8
F.Silkscreen
6
CONTINUOUS
10
150.6829970000000003
20
-96.7070209999999975
11
150.6822760000000017
21
-96.7087590000000006
0
LINE
8
F.Silkscreen
6
CONTINUOUS
10
150.6822760000000017
20
-96.7087590000000006
11
150.6821429999999964
21
-96.7106390000000005
0
LINE
8
F.Silkscreen
6
CONTINUOUS
10
150.6821429999999964
20
-96.7106390000000005
11
150.6818260000000009
21
-96.712071999999992
0
LINE
8
F.Silkscreen
6
CONTINUOUS
10
150.6818260000000009
20
-96.712071999999992
11
150.6765709999999956
21
-96.7258029999999991
0
LINE
8
F.Silkscreen
6
CONTINUOUS
10
150.6765709999999956
20
-96.7258029999999991
11
150.6763729999999839
21
-96.7262520000000023
0
LINE
8
F.Silkscreen
6
CONTINUOUS
10
150.6763729999999839
20
-96.7262520000000023
11
150.6287539999999865
21
-96.8214899999999972
0
LINE
8
F.Silkscreen
6
CONTINUOUS
10
150.6287539999999865
20
-96.8214899999999972
11
150.6285129999999981
21
-96.8219179999999966
0
LINE
8
F.Silkscreen
6
CONTINUOUS
10
150.6285129999999981
20
-96.8219179999999966
11
150.6247749999999996
21
-96.8278540000000021
0
LINE
8
F.Silkscreen
6
CONTINUOUS
10
150.6247749999999996
20
-96.8278540000000021
11
150.6241799999999955
21
-96.8292939999999902
0
LINE
8
F.Silkscreen
6
CONTINUOUS
10
150.6241799999999955
20
-96.8292939999999902
11
150.623424
21
-96.8305539999999922
0
LINE
8
F.Silkscreen
6
CONTINUOUS
10
150.623424
20
-96.8305539999999922
11
150.6219370000000026
21
-96.8323639999999983
0
LINE
8
F.Silkscreen
6
CONTINUOUS
10
150.6219370000000026
20
-96.8323639999999983
11
150.620681999999988
21
-96.8343599999999896
0
LINE
8
F.Silkscreen
6
CONTINUOUS
10
150.620681999999988
20
-96.8343599999999896
11
150.6197249999999883
21
-96.8354750000000024
0
LINE
8
F.Silkscreen
6
CONTINUOUS
10
150.6197249999999883
20
-96.8354750000000024
11
150.6185459999999807
21
-96.8364959999999968
0
LINE
8
F.Silkscreen
6
CONTINUOUS
10
150.6185459999999807
20
-96.8364959999999968
11
150.6140969999999868
21
-96.8419189999999901
0
LINE
8
F.Silkscreen
6
CONTINUOUS
10
150.6140969999999868
20
-96.8419189999999901
11
150.6137669999999957
21
-96.8422829999999948
0
LINE
8
F.Silkscreen
6
CONTINUOUS
10
150.6137669999999957
20
-96.8422829999999948
11
150.5661470000000008
21
-96.8899019999999922
0
LINE
8
F.Silkscreen
6
CONTINUOUS
10
150.5661470000000008
20
-96.8899019999999922
11
150.5657839999999794
21
-96.890231
0
LINE
8
F.Silkscreen
6
CONTINUOUS
10
150.5657839999999794
20
-96.890231
11
150.5544189999999958
21
-96.899557999999999
0
LINE
8
F.Silkscreen
6
CONTINUOUS
10
150.5544189999999958
20
-96.899557999999999
11
150.5531599999999912
21
-96.9003119999999996
0
LINE
8
F.Silkscreen
6
CONTINUOUS
10
150.5531599999999912
20
-96.9003119999999996
11
150.5261239999999816
21
-96.9115099999999927
0
LINE
8
F.Silkscreen
6
CONTINUOUS
10
150.5261239999999816
20
-96.9115099999999927
11
150.5242109999999798
21
-96.9118909999999971
0
LINE
8
F.Silkscreen
6
CONTINUOUS
10
150.5242109999999798
20
-96.9118909999999971
11
150.4949479999999937
21
-96.9118909999999971
0
LINE
8
F.Silkscreen
6
CONTINUOUS
10
150.4949479999999937
20
-96.9118909999999971
11
150.4930349999999919
21
-96.9115099999999927
0
LINE
8
F.Silkscreen
6
CONTINUOUS
10
150.4930349999999919
20
-96.9115099999999927
11
150.4659989999999823
21
-96.9003110000000021
0
LINE
8
F.Silkscreen
6
CONTINUOUS
10
150.4659989999999823
20
-96.9003110000000021
11
150.4643759999999872
21
-96.8992279999999937
0
LINE
8
F.Silkscreen
6
CONTINUOUS
10
150.4643759999999872
20
-96.8992279999999937
11
150.4436829999999929
21
-96.8785349999999994
0
LINE
8
F.Silkscreen
6
CONTINUOUS
10
150.4436829999999929
20
-96.8785349999999994
11
150.4425999999999988
21
-96.8769119999999901
0
LINE
8
F.Silkscreen
6
CONTINUOUS
10
150.4425999999999988
20
-96.8769119999999901
11
150.4314019999999914
21
-96.8498759999999947
0
LINE
8
F.Silkscreen
6
CONTINUOUS
10
150.4314019999999914
20
-96.8498759999999947
11
150.431020999999987
21
-96.8479629999999929
0
LINE
8
F.Silkscreen
6
CONTINUOUS
10
150.431020999999987
20
-96.8479629999999929
11
150.431020999999987
21
-96.8186999999999927
0
LINE
8
F.Silkscreen
6
CONTINUOUS
10
150.431020999999987
20
-96.8186999999999927
11
150.4314019999999914
21
-96.8167869999999908
0
LINE
8
F.Silkscreen
6
CONTINUOUS
10
150.4314019999999914
20
-96.8167869999999908
11
150.4426009999999962
21
-96.7897509999999954
0
LINE
8
F.Silkscreen
6
CONTINUOUS
10
150.4426009999999962
20
-96.7897509999999954
11
150.4433549999999968
21
-96.7884919999999909
0
LINE
8
F.Silkscreen
6
CONTINUOUS
10
150.4433549999999968
20
-96.7884919999999909
11
150.4526829999999791
21
-96.7771259999999955
0
LINE
8
F.Silkscreen
6
CONTINUOUS
10
150.4526829999999791
20
-96.7771259999999955
11
150.4530120000000011
21
-96.7767619999999908
0
LINE
8
F.Silkscreen
6
CONTINUOUS
10
150.4530120000000011
20
-96.7767619999999908
11
150.491453000000007
21
-96.7383200000000016
0
LINE
8
F.Silkscreen
6
CONTINUOUS
10
150.491453000000007
20
-96.7383200000000016
11
150.5248189999999795
21
-96.6715889999999973
0
LINE
8
F.Silkscreen
6
CONTINUOUS
10
150.5248189999999795
20
-96.6715889999999973
11
150.5248189999999795
21
-96.4236459999999909
0
LINE
8
F.Silkscreen
6
CONTINUOUS
10
150.5248189999999795
20
-96.4236459999999909
11
150.4914519999999811
21
-96.3569119999999941
0
LINE
8
F.Silkscreen
6
CONTINUOUS
10
150.4914519999999811
20
-96.3569119999999941
11
150.46219099999999
21
-96.3276520000000005
0
LINE
8
F.Silkscreen
6
CONTINUOUS
10
150.46219099999999
20
-96.3276520000000005
11
150.3954569999999933
21
-96.2942850000000021
0
LINE
8
F.Silkscreen
6
CONTINUOUS
10
150.3954569999999933
20
-96.2942850000000021
11
150.195132000000001
21
-96.2942850000000021
0
LINE
8
F.Silkscreen
6
CONTINUOUS
10
150.195132000000001
20
-96.2942850000000021
11
150.1283999999999992
21
-96.3276509999999888
0
LINE
8
F.Silkscreen
6
CONTINUOUS
10
150.1283999999999992
20
-96.3276509999999888
11
150.0991369999999847
21
-96.3569139999999891
0
LINE
8
F.Silkscreen
6
CONTINUOUS
10
150.0991369999999847
20
-96.3569139999999891
11
150.0657709999999838
21
-96.4236459999999909
0
LINE
8
F.Silkscreen
6
CONTINUOUS
10
150.0657709999999838
20
-96.4236459999999909
11
150.0657709999999838
21
-96.5476179999999999
0
LINE
8
F.Silkscreen
6
CONTINUOUS
10
150.0657709999999838
20
-96.5476179999999999
11
150.0657469999999876
21
-96.5481089999999966
0
LINE
8
F.Silkscreen
6
CONTINUOUS
10
150.0657469999999876
20
-96.5481089999999966
11
150.065023999999994
21
-96.5554339999999911
0
LINE
8
F.Silkscreen
6
CONTINUOUS
10
150.065023999999994
20
-96.5554339999999911
11
150.0651289999999847
21
-96.5569890000000015
0
LINE
8
F.Silkscreen
6
CONTINUOUS
10
150.0651289999999847
20
-96.5569890000000015
11
150.0648759999999982
21
-96.5589279999999945
0
LINE
8
F.Silkscreen
6
CONTINUOUS
10
150.0648759999999982
20
-96.5589279999999945
11
150.0645999999999844
21
-96.5597399999999908
0
LINE
8
F.Silkscreen
6
CONTINUOUS
10
150.0645999999999844
20
-96.5597399999999908
11
150.0643059999999878
21
-96.5627389999999934
0
LINE
8
F.Silkscreen
6
CONTINUOUS
10
150.0643059999999878
20
-96.5627389999999934
11
150.0639489999999796
21
-96.564163999999991
0
LINE
8
F.Silkscreen
6
CONTINUOUS
10
150.0639489999999796
20
-96.564163999999991
11
150.0593509999999924
21
-96.5752609999999976
0
LINE
8
F.Silkscreen
6
CONTINUOUS
10
150.0593509999999924
20
-96.5752609999999976
11
150.0555019999999899
21
-96.5866460000000018
0
LINE
8
F.Silkscreen
6
CONTINUOUS
10
150.0555019999999899
20
-96.5866460000000018
11
150.0545280000000048
21
-96.5883379999999931
0
LINE
8
F.Silkscreen
6
CONTINUOUS
10
150.0545280000000048
20
-96.5883379999999931
11
150.0534020000000055
21
-96.5896240000000006
0
LINE
8
F.Silkscreen
6
CONTINUOUS
10
150.0534020000000055
20
-96.5896240000000006
11
150.0527500000000032
21
-96.5911989999999889
0
LINE
8
F.Silkscreen
6
CONTINUOUS
10
150.0527500000000032
20
-96.5911989999999889
11
150.0516659999999831
21
-96.5928219999999982
0
LINE
8
F.Silkscreen
6
CONTINUOUS
10
150.0516659999999831
20
-96.5928219999999982
11
150.043171000000001
21
-96.6013149999999996
0
LINE
8
F.Silkscreen
6
CONTINUOUS
10
150.043171000000001
20
-96.6013149999999996
11
150.0352579999999989
21
-96.6103609999999975
0
LINE
8
F.Silkscreen
6
CONTINUOUS
10
150.0352579999999989
20
-96.6103609999999975
11
150.0337109999999825
21
-96.6115509999999915
0
LINE
8
F.Silkscreen
6
CONTINUOUS
10
150.0337109999999825
20
-96.6115509999999915
11
150.03218099999998
21
-96.6123070000000013
0
LINE
8
F.Silkscreen
6
CONTINUOUS
10
150.03218099999998
20
-96.6123070000000013
11
150.0309759999999812
21
-96.6135129999999975
0
LINE
8
F.Silkscreen
6
CONTINUOUS
10
150.0309759999999812
20
-96.6135129999999975
11
150.0293519999999887
21
-96.6145969999999892
0
LINE
8
F.Silkscreen
6
CONTINUOUS
10
150.0293519999999887
20
-96.6145969999999892
11
150.0182669999999803
21
-96.6191879999999941
0
LINE
8
F.Silkscreen
6
CONTINUOUS
10
150.0182669999999803
20
-96.6191879999999941
11
150.0074799999999868
21
-96.6245229999999964
0
LINE
8
F.Silkscreen
6
CONTINUOUS
10
150.0074799999999868
20
-96.6245229999999964
11
150.0055949999999996
21
-96.6250299999999953
0
LINE
8
F.Silkscreen
6
CONTINUOUS
10
150.0055949999999996
20
-96.6250299999999953
11
150.0038909999999817
21
-96.6251429999999942
0
LINE
8
F.Silkscreen
6
CONTINUOUS
10
150.0038909999999817
20
-96.6251429999999942
11
150.002317000000005
21
-96.625795999999994
0
LINE
8
F.Silkscreen
6
CONTINUOUS
10
150.002317000000005
20
-96.625795999999994
11
150.0004030000000057
21
-96.6261769999999984
0
LINE
8
F.Silkscreen
6
CONTINUOUS
10
150.0004030000000057
20
-96.6261769999999984
11
149.9883859999999913
21
-96.6261769999999984
0
LINE
8
F.Silkscreen
6
CONTINUOUS
10
149.9883859999999913
20
-96.6261769999999984
11
149.976397999999989
21
-96.6269759999999991
0
LINE
8
F.Silkscreen
6
CONTINUOUS
10
149.976397999999989
20
-96.6269759999999991
11
149.9744629999999859
21
-96.6267229999999984
0
LINE
8
F.Silkscreen
6
CONTINUOUS
10
149.9744629999999859
20
-96.6267229999999984
11
149.9728489999999965
21
-96.6261769999999984
0
LINE
8
F.Silkscreen
6
CONTINUOUS
10
149.9728489999999965
20
-96.6261769999999984
11
149.9711389999999938
21
-96.6261769999999984
0
LINE
8
F.Silkscreen
6
CONTINUOUS
10
149.9711389999999938
20
-96.6261769999999984
11
149.9692249999999945
21
-96.625795999999994
0
LINE
8
F.Silkscreen
6
CONTINUOUS
10
149.9692249999999945
20
-96.625795999999994
11
149.9581309999999803
21
-96.6212000000000018
0
LINE
8
F.Silkscreen
6
CONTINUOUS
10
149.9581309999999803
20
-96.6212000000000018
11
149.9467420000000004
21
-96.6173489999999902
0
LINE
8
F.Silkscreen
6
CONTINUOUS
10
149.9467420000000004
20
-96.6173489999999902
11
149.9454360000000008
21
-96.6166800000000023
0
LINE
8
F.Silkscreen
6
CONTINUOUS
10
149.9454360000000008
20
-96.6166800000000023
11
149.9429789999999798
21
-96.614924000000002
0
LINE
8
F.Silkscreen
6
CONTINUOUS
10
149.9429789999999798
20
-96.614924000000002
11
149.9421899999999823
21
-96.6145969999999892
0
LINE
8
F.Silkscreen
6
CONTINUOUS
10
149.9421899999999823
20
-96.6145969999999892
11
149.9405669999999873
21
-96.613513999999995
0
LINE
8
F.Silkscreen
6
CONTINUOUS
10
149.9405669999999873
20
-96.613513999999995
11
149.9394580000000019
21
-96.6124049999999954
0
LINE
8
F.Silkscreen
6
CONTINUOUS
10
149.9394580000000019
20
-96.6124049999999954
11
149.9334749999999872
21
-96.6081279999999936
0
LINE
8
F.Silkscreen
6
CONTINUOUS
10
149.9334749999999872
20
-96.6081279999999936
11
149.9330899999999929
21
-96.6078239999999937
0
LINE
8
F.Silkscreen
6
CONTINUOUS
10
149.9330899999999929
20
-96.6078239999999937
11
149.6848190000000045
21
-96.390585999999999
0
LINE
8
F.Silkscreen
6
CONTINUOUS
10
149.6848190000000045
20
-96.390585999999999
11
149.6848190000000045
21
-96.8333319999999986
0
LINE
8
F.Silkscreen
6
CONTINUOUS
10
149.6848190000000045
20
-96.8333319999999986
11
149.6847949999999798
21
-96.8338219999999978
0
LINE
8
F.Silkscreen
6
CONTINUOUS
10
149.6847949999999798
20
-96.8338219999999978
11
149.68335399999998
21
-96.8484539999999896
0
LINE
8
F.Silkscreen
6
CONTINUOUS
10
149.68335399999998
20
-96.8484539999999896
11
149.6829970000000003
21
-96.8498769999999922
0
LINE
8
F.Silkscreen
6
CONTINUOUS
10
149.6829970000000003
20
-96.8498769999999922
11
149.6717979999999955
21
-96.8769130000000018
0
LINE
8
F.Silkscreen
6
CONTINUOUS
10
149.6717979999999955
20
-96.8769130000000018
11
149.6707150000000013
21
-96.8785359999999969
0
LINE
8
F.Silkscreen
6
CONTINUOUS
10
149.6707150000000013
20
-96.8785359999999969
11
149.6500230000000045
21
-96.8992279999999937
0
LINE
8
F.Silkscreen
6
CONTINUOUS
10
149.6500230000000045
20
-96.8992279999999937
11
149.648399999999981
21
-96.9003110000000021
0
LINE
8
F.Silkscreen
6
CONTINUOUS
10
149.648399999999981
20
-96.9003110000000021
11
149.6213639999999998
21
-96.9115099999999927
0
LINE
8
F.Silkscreen
6
CONTINUOUS
10
149.6213639999999998
20
-96.9115099999999927
11
149.619450999999998
21
-96.9118909999999971
0
LINE
8
F.Silkscreen
6
CONTINUOUS
10
149.619450999999998
20
-96.9118909999999971
11
149.590186999999986
21
-96.9118909999999971
0
LINE
8
F.Silkscreen
6
CONTINUOUS
10
149.590186999999986
20
-96.9118909999999971
11
149.5882739999999842
21
-96.9115099999999927
0
LINE
8
F.Silkscreen
6
CONTINUOUS
10
149.5882739999999842
20
-96.9115099999999927
11
149.561238000000003
21
-96.9003110000000021
0
LINE
8
F.Silkscreen
6
CONTINUOUS
10
149.561238000000003
20
-96.9003110000000021
11
149.5596149999999795
21
-96.8992279999999937
0
LINE
8
F.Silkscreen
6
CONTINUOUS
10
149.5596149999999795
20
-96.8992279999999937
11
149.5389229999999827
21
-96.8785359999999969
0
LINE
8
F.Silkscreen
6
CONTINUOUS
10
149.5389229999999827
20
-96.8785359999999969
11
149.5378399999999885
21
-96.8769130000000018
0
LINE
8
F.Silkscreen
6
CONTINUOUS
10
149.5378399999999885
20
-96.8769130000000018
11
149.5266409999999837
21
-96.8498769999999922
0
LINE
8
F.Silkscreen
6
CONTINUOUS
10
149.5266409999999837
20
-96.8498769999999922
11
149.526284000000004
21
-96.8484539999999896
0
LINE
8
F.Silkscreen
6
CONTINUOUS
10
149.526284000000004
20
-96.8484539999999896
11
149.5248430000000042
21
-96.8338219999999978
0
LINE
8
F.Silkscreen
6
CONTINUOUS
10
149.5248430000000042
20
-96.8338219999999978
11
149.5248189999999795
21
-96.8333319999999986
0
LINE
8
F.Silkscreen
6
CONTINUOUS
10
149.5248189999999795
20
-96.8333319999999986
11
149.5248189999999795
21
-96.2142849999999896
0
LINE
8
F.Silkscreen
6
CONTINUOUS
10
149.5248189999999795
20
-96.2142849999999896
11
149.5248430000000042
21
-96.2137949999999904
0
LINE
8
F.Silkscreen
6
CONTINUOUS
10
149.5248430000000042
20
-96.2137949999999904
11
149.5255640000000028
21
-96.2064659999999918
0
LINE
8
F.Silkscreen
6
CONTINUOUS
10
149.5255640000000028
20
-96.2064659999999918
11
149.5254610000000071
21
-96.2049109999999956
0
LINE
8
F.Silkscreen
6
CONTINUOUS
10
149.5254610000000071
20
-96.2049109999999956
11
149.5257129999999961
21
-96.2029789999999991
0
LINE
8
F.Silkscreen
6
CONTINUOUS
10
149.5257129999999961
20
-96.2029789999999991
11
149.5259869999999864
21
-96.2021649999999937
0
LINE
8
F.Silkscreen
6
CONTINUOUS
10
149.5259869999999864
20
-96.2021649999999937
11
149.526284000000004
21
-96.1991620000000012
0
LINE
8
F.Silkscreen
6
CONTINUOUS
10
149.526284000000004
20
-96.1991620000000012
11
149.5266409999999837
21
-96.197739999999996
0
LINE
8
F.Silkscreen
6
CONTINUOUS
10
149.5266409999999837
20
-96.197739999999996
11
149.5312389999999994
21
-96.1866369999999904
0
LINE
8
F.Silkscreen
6
CONTINUOUS
10
149.5312389999999994
20
-96.1866369999999904
11
149.5350889999999993
21
-96.1752559999999903
0
LINE
8
F.Silkscreen
6
CONTINUOUS
10
149.5350889999999993
20
-96.1752559999999903
11
149.536059999999992
21
-96.1735679999999888
0
LINE
8
F.Silkscreen
6
CONTINUOUS
10
149.536059999999992
20
-96.1735679999999888
11
149.5371859999999913
21
-96.172278999999989
0
LINE
8
F.Silkscreen
6
CONTINUOUS
10
149.5371859999999913
20
-96.172278999999989
11
149.537840999999986
21
-96.170700999999994
0
LINE
8
F.Silkscreen
6
CONTINUOUS
10
149.537840999999986
20
-96.170700999999994
11
149.5389229999999827
21
-96.1690819999999889
0
LINE
8
F.Silkscreen
6
CONTINUOUS
10
149.5389229999999827
20
-96.1690819999999889
11
149.5474099999999851
21
-96.1605929999999915
0
LINE
8
F.Silkscreen
6
CONTINUOUS
10
149.5474099999999851
20
-96.1605929999999915
11
149.5553319999999928
21
-96.1515409999999946
0
LINE
8
F.Silkscreen
6
CONTINUOUS
10
149.5553319999999928
20
-96.1515409999999946
11
149.5568769999999859
21
-96.1503529999999955
0
LINE
8
F.Silkscreen
6
CONTINUOUS
10
149.5568769999999859
20
-96.1503529999999955
11
149.5584079999999858
21
-96.1495949999999908
0
LINE
8
F.Silkscreen
6
CONTINUOUS
10
149.5584079999999858
20
-96.1495949999999908
11
149.5596160000000054
21
-96.1483879999999971
0
LINE
8
F.Silkscreen
6
CONTINUOUS
10
149.5596160000000054
20
-96.1483879999999971
11
149.5612370000000055
21
-96.1473060000000004
0
LINE
8
F.Silkscreen
6
CONTINUOUS
10
149.5612370000000055
20
-96.1473060000000004
11
149.5723329999999862
21
-96.1427079999999989
0
LINE
8
F.Silkscreen
6
CONTINUOUS
10
149.5723329999999862
20
-96.1427079999999989
11
149.5831110000000024
21
-96.1373799999999932
0
LINE
8
F.Silkscreen
6
CONTINUOUS
10
149.5831110000000024
20
-96.1373799999999932
11
149.5849929999999972
21
-96.1368729999999942
0
LINE
8
F.Silkscreen
6
CONTINUOUS
10
149.5849929999999972
20
-96.1368729999999942
11
149.5866969999999867
21
-96.1367580000000004
0
LINE
8
F.Silkscreen
6
CONTINUOUS
10
149.5866969999999867
20
-96.1367580000000004
11
149.5882749999999817
21
-96.1361059999999981
0
LINE
8
F.Silkscreen
6
CONTINUOUS
10
149.5882749999999817
20
-96.1361059999999981
11
149.590186999999986
21
-96.1357259999999911
0
LINE
8
F.Silkscreen
6
CONTINUOUS
10
149.590186999999986
20
-96.1357259999999911
11
149.6022040000000004
21
-96.1357259999999911
0
LINE
8
F.Silkscreen
6
CONTINUOUS
10
149.6022040000000004
20
-96.1357259999999911
11
149.6141920000000027
21
-96.1349269999999905
0
LINE
8
F.Silkscreen
6
CONTINUOUS
10
149.6141920000000027
20
-96.1349269999999905
11
149.6161270000000059
21
-96.1351799999999912
0
LINE
8
F.Silkscreen
6
CONTINUOUS
10
149.6161270000000059
20
-96.1351799999999912
11
149.6177409999999952
21
-96.1357259999999911
0
LINE
8
F.Silkscreen
6
CONTINUOUS
10
149.6177409999999952
20
-96.1357259999999911
11
149.619450999999998
21
-96.1357259999999911
0
LINE
8
F.Silkscreen
6
CONTINUOUS
10
149.619450999999998
20
-96.1357259999999911
11
149.6213639999999998
21
-96.1361069999999955
0
LINE
8
F.Silkscreen
6
CONTINUOUS
10
149.6213639999999998
20
-96.1361069999999955
11
149.6324649999999963
21
-96.140704999999997
0
LINE
8
F.Silkscreen
6
CONTINUOUS
10
149.6324649999999963
20
-96.140704999999997
11
149.6438479999999913
21
-96.1445549999999969
0
LINE
8
F.Silkscreen
6
CONTINUOUS
10
149.6438479999999913
20
-96.1445549999999969
11
149.6451539999999909
21
-96.1452230000000014
0
LINE
8
F.Silkscreen
6
CONTINUOUS
10
149.6451539999999909
20
-96.1452230000000014
11
149.6476069999999936
21
-96.1469759999999951
0
LINE
8
F.Silkscreen
6
CONTINUOUS
10
149.6476069999999936
20
-96.1469759999999951
11
149.6484020000000044
21
-96.1473060000000004
0
LINE
8
F.Silkscreen
6
CONTINUOUS
10
149.6484020000000044
20
-96.1473060000000004
11
149.6500230000000045
21
-96.1483889999999946
0
LINE
8
F.Silkscreen
6
CONTINUOUS
10
149.6500230000000045
20
-96.1483889999999946
11
149.6511299999999949
21
-96.1494959999999992
0
LINE
8
F.Silkscreen
6
CONTINUOUS
10
149.6511299999999949
20
-96.1494959999999992
11
149.6571150000000046
21
-96.153774999999996
0
LINE
8
F.Silkscreen
6
CONTINUOUS
10
149.6571150000000046
20
-96.153774999999996
11
149.6574999999999989
21
-96.1540789999999959
0
LINE
8
F.Silkscreen
6
CONTINUOUS
10
149.6574999999999989
20
-96.1540789999999959
11
149.9114099999999894
21
-96.3762490000000014
0
LINE
8
F.Silkscreen
6
CONTINUOUS
10
149.9114099999999894
20
-96.3762490000000014
11
149.9140189999999961
21
-96.3694330000000008
0
LINE
8
F.Silkscreen
6
CONTINUOUS
10
149.9140189999999961
20
-96.3694330000000008
11
149.9142169999999794
21
-96.3689839999999975
0
LINE
8
F.Silkscreen
6
CONTINUOUS
10
149.9142169999999794
20
-96.3689839999999975
11
149.9618360000000052
21
-96.2737460000000027
0
LINE
8
F.Silkscreen
6
CONTINUOUS
10
149.9618360000000052
20
-96.2737460000000027
11
149.9620759999999962
21
-96.2733190000000008
0
LINE
8
F.Silkscreen
6
CONTINUOUS
10
149.9620759999999962
20
-96.2733190000000008
11
149.9658159999999896
21
-96.2673729999999921
0
LINE
8
F.Silkscreen
6
CONTINUOUS
10
149.9658159999999896
20
-96.2673729999999921
11
149.9664119999999912
21
-96.2659389999999888
0
LINE
8
F.Silkscreen
6
CONTINUOUS
10
149.9664119999999912
20
-96.2659389999999888
11
149.9671649999999943
21
-96.2646829999999909
0
LINE
8
F.Silkscreen
6
CONTINUOUS
10
149.9671649999999943
20
-96.2646829999999909
11
149.9686539999999866
21
-96.262867
0
LINE
8
F.Silkscreen
6
CONTINUOUS
10
149.9686539999999866
20
-96.262867
11
149.9699090000000012
21
-96.2608749999999986
0
LINE
8
F.Silkscreen
6
CONTINUOUS
10
149.9699090000000012
20
-96.2608749999999986
11
149.97086299999998
21
-96.2597629999999924
0
LINE
8
F.Silkscreen
6
CONTINUOUS
10
149.97086299999998
20
-96.2597629999999924
11
149.9720399999999927
21
-96.2587410000000006
0
LINE
8
F.Silkscreen
6
CONTINUOUS
10
149.9720399999999927
20
-96.2587410000000006
11
149.976491999999979
21
-96.253317999999993
0
LINE
8
F.Silkscreen
6
CONTINUOUS
10
149.976491999999979
20
-96.253317999999993
11
149.976821000000001
21
-96.2529540000000026
0
LINE
8
F.Silkscreen
6
CONTINUOUS
10
149.976821000000001
20
-96.2529540000000026
11
150.0244399999999985
21
-96.2053349999999909
0
LINE
8
F.Silkscreen
6
CONTINUOUS
10
150.0244399999999985
20
-96.2053349999999909
11
150.0248039999999889
21
-96.2050059999999974
0
LINE
8
F.Silkscreen
6
CONTINUOUS
10
150.0248039999999889
20
-96.2050059999999974
11
150.0302269999999965
21
-96.2005539999999968
0
LINE
8
F.Silkscreen
6
CONTINUOUS
10
150.0302269999999965
20
-96.2005539999999968
11
150.0312490000000025
21
-96.1993769999999984
0
LINE
8
F.Silkscreen
6
CONTINUOUS
10
150.0312490000000025
20
-96.1993769999999984
11
150.0323609999999803
21
-96.1984229999999911
0
LINE
8
F.Silkscreen
6
CONTINUOUS
10
150.0323609999999803
20
-96.1984229999999911
11
150.0343529999999816
21
-96.1971679999999907
0
LINE
8
F.Silkscreen
6
CONTINUOUS
10
150.0343529999999816
20
-96.1971679999999907
11
150.036169000000001
21
-96.1956789999999984
0
LINE
8
F.Silkscreen
6
CONTINUOUS
10
150.036169000000001
20
-96.1956789999999984
11
150.0374249999999847
21
-96.1949259999999953
0
LINE
8
F.Silkscreen
6
CONTINUOUS
10
150.0374249999999847
20
-96.1949259999999953
11
150.0388590000000022
21
-96.1943299999999937
0
LINE
8
F.Silkscreen
6
CONTINUOUS
10
150.0388590000000022
20
-96.1943299999999937
11
150.0448049999999967
21
-96.1905900000000003
0
LINE
8
F.Silkscreen
6
CONTINUOUS
10
150.0448049999999967
20
-96.1905900000000003
11
150.0452319999999986
21
-96.1903499999999951
0
LINE
8
F.Silkscreen
6
CONTINUOUS
10
150.0452319999999986
20
-96.1903499999999951
11
150.1404699999999934
21
-96.1427309999999977
0
LINE
8
F.Silkscreen
6
CONTINUOUS
10
150.1404699999999934
20
-96.1427309999999977
11
150.1409189999999967
21
-96.1425330000000002
0
LINE
8
F.Silkscreen
6
CONTINUOUS
10
150.1409189999999967
20
-96.1425330000000002
11
150.1546500000000037
21
-96.1372779999999949
0
LINE
8
F.Silkscreen
6
CONTINUOUS
10
150.1546500000000037
20
-96.1372779999999949
11
150.1560810000000004
21
-96.1369609999999994
0
LINE
8
F.Silkscreen
6
CONTINUOUS
10
150.1560810000000004
20
-96.1369609999999994
11
150.1579610000000002
21
-96.1368259999999992
0
LINE
8
F.Silkscreen
6
CONTINUOUS
10
150.1579610000000002
20
-96.1368259999999992
11
150.1597029999999791
21
-96.1361059999999981
0
LINE
8
F.Silkscreen
6
CONTINUOUS
10
150.1597029999999791
20
-96.1361059999999981
11
150.1611249999999984
21
-96.1357500000000016
0
LINE
8
F.Silkscreen
6
CONTINUOUS
10
150.1611249999999984
20
-96.1357500000000016
11
150.1757570000000044
21
-96.1343090000000018
0
LINE
8
F.Silkscreen
6
CONTINUOUS
10
150.1757570000000044
20
-96.1343090000000018
11
150.1762469999999894
21
-96.1342849999999913
0
LINE
8
F.Silkscreen
6
CONTINUOUS
10
150.1762469999999894
20
-96.1342849999999913
11
150.4143420000000049
21
-96.1342849999999913
0
LINE
8
F.Silkscreen
6
CONTINUOUS
10
150.4143420000000049
20
-96.1342849999999913
11
150.4148319999999899
21
-96.1343090000000018
0
LINE
8
F.Silkscreen
6
CONTINUOUS
10
139.2931879999999865
20
-93.5334900000000005
11
139.4761110000000031
21
-93.6092599999999919
0
LINE
8
F.Silkscreen
6
CONTINUOUS
10
139.4761110000000031
20
-93.6092599999999919
11
139.6407370000000014
21
-93.7192589999999939
0
LINE
8
F.Silkscreen
6
CONTINUOUS
10
139.6407370000000014
20
-93.7192589999999939
11
139.7807410000000061
21
-93.8592629999999986
0
LINE
8
F.Silkscreen
6
CONTINUOUS
10
139.7807410000000061
20
-93.8592629999999986
11
139.8907399999999939
21
-94.0238889999999969
0
LINE
8
F.Silkscreen
6
CONTINUOUS
10
139.8907399999999939
20
-94.0238889999999969
11
139.9665099999999995
21
-94.2068119999999993
0
LINE
8
F.Silkscreen
6
CONTINUOUS
10
139.9665099999999995
20
-94.2068119999999993
11
140.0051369999999906
21
-94.4010029999999887
0
LINE
8
F.Silkscreen
6
CONTINUOUS
10
140.0051369999999906
20
-94.4010029999999887
11
140.0051369999999906
21
-94.5989969999999971
0
LINE
8
F.Silkscreen
6
CONTINUOUS
10
140.0051369999999906
20
-94.5989969999999971
11
139.9665099999999995
21
-94.7931880000000007
0
LINE
8
F.Silkscreen
6
CONTINUOUS
10
139.9665099999999995
20
-94.7931880000000007
11
139.8907399999999939
21
-94.9761109999999888
0
LINE
8
F.Silkscreen
6
CONTINUOUS
10
139.8907399999999939
20
-94.9761109999999888
11
139.7807410000000061
21
-95.1407370000000014
0
LINE
8
F.Silkscreen
6
CONTINUOUS
10
139.7807410000000061
20
-95.1407370000000014
11
139.6407370000000014
21
-95.2807409999999919
0
LINE
8
F.Silkscreen
6
CONTINUOUS
10
139.6407370000000014
20
-95.2807409999999919
11
139.4761110000000031
21
-95.3907399999999939
0
LINE
8
F.Silkscreen
6
CONTINUOUS
10
139.4761110000000031
20
-95.3907399999999939
11
139.2931879999999865
21
-95.4665099999999995
0
LINE
8
F.Silkscreen
6
CONTINUOUS
10
139.2931879999999865
20
-95.4665099999999995
11
139.0989969999999971
21
-95.5051369999999906
0
LINE
8
F.Silkscreen
6
CONTINUOUS
10
139.0989969999999971
20
-95.5051369999999906
11
138.9010030000000029
21
-95.5051369999999906
0
LINE
8
F.Silkscreen
6
CONTINUOUS
10
138.9010030000000029
20
-95.5051369999999906
11
138.7068119999999851
21
-95.4665099999999995
0
LINE
8
F.Silkscreen
6
CONTINUOUS
10
138.7068119999999851
20
-95.4665099999999995
11
138.5238889999999969
21
-95.3907399999999939
0
LINE
8
F.Silkscreen
6
CONTINUOUS
10
138.5238889999999969
20
-95.3907399999999939
11
138.3592629999999986
21
-95.2807409999999919
0
LINE
8
F.Silkscreen
6
CONTINUOUS
10
138.3592629999999986
20
-95.2807409999999919
11
138.2192589999999939
21
-95.1407370000000014
0
LINE
8
F.Silkscreen
6
CONTINUOUS
10
138.2192589999999939
20
-95.1407370000000014
11
138.1092600000000061
21
-94.9761109999999888
0
LINE
8
F.Silkscreen
6
CONTINUOUS
10
138.1092600000000061
20
-94.9761109999999888
11
138.0334900000000005
21
-94.7931880000000007
0
LINE
8
F.Silkscreen
6
CONTINUOUS
10
138.0334900000000005
20
-94.7931880000000007
11
137.994862999999981
21
-94.5989969999999971
0
LINE
8
F.Silkscreen
6
CONTINUOUS
10
137.994862999999981
20
-94.5989969999999971
11
137.994862999999981
21
-94.4127649999999932
0
LINE
8
F.Silkscreen
6
CONTINUOUS
10
137.994862999999981
20
-94.4127649999999932
11
138.1142859999999928
21
-94.4127649999999932
0
LINE
8
F.Silkscreen
6
CONTINUOUS
10
138.1142859999999928
20
-94.4127649999999932
11
138.1142859999999928
21
-94.5872349999999926
0
LINE
8
F.Silkscreen
6
CONTINUOUS
10
138.1142859999999928
20
-94.5872349999999926
11
138.1483230000000049
21
-94.7583529999999996
0
LINE
8
F.Silkscreen
6
CONTINUOUS
10
138.1483230000000049
20
-94.7583529999999996
11
138.2150900000000036
21
-94.9195429999999902
0
LINE
8
F.Silkscreen
6
CONTINUOUS
10
138.2150900000000036
20
-94.9195429999999902
11
138.3120209999999872
21
-95.0646100000000018
0
LINE
8
F.Silkscreen
6
CONTINUOUS
10
138.3120209999999872
20
-95.0646100000000018
11
138.435389999999984
21
-95.1879789999999986
0
LINE
8
F.Silkscreen
6
CONTINUOUS
10
138.435389999999984
20
-95.1879789999999986
11
138.5804569999999956
21
-95.2849099999999964
0
LINE
8
F.Silkscreen
6
CONTINUOUS
10
138.5804569999999956
20
-95.2849099999999964
11
138.7416470000000004
21
-95.3516769999999951
0
LINE
8
F.Silkscreen
6
CONTINUOUS
10
138.7416470000000004
20
-95.3516769999999951
11
138.9127650000000074
21
-95.385713999999993
0
LINE
8
F.Silkscreen
6
CONTINUOUS
10
138.9127650000000074
20
-95.385713999999993
11
139.0872349999999926
21
-95.385713999999993
0
LINE
8
F.Silkscreen
6
CONTINUOUS
10
139.0872349999999926
20
-95.385713999999993
11
139.2583529999999996
21
-95.3516769999999951
0
LINE
8
F.Silkscreen
6
CONTINUOUS
10
139.2583529999999996
20
-95.3516769999999951
11
139.4195430000000044
21
-95.2849099999999964
0
LINE
8
F.Silkscreen
6
CONTINUOUS
10
139.4195430000000044
20
-95.2849099999999964
11
139.5646099999999876
21
-95.1879789999999986
0
LINE
8
F.Silkscreen
6
CONTINUOUS
10
139.5646099999999876
20
-95.1879789999999986
11
139.6879789999999844
21
-95.0646100000000018
0
LINE
8
F.Silkscreen
6
CONTINUOUS
10
139.6879789999999844
20
-95.0646100000000018
11
139.7849099999999964
21
-94.9195429999999902
0
LINE
8
F.Silkscreen
6
CONTINUOUS
10
139.7849099999999964
20
-94.9195429999999902
11
139.8516769999999951
21
-94.7583529999999996
0
LINE
8
F.Silkscreen
6
CONTINUOUS
10
139.8516769999999951
20
-94.7583529999999996
11
139.8857140000000072
21
-94.5872349999999926
0
LINE
8
F.Silkscreen
6
CONTINUOUS
10
139.8857140000000072
20
-94.5872349999999926
11
139.8857140000000072
21
-94.4127649999999932
0
LINE
8
F.Silkscreen
6
CONTINUOUS
10
139.8857140000000072
20
-94.4127649999999932
11
139.8516769999999951
21
-94.2416470000000004
0
LINE
8
F.Silkscreen
6
CONTINUOUS
10
139.8516769999999951
20
-94.2416470000000004
11
139.7849099999999964
21
-94.0804569999999956
0
LINE
8
F.Silkscreen
6
CONTINUOUS
10
139.7849099999999964
20
-94.0804569999999956
11
139.6879789999999844
21
-93.9353899999999982
0
LINE
8
F.Silkscreen
6
CONTINUOUS
10
139.6879789999999844
20
-93.9353899999999982
11
139.5646099999999876
21
-93.8120210000000014
0
LINE
8
F.Silkscreen
6
CONTINUOUS
10
139.5646099999999876
20
-93.8120210000000014
11
139.4195430000000044
21
-93.7150899999999893
0
LINE
8
F.Silkscreen
6
CONTINUOUS
10
139.4195430000000044
20
-93.7150899999999893
11
139.2583529999999996
21
-93.6483229999999907
0
LINE
8
F.Silkscreen
6
CONTINUOUS
10
139.2583529999999996
20
-93.6483229999999907
11
139.0872349999999926
21
-93.6142859999999928
0
LINE
8
F.Silkscreen
6
CONTINUOUS
10
139.0872349999999926
20
-93.6142859999999928
11
138.9127650000000074
21
-93.6142859999999928
0
LINE
8
F.Silkscreen
6
CONTINUOUS
10
138.9127650000000074
20
-93.6142859999999928
11
138.7416470000000004
21
-93.6483229999999907
0
LINE
8
F.Silkscreen
6
CONTINUOUS
10
138.7416470000000004
20
-93.6483229999999907
11
138.5804569999999956
21
-93.7150899999999893
0
LINE
8
F.Silkscreen
6
CONTINUOUS
10
138.5804569999999956
20
-93.7150899999999893
11
138.435389999999984
21
-93.8120210000000014
0
LINE
8
F.Silkscreen
6
CONTINUOUS
10
138.435389999999984
20
-93.8120210000000014
11
138.3120209999999872
21
-93.9353899999999982
0
LINE
8
F.Silkscreen
6
CONTINUOUS
10
138.3120209999999872
20
-93.9353899999999982
11
138.2150900000000036
21
-94.0804569999999956
0
LINE
8
F.Silkscreen
6
CONTINUOUS
10
138.2150900000000036
20
-94.0804569999999956
11
138.1483230000000049
21
-94.2416470000000004
0
LINE
8
F.Silkscreen
6
CONTINUOUS
10
138.1483230000000049
20
-94.2416470000000004
11
138.1142859999999928
21
-94.4127649999999932
0
LINE
8
F.Silkscreen
6
CONTINUOUS
10
138.1142859999999928
20
-94.4127649999999932
11
137.994862999999981
21
-94.4127649999999932
0
LINE
8
F.Silkscreen
6
CONTINUOUS
10
137.994862999999981
20
-94.4127649999999932
11
137.994862999999981
21
-94.4010029999999887
0
LINE
8
F.Silkscreen
6
CONTINUOUS
10
137.994862999999981
20
-94.4010029999999887
11
138.0334900000000005
21
-94.2068119999999993
0
LINE
8
F.Silkscreen
6
CONTINUOUS
10
138.0334900000000005
20
-94.2068119999999993
11
138.1092600000000061
21
-94.0238889999999969
0
LINE
8
F.Silkscreen
6
CONTINUOUS
10
138.1092600000000061
20
-94.0238889999999969
11
138.2192589999999939
21
-93.8592629999999986
0
LINE
8
F.Silkscreen
6
CONTINUOUS
10
138.2192589999999939
20
-93.8592629999999986
11
138.3592629999999986
21
-93.7192589999999939
0
LINE
8
F.Silkscreen
6
CONTINUOUS
10
138.3592629999999986
20
-93.7192589999999939
11
138.5238889999999969
21
-93.6092599999999919
0
LINE
8
F.Silkscreen
6
CONTINUOUS
10
138.5238889999999969
20
-93.6092599999999919
11
138.7068119999999851
21
-93.5334900000000005
0
LINE
8
F.Silkscreen
6
CONTINUOUS
10
138.7068119999999851
20
-93.5334900000000005
11
138.9010030000000029
21
-93.4948629999999952
0
LINE
8
F.Silkscreen
6
CONTINUOUS
10
138.9010030000000029
20
-93.4948629999999952
11
139.0989969999999971
21
-93.4948629999999952
0
LINE
8
F.Silkscreen
6
CONTINUOUS
10
139.0989969999999971
20
-93.4948629999999952
11
139.2931879999999865
21
-93.5334900000000005
0
LINE
8
F.Silkscreen
6
CONTINUOUS
10
155.4829609999999889
20
-92.5245669999999905
11
155.5154330000000016
21
-92.557038999999989
0
LINE
8
F.Silkscreen
6
CONTINUOUS
10
155.5154330000000016
20
-92.557038999999989
11
155.5154330000000016
21
-92.6029609999999934
0
LINE
8
F.Silkscreen
6
CONTINUOUS
10
155.5154330000000016
20
-92.6029609999999934
11
155.4829609999999889
21
-92.6354329999999919
0
LINE
8
F.Silkscreen
6
CONTINUOUS
10
155.4829609999999889
20
-92.6354329999999919
11
155.4599999999999795
21
-92.6400000000000006
0
LINE
8
F.Silkscreen
6
CONTINUOUS
10
155.4599999999999795
20
-92.6400000000000006
11
154.1399999999999864
21
-92.6400000000000006
0
LINE
8
F.Silkscreen
6
CONTINUOUS
10
154.1399999999999864
20
-92.6400000000000006
11
154.1399999999999864
21
-93.9599999999999937
0
LINE
8
F.Silkscreen
6
CONTINUOUS
10
154.1399999999999864
20
-93.9599999999999937
11
154.1354330000000061
21
-93.9829609999999889
0
LINE
8
F.Silkscreen
6
CONTINUOUS
10
154.1354330000000061
20
-93.9829609999999889
11
154.1029609999999934
21
-94.0154330000000016
0
LINE
8
F.Silkscreen
6
CONTINUOUS
10
154.1029609999999934
20
-94.0154330000000016
11
154.0570390000000032
21
-94.0154330000000016
0
LINE
8
F.Silkscreen
6
CONTINUOUS
10
154.0570390000000032
20
-94.0154330000000016
11
154.0245669999999905
21
-93.9829609999999889
0
LINE
8
F.Silkscreen
6
CONTINUOUS
10
154.0245669999999905
20
-93.9829609999999889
11
154.0199999999999818
21
-93.9599999999999937
0
LINE
8
F.Silkscreen
6
CONTINUOUS
10
154.0199999999999818
20
-93.9599999999999937
11
154.0199999999999818
21
-92.5799999999999983
0
LINE
8
F.Silkscreen
6
CONTINUOUS
10
154.0199999999999818
20
-92.5799999999999983
11
154.0245669999999905
21
-92.557038999999989
0
LINE
8
F.Silkscreen
6
CONTINUOUS
10
154.0245669999999905
20
-92.557038999999989
11
154.0570390000000032
21
-92.5245669999999905
0
LINE
8
F.Silkscreen
6
CONTINUOUS
10
154.0570390000000032
20
-92.5245669999999905
11
154.0799999999999841
21
-92.519999999999996
0
LINE
8
F.Silkscreen
6
CONTINUOUS
10
154.0799999999999841
20
-92.519999999999996
11
155.4599999999999795
21
-92.519999999999996
0
LINE
8
F.Silkscreen
6
CONTINUOUS
10
155.4599999999999795
20
-92.519999999999996
11
155.4829609999999889
21
-92.5245669999999905
0
LINE
8
F.Silkscreen
6
CONTINUOUS
10
139.8886469999999917
20
-92.2282599999999917
11
139.8955839999999853
21
-92.2282599999999917
0
LINE
8
F.Silkscreen
6
CONTINUOUS
10
139.8955839999999853
20
-92.2282599999999917
11
139.8974979999999846
21
-92.2286409999999961
0
LINE
8
F.Silkscreen
6
CONTINUOUS
10
139.8974979999999846
20
-92.2286409999999961
11
139.9038270000000068
21
-92.2312629999999984
0
LINE
8
F.Silkscreen
6
CONTINUOUS
10
139.9038270000000068
20
-92.2312629999999984
11
139.9105509999999981
21
-92.2325929999999943
0
LINE
8
F.Silkscreen
6
CONTINUOUS
10
139.9105509999999981
20
-92.2325929999999943
11
139.9123539999999934
21
-92.2333379999999892
0
LINE
8
F.Silkscreen
6
CONTINUOUS
10
139.9123539999999934
20
-92.2333379999999892
11
139.9181240000000059
21
-92.2371839999999992
0
LINE
8
F.Silkscreen
6
CONTINUOUS
10
139.9181240000000059
20
-92.2371839999999992
11
139.9245339999999942
21
-92.2398400000000009
0
LINE
8
F.Silkscreen
6
CONTINUOUS
10
139.9245339999999942
20
-92.2398400000000009
11
139.9261559999999918
21
-92.2409229999999951
0
LINE
8
F.Silkscreen
6
CONTINUOUS
10
139.9261559999999918
20
-92.2409229999999951
11
139.9310009999999806
21
-92.2457679999999982
0
LINE
8
F.Silkscreen
6
CONTINUOUS
10
139.9310009999999806
20
-92.2457679999999982
11
139.9367039999999918
21
-92.2495699999999914
0
LINE
8
F.Silkscreen
6
CONTINUOUS
10
139.9367039999999918
20
-92.2495699999999914
11
139.9380850000000009
21
-92.250947999999994
0
LINE
8
F.Silkscreen
6
CONTINUOUS
10
139.9380850000000009
20
-92.250947999999994
11
139.9419440000000066
21
-92.2567109999999957
0
LINE
8
F.Silkscreen
6
CONTINUOUS
10
139.9419440000000066
20
-92.2567109999999957
11
139.9468479999999886
21
-92.2616149999999919
0
LINE
8
F.Silkscreen
6
CONTINUOUS
10
139.9468479999999886
20
-92.2616149999999919
11
139.9479309999999828
21
-92.2632380000000012
0
LINE
8
F.Silkscreen
6
CONTINUOUS
10
139.9479309999999828
20
-92.2632380000000012
11
139.9505519999999876
21
-92.269566999999995
0
LINE
8
F.Silkscreen
6
CONTINUOUS
10
139.9505519999999876
20
-92.269566999999995
11
139.9543669999999906
21
-92.2752629999999954
0
LINE
8
F.Silkscreen
6
CONTINUOUS
10
139.9543669999999906
20
-92.2752629999999954
11
139.9551160000000039
21
-92.2770649999999932
0
LINE
8
F.Silkscreen
6
CONTINUOUS
10
139.9551160000000039
20
-92.2770649999999932
11
139.9564759999999808
21
-92.2838670000000008
0
LINE
8
F.Silkscreen
6
CONTINUOUS
10
139.9564759999999808
20
-92.2838670000000008
11
139.9591299999999876
21
-92.2902739999999966
0
LINE
8
F.Silkscreen
6
CONTINUOUS
10
139.9591299999999876
20
-92.2902739999999966
11
139.9594869999999958
21
-92.2916969999999992
0
LINE
8
F.Silkscreen
6
CONTINUOUS
10
139.9594869999999958
20
-92.2916969999999992
11
139.9609120000000075
21
-92.3061730000000011
0
LINE
8
F.Silkscreen
6
CONTINUOUS
10
139.9609120000000075
20
-92.3061730000000011
11
139.9608419999999853
21
-92.3061790000000002
0
LINE
8
F.Silkscreen
6
CONTINUOUS
10
139.9608419999999853
20
-92.3061790000000002
11
139.9608409999999878
21
-92.3062120000000021
0
LINE
8
F.Silkscreen
6
CONTINUOUS
10
139.9608409999999878
20
-92.3062120000000021
11
139.9609140000000025
21
-92.3062039999999939
0
LINE
8
F.Silkscreen
6
CONTINUOUS
10
139.9609140000000025
20
-92.3062039999999939
11
139.9609199999999873
21
-92.3062570000000022
0
LINE
8
F.Silkscreen
6
CONTINUOUS
10
139.9609199999999873
20
-92.3062570000000022
11
139.9609519999999918
21
-92.3068189999999902
0
LINE
8
F.Silkscreen
6
CONTINUOUS
10
139.9609519999999918
20
-92.3068189999999902
11
139.9609519999999918
21
-93.2268189999999919
0
LINE
8
F.Silkscreen
6
CONTINUOUS
10
139.9609519999999918
20
-93.2268189999999919
11
140.1666659999999922
21
-93.2268189999999919
0
LINE
8
F.Silkscreen
6
CONTINUOUS
10
140.1666659999999922
20
-93.2268189999999919
11
140.1671560000000056
21
-93.2268430000000023
0
LINE
8
F.Silkscreen
6
CONTINUOUS
10
140.1671560000000056
20
-93.2268430000000023
11
140.1817879999999832
21
-93.2282840000000022
0
LINE
8
F.Silkscreen
6
CONTINUOUS
10
140.1817879999999832
20
-93.2282840000000022
11
140.183211
21
-93.2286409999999961
0
LINE
8
F.Silkscreen
6
CONTINUOUS
10
140.183211
20
-93.2286409999999961
11
140.2102469999999812
21
-93.2398400000000009
0
LINE
8
F.Silkscreen
6
CONTINUOUS
10
140.2102469999999812
20
-93.2398400000000009
11
140.2118700000000047
21
-93.2409229999999951
0
LINE
8
F.Silkscreen
6
CONTINUOUS
10
140.2118700000000047
20
-93.2409229999999951
11
140.2325620000000015
21
-93.2616149999999919
0
LINE
8
F.Silkscreen
6
CONTINUOUS
10
140.2325620000000015
20
-93.2616149999999919
11
140.2336449999999957
21
-93.2632380000000012
0
LINE
8
F.Silkscreen
6
CONTINUOUS
10
140.2336449999999957
20
-93.2632380000000012
11
140.2448440000000005
21
-93.2902739999999966
0
LINE
8
F.Silkscreen
6
CONTINUOUS
10
140.2448440000000005
20
-93.2902739999999966
11
140.2452250000000049
21
-93.2921869999999984
0
LINE
8
F.Silkscreen
6
CONTINUOUS
10
140.2452250000000049
20
-93.2921869999999984
11
140.2452250000000049
21
-93.3214509999999962
0
LINE
8
F.Silkscreen
6
CONTINUOUS
10
140.2452250000000049
20
-93.3214509999999962
11
140.2448440000000005
21
-93.323363999999998
0
LINE
8
F.Silkscreen
6
CONTINUOUS
10
140.2448440000000005
20
-93.323363999999998
11
140.2336449999999957
21
-93.3503999999999934
0
LINE
8
F.Silkscreen
6
CONTINUOUS
10
140.2336449999999957
20
-93.3503999999999934
11
140.2325620000000015
21
-93.3520230000000026
0
LINE
8
F.Silkscreen
6
CONTINUOUS
10
140.2325620000000015
20
-93.3520230000000026
11
140.2118700000000047
21
-93.3727149999999995
0
LINE
8
F.Silkscreen
6
CONTINUOUS
10
140.2118700000000047
20
-93.3727149999999995
11
140.2102469999999812
21
-93.3737979999999936
0
LINE
8
F.Silkscreen
6
CONTINUOUS
10
140.2102469999999812
20
-93.3737979999999936
11
140.183211
21
-93.3849969999999985
0
LINE
8
F.Silkscreen
6
CONTINUOUS
10
140.183211
20
-93.3849969999999985
11
140.1817879999999832
21
-93.3853539999999924
0
LINE
8
F.Silkscreen
6
CONTINUOUS
10
140.1817879999999832
20
-93.3853539999999924
11
140.1671560000000056
21
-93.3867949999999922
0
LINE
8
F.Silkscreen
6
CONTINUOUS
10
140.1671560000000056
20
-93.3867949999999922
11
140.1666659999999922
21
-93.3868190000000027
0
LINE
8
F.Silkscreen
6
CONTINUOUS
10
140.1666659999999922
20
-93.3868190000000027
11
139.5952379999999948
21
-93.3868190000000027
0
LINE
8
F.Silkscreen
6
CONTINUOUS
10
139.5952379999999948
20
-93.3868190000000027
11
139.5947479999999814
21
-93.3867949999999922
0
LINE
8
F.Silkscreen
6
CONTINUOUS
10
139.5947479999999814
20
-93.3867949999999922
11
139.5801160000000039
21
-93.3853539999999924
0
LINE
8
F.Silkscreen
6
CONTINUOUS
10
139.5801160000000039
20
-93.3853539999999924
11
139.578692999999987
21
-93.3849969999999985
0
LINE
8
F.Silkscreen
6
CONTINUOUS
10
139.578692999999987
20
-93.3849969999999985
11
139.5516570000000058
21
-93.3737979999999936
0
LINE
8
F.Silkscreen
6
CONTINUOUS
10
139.5516570000000058
20
-93.3737979999999936
11
139.5500339999999824
21
-93.3727149999999995
0
LINE
8
F.Silkscreen
6
CONTINUOUS
10
139.5500339999999824
20
-93.3727149999999995
11
139.5293419999999855
21
-93.3520230000000026
0
LINE
8
F.Silkscreen
6
CONTINUOUS
10
139.5293419999999855
20
-93.3520230000000026
11
139.5282589999999914
21
-93.3503999999999934
0
LINE
8
F.Silkscreen
6
CONTINUOUS
10
139.5282589999999914
20
-93.3503999999999934
11
139.5170599999999865
21
-93.323363999999998
0
LINE
8
F.Silkscreen
6
CONTINUOUS
10
139.5170599999999865
20
-93.323363999999998
11
139.5166789999999821
21
-93.3214509999999962
0
LINE
8
F.Silkscreen
6
CONTINUOUS
10
139.5166789999999821
20
-93.3214509999999962
11
139.5166789999999821
21
-93.2921869999999984
0
LINE
8
F.Silkscreen
6
CONTINUOUS
10
139.5166789999999821
20
-93.2921869999999984
11
139.5170599999999865
21
-93.2902739999999966
0
LINE
8
F.Silkscreen
6
CONTINUOUS
10
139.5170599999999865
20
-93.2902739999999966
11
139.5282589999999914
21
-93.2632380000000012
0
LINE
8
F.Silkscreen
6
CONTINUOUS
10
139.5282589999999914
20
-93.2632380000000012
11
139.5293419999999855
21
-93.2616149999999919
0
LINE
8
F.Silkscreen
6
CONTINUOUS
10
139.5293419999999855
20
-93.2616149999999919
11
139.5500339999999824
21
-93.2409229999999951
0
LINE
8
F.Silkscreen
6
CONTINUOUS
10
139.5500339999999824
20
-93.2409229999999951
11
139.5516570000000058
21
-93.2398400000000009
0
LINE
8
F.Silkscreen
6
CONTINUOUS
10
139.5516570000000058
20
-93.2398400000000009
11
139.578692999999987
21
-93.2286409999999961
0
LINE
8
F.Silkscreen
6
CONTINUOUS
10
139.578692999999987
20
-93.2286409999999961
11
139.5801160000000039
21
-93.2282840000000022
0
LINE
8
F.Silkscreen
6
CONTINUOUS
10
139.5801160000000039
20
-93.2282840000000022
11
139.5947479999999814
21
-93.2268430000000023
0
LINE
8
F.Silkscreen
6
CONTINUOUS
10
139.5947479999999814
20
-93.2268430000000023
11
139.5952379999999948
21
-93.2268189999999919
0
LINE
8
F.Silkscreen
6
CONTINUOUS
10
139.5952379999999948
20
-93.2268189999999919
11
139.8009519999999952
21
-93.2268189999999919
0
LINE
8
F.Silkscreen
6
CONTINUOUS
10
139.8009519999999952
20
-93.2268189999999919
11
139.8009519999999952
21
-92.5475759999999923
0
LINE
8
F.Silkscreen
6
CONTINUOUS
10
139.8009519999999952
20
-92.5475759999999923
11
139.7470449999999857
21
-92.6014830000000018
0
LINE
8
F.Silkscreen
6
CONTINUOUS
10
139.7470449999999857
20
-92.6014830000000018
11
139.7466809999999953
21
-92.6018119999999954
0
LINE
8
F.Silkscreen
6
CONTINUOUS
10
139.7466809999999953
20
-92.6018119999999954
11
139.7412589999999852
21
-92.6062599999999918
0
LINE
8
F.Silkscreen
6
CONTINUOUS
10
139.7412589999999852
20
-92.6062599999999918
11
139.7402390000000025
21
-92.6074380000000019
0
LINE
8
F.Silkscreen
6
CONTINUOUS
10
139.7402390000000025
20
-92.6074380000000019
11
139.739120999999983
21
-92.6083969999999965
0
LINE
8
F.Silkscreen
6
CONTINUOUS
10
139.739120999999983
20
-92.6083969999999965
11
139.7371269999999868
21
-92.609650000000002
0
LINE
8
F.Silkscreen
6
CONTINUOUS
10
139.7371269999999868
20
-92.609650000000002
11
139.7353180000000066
21
-92.6111369999999994
0
LINE
8
F.Silkscreen
6
CONTINUOUS
10
139.7353180000000066
20
-92.6111369999999994
11
139.7340570000000071
21
-92.6118939999999924
0
LINE
8
F.Silkscreen
6
CONTINUOUS
10
139.7340570000000071
20
-92.6118939999999924
11
139.7326170000000047
21
-92.6124889999999965
0
LINE
8
F.Silkscreen
6
CONTINUOUS
10
139.7326170000000047
20
-92.6124889999999965
11
139.726680999999985
21
-92.616226999999995
0
LINE
8
F.Silkscreen
6
CONTINUOUS
10
139.726680999999985
20
-92.616226999999995
11
139.7262529999999856
21
-92.6164679999999976
0
LINE
8
F.Silkscreen
6
CONTINUOUS
10
139.7262529999999856
20
-92.6164679999999976
11
139.6310149999999908
21
-92.664086999999995
0
LINE
8
F.Silkscreen
6
CONTINUOUS
10
139.6310149999999908
20
-92.664086999999995
11
139.6305659999999875
21
-92.6642849999999925
0
LINE
8
F.Silkscreen
6
CONTINUOUS
10
139.6305659999999875
20
-92.6642849999999925
11
139.616833999999983
21
-92.6695399999999978
0
LINE
8
F.Silkscreen
6
CONTINUOUS
10
139.616833999999983
20
-92.6695399999999978
11
139.6154009999999914
21
-92.6698569999999933
0
LINE
8
F.Silkscreen
6
CONTINUOUS
10
139.6154009999999914
20
-92.6698569999999933
11
139.5862109999999916
21
-92.6719310000000007
0
LINE
8
F.Silkscreen
6
CONTINUOUS
10
139.5862109999999916
20
-92.6719310000000007
11
139.5842759999999885
21
-92.6716869999999915
0
LINE
8
F.Silkscreen
6
CONTINUOUS
10
139.5842759999999885
20
-92.6716869999999915
11
139.5565149999999903
21
-92.6624329999999929
0
LINE
8
F.Silkscreen
6
CONTINUOUS
10
139.5565149999999903
20
-92.6624329999999929
11
139.5548200000000065
21
-92.6614670000000018
0
LINE
8
F.Silkscreen
6
CONTINUOUS
10
139.5548200000000065
20
-92.6614670000000018
11
139.5327120000000036
21
-92.6422939999999926
0
LINE
8
F.Silkscreen
6
CONTINUOUS
10
139.5327120000000036
20
-92.6422939999999926
11
139.5315159999999821
21
-92.6407529999999895
0
LINE
8
F.Silkscreen
6
CONTINUOUS
10
139.5315159999999821
20
-92.6407529999999895
11
139.5184289999999976
21
-92.6145779999999945
0
LINE
8
F.Silkscreen
6
CONTINUOUS
10
139.5184289999999976
20
-92.6145779999999945
11
139.5179139999999904
21
-92.6126959999999997
0
LINE
8
F.Silkscreen
6
CONTINUOUS
10
139.5179139999999904
20
-92.6126959999999997
11
139.5158399999999972
21
-92.5835059999999999
0
LINE
8
F.Silkscreen
6
CONTINUOUS
10
139.5158399999999972
20
-92.5835059999999999
11
139.5160840000000064
21
-92.5815709999999967
0
LINE
8
F.Silkscreen
6
CONTINUOUS
10
139.5160840000000064
20
-92.5815709999999967
11
139.525338000000005
21
-92.5538099999999986
0
LINE
8
F.Silkscreen
6
CONTINUOUS
10
139.525338000000005
20
-92.5538099999999986
11
139.5263039999999819
21
-92.5521150000000006
0
LINE
8
F.Silkscreen
6
CONTINUOUS
10
139.5263039999999819
20
-92.5521150000000006
11
139.5454770000000053
21
-92.5300069999999977
0
LINE
8
F.Silkscreen
6
CONTINUOUS
10
139.5454770000000053
20
-92.5300069999999977
11
139.5465910000000065
21
-92.5290509999999955
0
LINE
8
F.Silkscreen
6
CONTINUOUS
10
139.5465910000000065
20
-92.5290509999999955
11
139.5590339999999969
21
-92.5212190000000021
0
LINE
8
F.Silkscreen
6
CONTINUOUS
10
139.5590339999999969
20
-92.5212190000000021
11
139.5594609999999989
21
-92.520978999999997
0
LINE
8
F.Silkscreen
6
CONTINUOUS
10
139.5594609999999989
20
-92.520978999999997
11
139.643084999999985
21
-92.4791669999999897
0
LINE
8
F.Silkscreen
6
CONTINUOUS
10
139.643084999999985
20
-92.4791669999999897
11
139.723544000000004
21
-92.3987079999999992
0
LINE
8
F.Silkscreen
6
CONTINUOUS
10
139.723544000000004
20
-92.3987079999999992
11
139.8143879999999797
21
-92.262441999999993
0
LINE
8
F.Silkscreen
6
CONTINUOUS
10
139.8143879999999797
20
-92.262441999999993
11
139.8146260000000041
21
-92.2621149999999943
0
LINE
8
F.Silkscreen
6
CONTINUOUS
10
139.8146260000000041
20
-92.2621149999999943
11
139.8146600000000035
21
-92.2620719999999892
0
LINE
8
F.Silkscreen
6
CONTINUOUS
10
139.8146600000000035
20
-92.2620719999999892
11
139.8147069999999985
21
-92.2621089999999953
0
LINE
8
F.Silkscreen
6
CONTINUOUS
10
139.8147069999999985
20
-92.2621089999999953
11
139.8148089999999968
21
-92.2619589999999903
0
LINE
8
F.Silkscreen
6
CONTINUOUS
10
139.8148089999999968
20
-92.2619589999999903
11
139.8147749999999974
21
-92.2619309999999899
0
LINE
8
F.Silkscreen
6
CONTINUOUS
10
139.8147749999999974
20
-92.2619309999999899
11
139.823995999999994
21
-92.2506729999999919
0
LINE
8
F.Silkscreen
6
CONTINUOUS
10
139.823995999999994
20
-92.2506729999999919
11
139.8250809999999831
21
-92.2496869999999944
0
LINE
8
F.Silkscreen
6
CONTINUOUS
10
139.8250809999999831
20
-92.2496869999999944
11
139.8308439999999848
21
-92.2458259999999939
0
LINE
8
F.Silkscreen
6
CONTINUOUS
10
139.8308439999999848
20
-92.2458259999999939
11
139.8357489999999927
21
-92.2409229999999951
0
LINE
8
F.Silkscreen
6
CONTINUOUS
10
139.8357489999999927
20
-92.2409229999999951
11
139.8373699999999928
21
-92.2398400000000009
0
LINE
8
F.Silkscreen
6
CONTINUOUS
10
139.8373699999999928
20
-92.2398400000000009
11
139.8436989999999867
21
-92.2372170000000011
0
LINE
8
F.Silkscreen
6
CONTINUOUS
10
139.8436989999999867
20
-92.2372170000000011
11
139.849396999999982
21
-92.2334029999999956
0
LINE
8
F.Silkscreen
6
CONTINUOUS
10
139.849396999999982
20
-92.2334029999999956
11
139.8511979999999824
21
-92.2326549999999941
0
LINE
8
F.Silkscreen
6
CONTINUOUS
10
139.8511979999999824
20
-92.2326549999999941
11
139.8579959999999858
21
-92.2312939999999912
0
LINE
8
F.Silkscreen
6
CONTINUOUS
10
139.8579959999999858
20
-92.2312939999999912
11
139.8644069999999999
21
-92.2286399999999986
0
LINE
8
F.Silkscreen
6
CONTINUOUS
10
139.8644069999999999
20
-92.2286399999999986
11
139.8663200000000018
21
-92.2282599999999917
0
LINE
8
F.Silkscreen
6
CONTINUOUS
10
139.8663200000000018
20
-92.2282599999999917
11
139.8731719999999825
21
-92.2282599999999917
0
LINE
8
F.Silkscreen
6
CONTINUOUS
10
139.8731719999999825
20
-92.2282599999999917
11
139.8798919999999839
21
-92.2269160000000028
0
LINE
8
F.Silkscreen
6
CONTINUOUS
10
139.8798919999999839
20
-92.2269160000000028
11
139.8818430000000035
21
-92.2269139999999936
0
LINE
8
F.Silkscreen
6
CONTINUOUS
10
139.8818430000000035
20
-92.2269139999999936
11
139.8886469999999917
21
-92.2282599999999917
0
LINE
8
F.Silkscreen
6
CONTINUOUS
10
138.3100129999999979
20
-92.2268430000000023
11
138.3246450000000038
21
-92.2282840000000022
0
LINE
8
F.Silkscreen
6
CONTINUOUS
10
138.3246450000000038
20
-92.2282840000000022
11
138.3260679999999923
21
-92.2286409999999961
0
LINE
8
F.Silkscreen
6
CONTINUOUS
10
138.3260679999999923
20
-92.2286409999999961
11
138.3531040000000019
21
-92.2398400000000009
0
LINE
8
F.Silkscreen
6
CONTINUOUS
10
138.3531040000000019
20
-92.2398400000000009
11
138.3547269999999969
21
-92.2409229999999951
0
LINE
8
F.Silkscreen
6
CONTINUOUS
10
138.3547269999999969
20
-92.2409229999999951
11
138.3754189999999937
21
-92.2616149999999919
0
LINE
8
F.Silkscreen
6
CONTINUOUS
10
138.3754189999999937
20
-92.2616149999999919
11
138.3765019999999879
21
-92.2632380000000012
0
LINE
8
F.Silkscreen
6
CONTINUOUS
10
138.3765019999999879
20
-92.2632380000000012
11
138.3877009999999927
21
-92.2902739999999966
0
LINE
8
F.Silkscreen
6
CONTINUOUS
10
138.3877009999999927
20
-92.2902739999999966
11
138.3880819999999972
21
-92.2921869999999984
0
LINE
8
F.Silkscreen
6
CONTINUOUS
10
138.3880819999999972
20
-92.2921869999999984
11
138.3880819999999972
21
-92.3214509999999962
0
LINE
8
F.Silkscreen
6
CONTINUOUS
10
138.3880819999999972
20
-92.3214509999999962
11
138.3877009999999927
21
-92.323363999999998
0
LINE
8
F.Silkscreen
6
CONTINUOUS
10
138.3877009999999927
20
-92.323363999999998
11
138.3765019999999879
21
-92.3503999999999934
0
LINE
8
F.Silkscreen
6
CONTINUOUS
10
138.3765019999999879
20
-92.3503999999999934
11
138.3754189999999937
21
-92.3520230000000026
0
LINE
8
F.Silkscreen
6
CONTINUOUS
10
138.3754189999999937
20
-92.3520230000000026
11
138.3547269999999969
21
-92.3727149999999995
0
LINE
8
F.Silkscreen
6
CONTINUOUS
10
138.3547269999999969
20
-92.3727149999999995
11
138.3531040000000019
21
-92.3737979999999936
0
LINE
8
F.Silkscreen
6
CONTINUOUS
10
138.3531040000000019
20
-92.3737979999999936
11
138.3260679999999923
21
-92.3849969999999985
0
LINE
8
F.Silkscreen
6
CONTINUOUS
10
138.3260679999999923
20
-92.3849969999999985
11
138.3246450000000038
21
-92.3853539999999924
0
LINE
8
F.Silkscreen
6
CONTINUOUS
10
138.3246450000000038
20
-92.3853539999999924
11
138.3100129999999979
21
-92.3867949999999922
0
LINE
8
F.Silkscreen
6
CONTINUOUS
10
138.3100129999999979
20
-92.3867949999999922
11
138.3095229999999844
21
-92.3868190000000027
0
LINE
8
F.Silkscreen
6
CONTINUOUS
10
138.3095229999999844
20
-92.3868190000000027
11
138.1038089999999841
21
-92.3868190000000027
0
LINE
8
F.Silkscreen
6
CONTINUOUS
10
138.1038089999999841
20
-92.3868190000000027
11
138.1038089999999841
21
-93.3068189999999902
0
LINE
8
F.Silkscreen
6
CONTINUOUS
10
138.1038089999999841
20
-93.3068189999999902
11
138.1037849999999878
21
-93.3073089999999894
0
LINE
8
F.Silkscreen
6
CONTINUOUS
10
138.1037849999999878
20
-93.3073089999999894
11
138.102343999999988
21
-93.3219409999999954
0
LINE
8
F.Silkscreen
6
CONTINUOUS
10
138.102343999999988
20
-93.3219409999999954
11
138.1019869999999798
21
-93.323363999999998
0
LINE
8
F.Silkscreen
6
CONTINUOUS
10
138.1019869999999798
20
-93.323363999999998
11
138.0907880000000034
21
-93.3503999999999934
0
LINE
8
F.Silkscreen
6
CONTINUOUS
10
138.0907880000000034
20
-93.3503999999999934
11
138.0897049999999808
21
-93.3520230000000026
0
LINE
8
F.Silkscreen
6
CONTINUOUS
10
138.0897049999999808
20
-93.3520230000000026
11
138.069012999999984
21
-93.3727149999999995
0
LINE
8
F.Silkscreen
6
CONTINUOUS
10
138.069012999999984
20
-93.3727149999999995
11
138.067389999999989
21
-93.3737979999999936
0
LINE
8
F.Silkscreen
6
CONTINUOUS
10
138.067389999999989
20
-93.3737979999999936
11
138.0403540000000078
21
-93.3849969999999985
0
LINE
8
F.Silkscreen
6
CONTINUOUS
10
138.0403540000000078
20
-93.3849969999999985
11
138.0384410000000059
21
-93.3853779999999887
0
LINE
8
F.Silkscreen
6
CONTINUOUS
10
138.0384410000000059
20
-93.3853779999999887
11
138.009176999999994
21
-93.3853779999999887
0
LINE
8
F.Silkscreen
6
CONTINUOUS
10
138.009176999999994
20
-93.3853779999999887
11
138.0072639999999922
21
-93.3849969999999985
0
LINE
8
F.Silkscreen
6
CONTINUOUS
10
138.0072639999999922
20
-93.3849969999999985
11
137.9802279999999826
21
-93.3737979999999936
0
LINE
8
F.Silkscreen
6
CONTINUOUS
10
137.9802279999999826
20
-93.3737979999999936
11
137.9786049999999875
21
-93.3727149999999995
0
LINE
8
F.Silkscreen
6
CONTINUOUS
10
137.9786049999999875
20
-93.3727149999999995
11
137.9579129999999907
21
-93.3520230000000026
0
LINE
8
F.Silkscreen
6
CONTINUOUS
10
137.9579129999999907
20
-93.3520230000000026
11
137.9568299999999965
21
-93.3503999999999934
0
LINE
8
F.Silkscreen
6
CONTINUOUS
10
137.9568299999999965
20
-93.3503999999999934
11
137.9456309999999917
21
-93.323363999999998
0
LINE
8
F.Silkscreen
6
CONTINUOUS
10
137.9456309999999917
20
-93.323363999999998
11
137.9452739999999835
21
-93.3219409999999954
0
LINE
8
F.Silkscreen
6
CONTINUOUS
10
137.9452739999999835
20
-93.3219409999999954
11
137.9438329999999837
21
-93.3073089999999894
0
LINE
8
F.Silkscreen
6
CONTINUOUS
10
137.9438329999999837
20
-93.3073089999999894
11
137.9438089999999875
21
-93.3068189999999902
0
LINE
8
F.Silkscreen
6
CONTINUOUS
10
137.9438089999999875
20
-93.3068189999999902
11
137.9438089999999875
21
-92.3868190000000027
0
LINE
8
F.Silkscreen
6
CONTINUOUS
10
137.9438089999999875
20
-92.3868190000000027
11
137.7380949999999871
21
-92.3868190000000027
0
LINE
8
F.Silkscreen
6
CONTINUOUS
10
137.7380949999999871
20
-92.3868190000000027
11
137.7376050000000021
21
-92.3867949999999922
0
LINE
8
F.Silkscreen
6
CONTINUOUS
10
137.7376050000000021
20
-92.3867949999999922
11
137.7229729999999961
21
-92.3853539999999924
0
LINE
8
F.Silkscreen
6
CONTINUOUS
10
137.7229729999999961
20
-92.3853539999999924
11
137.7215500000000077
21
-92.3849969999999985
0
LINE
8
F.Silkscreen
6
CONTINUOUS
10
137.7215500000000077
20
-92.3849969999999985
11
137.6945139999999981
21
-92.3737979999999936
0
LINE
8
F.Silkscreen
6
CONTINUOUS
10
137.6945139999999981
20
-92.3737979999999936
11
137.692891000000003
21
-92.3727149999999995
0
LINE
8
F.Silkscreen
6
CONTINUOUS
10
137.692891000000003
20
-92.3727149999999995
11
137.6721990000000062
21
-92.3520230000000026
0
LINE
8
F.Silkscreen
6
CONTINUOUS
10
137.6721990000000062
20
-92.3520230000000026
11
137.6711159999999836
21
-92.3503999999999934
0
LINE
8
F.Silkscreen
6
CONTINUOUS
10
137.6711159999999836
20
-92.3503999999999934
11
137.6599170000000072
21
-92.323363999999998
0
LINE
8
F.Silkscreen
6
CONTINUOUS
10
137.6599170000000072
20
-92.323363999999998
11
137.6595360000000028
21
-92.3214509999999962
0
LINE
8
F.Silkscreen
6
CONTINUOUS
10
137.6595360000000028
20
-92.3214509999999962
11
137.6595360000000028
21
-92.2921869999999984
0
LINE
8
F.Silkscreen
6
CONTINUOUS
10
137.6595360000000028
20
-92.2921869999999984
11
137.6599170000000072
21
-92.2902739999999966
0
LINE
8
F.Silkscreen
6
CONTINUOUS
10
137.6599170000000072
20
-92.2902739999999966
11
137.6711159999999836
21
-92.2632380000000012
0
LINE
8
F.Silkscreen
6
CONTINUOUS
10
137.6711159999999836
20
-92.2632380000000012
11
137.6721990000000062
21
-92.2616149999999919
0
LINE
8
F.Silkscreen
6
CONTINUOUS
10
137.6721990000000062
20
-92.2616149999999919
11
137.692891000000003
21
-92.2409229999999951
0
LINE
8
F.Silkscreen
6
CONTINUOUS
10
137.692891000000003
20
-92.2409229999999951
11
137.6945139999999981
21
-92.2398400000000009
0
LINE
8
F.Silkscreen
6
CONTINUOUS
10
137.6945139999999981
20
-92.2398400000000009
11
137.7215500000000077
21
-92.2286409999999961
0
LINE
8
F.Silkscreen
6
CONTINUOUS
10
137.7215500000000077
20
-92.2286409999999961
11
137.7229729999999961
21
-92.2282840000000022
0
LINE
8
F.Silkscreen
6
CONTINUOUS
10
137.7229729999999961
20
-92.2282840000000022
11
137.7376050000000021
21
-92.2268430000000023
0
LINE
8
F.Silkscreen
6
CONTINUOUS
10
137.7376050000000021
20
-92.2268430000000023
11
137.7380949999999871
21
-92.2268189999999919
0
LINE
8
F.Silkscreen
6
CONTINUOUS
10
137.7380949999999871
20
-92.2268189999999919
11
138.3095229999999844
21
-92.2268189999999919
0
LINE
8
F.Silkscreen
6
CONTINUOUS
10
138.3095229999999844
20
-92.2268189999999919
11
138.3100129999999979
21
-92.2268430000000023
0
LINE
8
F.Silkscreen
6
CONTINUOUS
10
139.024298999999985
20
-92.2268430000000023
11
139.0389309999999909
21
-92.2282840000000022
0
LINE
8
F.Silkscreen
6
CONTINUOUS
10
139.0389309999999909
20
-92.2282840000000022
11
139.0403540000000078
21
-92.2286409999999961
0
LINE
8
F.Silkscreen
6
CONTINUOUS
10
139.0403540000000078
20
-92.2286409999999961
11
139.0420929999999942
21
-92.2293609999999973
0
LINE
8
F.Silkscreen
6
CONTINUOUS
10
139.0420929999999942
20
-92.2293609999999973
11
139.0439719999999966
21
-92.229495
0
LINE
8
F.Silkscreen
6
CONTINUOUS
10
139.0439719999999966
20
-92.229495
11
139.0454049999999881
21
-92.2298119999999955
0
LINE
8
F.Silkscreen
6
CONTINUOUS
10
139.0454049999999881
20
-92.2298119999999955
11
139.0591369999999927
21
-92.2350670000000008
0
LINE
8
F.Silkscreen
6
CONTINUOUS
10
139.0591369999999927
20
-92.2350670000000008
11
139.0595859999999959
21
-92.2352649999999983
0
LINE
8
F.Silkscreen
6
CONTINUOUS
10
139.0595859999999959
20
-92.2352649999999983
11
139.1548239999999907
21
-92.2828839999999957
0
LINE
8
F.Silkscreen
6
CONTINUOUS
10
139.1548239999999907
20
-92.2828839999999957
11
139.1552509999999927
21
-92.2831240000000008
0
LINE
8
F.Silkscreen
6
CONTINUOUS
10
139.1552509999999927
20
-92.2831240000000008
11
139.1611919999999998
21
-92.2868619999999993
0
LINE
8
F.Silkscreen
6
CONTINUOUS
10
139.1611919999999998
20
-92.2868619999999993
11
139.1626300000000072
21
-92.2874589999999984
0
LINE
8
F.Silkscreen
6
CONTINUOUS
10
139.1626300000000072
20
-92.2874589999999984
11
139.1638879999999858
21
-92.2882139999999964
0
LINE
8
F.Silkscreen
6
CONTINUOUS
10
139.1638879999999858
20
-92.2882139999999964
11
139.1656979999999919
21
-92.2896999999999963
0
LINE
8
F.Silkscreen
6
CONTINUOUS
10
139.1656979999999919
20
-92.2896999999999963
11
139.1676939999999831
21
-92.2909559999999942
0
LINE
8
F.Silkscreen
6
CONTINUOUS
10
139.1676939999999831
20
-92.2909559999999942
11
139.1688089999999818
21
-92.2919119999999964
0
LINE
8
F.Silkscreen
6
CONTINUOUS
10
139.1688089999999818
20
-92.2919119999999964
11
139.1698319999999853
21
-92.2930920000000015
0
LINE
8
F.Silkscreen
6
CONTINUOUS
10
139.1698319999999853
20
-92.2930920000000015
11
139.1752520000000004
21
-92.2975399999999979
0
LINE
8
F.Silkscreen
6
CONTINUOUS
10
139.1752520000000004
20
-92.2975399999999979
11
139.1756159999999909
21
-92.2978689999999915
0
LINE
8
F.Silkscreen
6
CONTINUOUS
10
139.1756159999999909
20
-92.2978689999999915
11
139.2232349999999883
21
-92.3454879999999889
0
LINE
8
F.Silkscreen
6
CONTINUOUS
10
139.2232349999999883
20
-92.3454879999999889
11
139.2235639999999819
21
-92.3458519999999936
0
LINE
8
F.Silkscreen
6
CONTINUOUS
10
139.2235639999999819
20
-92.3458519999999936
11
139.2280130000000042
21
-92.3512739999999894
0
LINE
8
F.Silkscreen
6
CONTINUOUS
10
139.2280130000000042
20
-92.3512739999999894
11
139.2291919999999834
21
-92.3522959999999955
0
LINE
8
F.Silkscreen
6
CONTINUOUS
10
139.2291919999999834
20
-92.3522959999999955
11
139.2301479999999856
21
-92.3534109999999941
0
LINE
8
F.Silkscreen
6
CONTINUOUS
10
139.2301479999999856
20
-92.3534109999999941
11
139.2314000000000078
21
-92.3554010000000005
0
LINE
8
F.Silkscreen
6
CONTINUOUS
10
139.2314000000000078
20
-92.3554010000000005
11
139.2328899999999976
21
-92.357215999999994
0
LINE
8
F.Silkscreen
6
CONTINUOUS
10
139.2328899999999976
20
-92.357215999999994
11
139.2336449999999957
21
-92.3584749999999985
0
LINE
8
F.Silkscreen
6
CONTINUOUS
10
139.2336449999999957
20
-92.3584749999999985
11
139.2342390000000023
21
-92.3599090000000018
0
LINE
8
F.Silkscreen
6
CONTINUOUS
10
139.2342390000000023
20
-92.3599090000000018
11
139.2379799999999932
21
-92.3658530000000013
0
LINE
8
F.Silkscreen
6
CONTINUOUS
10
139.2379799999999932
20
-92.3658530000000013
11
139.2382199999999841
21
-92.3662799999999891
0
LINE
8
F.Silkscreen
6
CONTINUOUS
10
139.2382199999999841
20
-92.3662799999999891
11
139.2858389999999815
21
-92.4615179999999981
0
LINE
8
F.Silkscreen
6
CONTINUOUS
10
139.2858389999999815
20
-92.4615179999999981
11
139.2860369999999932
21
-92.4619670000000013
0
LINE
8
F.Silkscreen
6
CONTINUOUS
10
139.2860369999999932
20
-92.4619670000000013
11
139.2912919999999986
21
-92.4756979999999942
0
LINE
8
F.Silkscreen
6
CONTINUOUS
10
139.2912919999999986
20
-92.4756979999999942
11
139.291608999999994
21
-92.477131
0
LINE
8
F.Silkscreen
6
CONTINUOUS
10
139.291608999999994
20
-92.477131
11
139.2917419999999993
21
-92.4790100000000024
0
LINE
8
F.Silkscreen
6
CONTINUOUS
10
139.2917419999999993
20
-92.4790100000000024
11
139.2924629999999979
21
-92.4807500000000005
0
LINE
8
F.Silkscreen
6
CONTINUOUS
10
139.2924629999999979
20
-92.4807500000000005
11
139.2928200000000061
21
-92.4821729999999889
0
LINE
8
F.Silkscreen
6
CONTINUOUS
10
139.2928200000000061
20
-92.4821729999999889
11
139.2942610000000059
21
-92.4968049999999948
0
LINE
8
F.Silkscreen
6
CONTINUOUS
10
139.2942610000000059
20
-92.4968049999999948
11
139.2942850000000021
21
-92.497294999999994
0
LINE
8
F.Silkscreen
6
CONTINUOUS
10
139.2942850000000021
20
-92.497294999999994
11
139.2942850000000021
21
-92.6401520000000005
0
LINE
8
F.Silkscreen
6
CONTINUOUS
10
139.2942850000000021
20
-92.6401520000000005
11
139.2942610000000059
21
-92.6406419999999997
0
LINE
8
F.Silkscreen
6
CONTINUOUS
10
139.2942610000000059
20
-92.6406419999999997
11
139.2928200000000061
21
-92.6552739999999915
0
LINE
8
F.Silkscreen
6
CONTINUOUS
10
139.2928200000000061
20
-92.6552739999999915
11
139.2924629999999979
21
-92.6566979999999916
0
LINE
8
F.Silkscreen
6
CONTINUOUS
10
139.2924629999999979
20
-92.6566979999999916
11
139.2917419999999993
21
-92.6584359999999947
0
LINE
8
F.Silkscreen
6
CONTINUOUS
10
139.2917419999999993
20
-92.6584359999999947
11
139.291608999999994
21
-92.6603159999999946
0
LINE
8
F.Silkscreen
6
CONTINUOUS
10
139.291608999999994
20
-92.6603159999999946
11
139.2912919999999986
21
-92.6617490000000004
0
LINE
8
F.Silkscreen
6
CONTINUOUS
10
139.2912919999999986
20
-92.6617490000000004
11
139.2860369999999932
21
-92.6754799999999932
0
LINE
8
F.Silkscreen
6
CONTINUOUS
10
139.2860369999999932
20
-92.6754799999999932
11
139.2858389999999815
21
-92.6759289999999964
0
LINE
8
F.Silkscreen
6
CONTINUOUS
10
139.2858389999999815
20
-92.6759289999999964
11
139.2382199999999841
21
-92.7711669999999913
0
LINE
8
F.Silkscreen
6
CONTINUOUS
10
139.2382199999999841
20
-92.7711669999999913
11
139.2379789999999957
21
-92.7715949999999907
0
LINE
8
F.Silkscreen
6
CONTINUOUS
10
139.2379789999999957
20
-92.7715949999999907
11
139.2342409999999973
21
-92.7775309999999962
0
LINE
8
F.Silkscreen
6
CONTINUOUS
10
139.2342409999999973
20
-92.7775309999999962
11
139.2336459999999931
21
-92.7789709999999985
0
LINE
8
F.Silkscreen
6
CONTINUOUS
10
139.2336459999999931
20
-92.7789709999999985
11
139.2328890000000001
21
-92.780231999999998
0
LINE
8
F.Silkscreen
6
CONTINUOUS
10
139.2328890000000001
20
-92.780231999999998
11
139.2314020000000028
21
-92.7820409999999924
0
LINE
8
F.Silkscreen
6
CONTINUOUS
10
139.2314020000000028
20
-92.7820409999999924
11
139.2301489999999831
21
-92.7840349999999887
0
LINE
8
F.Silkscreen
6
CONTINUOUS
10
139.2301489999999831
20
-92.7840349999999887
11
139.2291899999999885
21
-92.785152999999994
0
LINE
8
F.Silkscreen
6
CONTINUOUS
10
139.2291899999999885
20
-92.785152999999994
11
139.2280120000000068
21
-92.7861729999999909
0
LINE
8
F.Silkscreen
6
CONTINUOUS
10
139.2280120000000068
20
-92.7861729999999909
11
139.2235639999999819
21
-92.7915950000000009
0
LINE
8
F.Silkscreen
6
CONTINUOUS
10
139.2235639999999819
20
-92.7915950000000009
11
139.2232349999999883
21
-92.7919589999999914
0
LINE
8
F.Silkscreen
6
CONTINUOUS
10
139.2232349999999883
20
-92.7919589999999914
11
139.1756159999999909
21
-92.8395779999999888
0
LINE
8
F.Silkscreen
6
CONTINUOUS
10
139.1756159999999909
20
-92.8395779999999888
11
139.1752520000000004
21
-92.8399069999999966
0
LINE
8
F.Silkscreen
6
CONTINUOUS
10
139.1752520000000004
20
-92.8399069999999966
11
139.1698299999999904
21
-92.8443549999999931
0
LINE
8
F.Silkscreen
6
CONTINUOUS
10
139.1698299999999904
20
-92.8443549999999931
11
139.1688100000000077
21
-92.845532999999989
0
LINE
8
F.Silkscreen
6
CONTINUOUS
10
139.1688100000000077
20
-92.845532999999989
11
139.1676919999999882
21
-92.8464919999999978
0
LINE
8
F.Silkscreen
6
CONTINUOUS
10
139.1676919999999882
20
-92.8464919999999978
11
139.1656979999999919
21
-92.8477449999999891
0
LINE
8
F.Silkscreen
6
CONTINUOUS
10
139.1656979999999919
20
-92.8477449999999891
11
139.1638889999999833
21
-92.8492320000000007
0
LINE
8
F.Silkscreen
6
CONTINUOUS
10
139.1638889999999833
20
-92.8492320000000007
11
139.1626279999999838
21
-92.8499889999999937
0
LINE
8
F.Silkscreen
6
CONTINUOUS
10
139.1626279999999838
20
-92.8499889999999937
11
139.1611879999999815
21
-92.8505839999999978
0
LINE
8
F.Silkscreen
6
CONTINUOUS
10
139.1611879999999815
20
-92.8505839999999978
11
139.1552519999999902
21
-92.8543219999999963
0
LINE
8
F.Silkscreen
6
CONTINUOUS
10
139.1552519999999902
20
-92.8543219999999963
11
139.1548239999999907
21
-92.8545629999999989
0
LINE
8
F.Silkscreen
6
CONTINUOUS
10
139.1548239999999907
20
-92.8545629999999989
11
139.0595859999999959
21
-92.9021819999999963
0
LINE
8
F.Silkscreen
6
CONTINUOUS
10
139.0595859999999959
20
-92.9021819999999963
11
139.0591369999999927
21
-92.9023799999999937
0
LINE
8
F.Silkscreen
6
CONTINUOUS
10
139.0591369999999927
20
-92.9023799999999937
11
139.0454049999999881
21
-92.9076349999999991
0
LINE
8
F.Silkscreen
6
CONTINUOUS
10
139.0454049999999881
20
-92.9076349999999991
11
139.0439709999999991
21
-92.907952999999992
0
LINE
8
F.Silkscreen
6
CONTINUOUS
10
139.0439709999999991
20
-92.907952999999992
11
139.0420929999999942
21
-92.9080849999999998
0
LINE
8
F.Silkscreen
6
CONTINUOUS
10
139.0420929999999942
20
-92.9080849999999998
11
139.0403560000000027
21
-92.9088059999999984
0
LINE
8
F.Silkscreen
6
CONTINUOUS
10
139.0403560000000027
20
-92.9088059999999984
11
139.0389309999999909
21
-92.9091629999999924
0
LINE
8
F.Silkscreen
6
CONTINUOUS
10
139.0389309999999909
20
-92.9091629999999924
11
139.024298999999985
21
-92.9106039999999922
0
LINE
8
F.Silkscreen
6
CONTINUOUS
10
139.024298999999985
20
-92.9106039999999922
11
139.023809
21
-92.9106280000000027
0
LINE
8
F.Silkscreen
6
CONTINUOUS
10
139.023809
20
-92.9106280000000027
11
138.7228570000000047
21
-92.9106280000000027
0
LINE
8
F.Silkscreen
6
CONTINUOUS
10
138.7228570000000047
20
-92.9106280000000027
11
138.7228570000000047
21
-93.3068189999999902
0
LINE
8
F.Silkscreen
6
CONTINUOUS
10
138.7228570000000047
20
-93.3068189999999902
11
138.7228329999999801
21
-93.3073089999999894
0
LINE
8
F.Silkscreen
6
CONTINUOUS
10
138.7228329999999801
20
-93.3073089999999894
11
138.7213919999999803
21
-93.3219409999999954
0
LINE
8
F.Silkscreen
6
CONTINUOUS
10
138.7213919999999803
20
-93.3219409999999954
11
138.7210350000000005
21
-93.323363999999998
0
LINE
8
F.Silkscreen
6
CONTINUOUS
10
138.7210350000000005
20
-93.323363999999998
11
138.7098359999999957
21
-93.3503999999999934
0
LINE
8
F.Silkscreen
6
CONTINUOUS
10
138.7098359999999957
20
-93.3503999999999934
11
138.7087530000000015
21
-93.3520230000000026
0
LINE
8
F.Silkscreen
6
CONTINUOUS
10
138.7087530000000015
20
-93.3520230000000026
11
138.6880610000000047
21
-93.3727149999999995
0
LINE
8
F.Silkscreen
6
CONTINUOUS
10
138.6880610000000047
20
-93.3727149999999995
11
138.6864379999999812
21
-93.3737979999999936
0
LINE
8
F.Silkscreen
6
CONTINUOUS
10
138.6864379999999812
20
-93.3737979999999936
11
138.659402
21
-93.3849969999999985
0
LINE
8
F.Silkscreen
6
CONTINUOUS
10
138.659402
20
-93.3849969999999985
11
138.6574889999999982
21
-93.3853779999999887
0
LINE
8
F.Silkscreen
6
CONTINUOUS
10
138.6574889999999982
20
-93.3853779999999887
11
138.6282249999999863
21
-93.3853779999999887
0
LINE
8
F.Silkscreen
6
CONTINUOUS
10
138.6282249999999863
20
-93.3853779999999887
11
138.6263119999999844
21
-93.3849969999999985
0
LINE
8
F.Silkscreen
6
CONTINUOUS
10
138.6263119999999844
20
-93.3849969999999985
11
138.5992760000000033
21
-93.3737979999999936
0
LINE
8
F.Silkscreen
6
CONTINUOUS
10
138.5992760000000033
20
-93.3737979999999936
11
138.5976529999999798
21
-93.3727149999999995
0
LINE
8
F.Silkscreen
6
CONTINUOUS
10
138.5976529999999798
20
-93.3727149999999995
11
138.576960999999983
21
-93.3520230000000026
0
LINE
8
F.Silkscreen
6
CONTINUOUS
10
138.576960999999983
20
-93.3520230000000026
11
138.5758779999999888
21
-93.3503999999999934
0
LINE
8
F.Silkscreen
6
CONTINUOUS
10
138.5758779999999888
20
-93.3503999999999934
11
138.5646789999999839
21
-93.323363999999998
0
LINE
8
F.Silkscreen
6
CONTINUOUS
10
138.5646789999999839
20
-93.323363999999998
11
138.5643220000000042
21
-93.3219409999999954
0
LINE
8
F.Silkscreen
6
CONTINUOUS
10
138.5643220000000042
20
-93.3219409999999954
11
138.5628810000000044
21
-93.3073089999999894
0
LINE
8
F.Silkscreen
6
CONTINUOUS
10
138.5628810000000044
20
-93.3073089999999894
11
138.5628569999999797
21
-93.3068189999999902
0
LINE
8
F.Silkscreen
6
CONTINUOUS
10
138.5628569999999797
20
-93.3068189999999902
11
138.5628569999999797
21
-92.7506279999999919
0
LINE
8
F.Silkscreen
6
CONTINUOUS
10
138.5628569999999797
20
-92.7506279999999919
11
138.7228570000000047
21
-92.7506279999999919
0
LINE
8
F.Silkscreen
6
CONTINUOUS
10
138.7228570000000047
20
-92.7506279999999919
11
139.0049239999999884
21
-92.7506279999999919
0
LINE
8
F.Silkscreen
6
CONTINUOUS
10
139.0049239999999884
20
-92.7506279999999919
11
139.0716559999999902
21
-92.717261999999991
0
LINE
8
F.Silkscreen
6
CONTINUOUS
10
139.0716559999999902
20
-92.717261999999991
11
139.1009190000000046
21
-92.6879989999999907
0
LINE
8
F.Silkscreen
6
CONTINUOUS
10
139.1009190000000046
20
-92.6879989999999907
11
139.1342850000000055
21
-92.6212669999999889
0
LINE
8
F.Silkscreen
6
CONTINUOUS
10
139.1342850000000055
20
-92.6212669999999889
11
139.1342850000000055
21
-92.5161799999999914
0
LINE
8
F.Silkscreen
6
CONTINUOUS
10
139.1342850000000055
20
-92.5161799999999914
11
139.1009190000000046
21
-92.4494479999999896
0
LINE
8
F.Silkscreen
6
CONTINUOUS
10
139.1009190000000046
20
-92.4494479999999896
11
139.0716559999999902
21
-92.4201849999999894
0
LINE
8
F.Silkscreen
6
CONTINUOUS
10
139.0716559999999902
20
-92.4201849999999894
11
139.0049239999999884
21
-92.3868190000000027
0
LINE
8
F.Silkscreen
6
CONTINUOUS
10
139.0049239999999884
20
-92.3868190000000027
11
138.7228570000000047
21
-92.3868190000000027
0
LINE
8
F.Silkscreen
6
CONTINUOUS
10
138.7228570000000047
20
-92.3868190000000027
11
138.7228570000000047
21
-92.7506279999999919
0
LINE
8
F.Silkscreen
6
CONTINUOUS
10
138.7228570000000047
20
-92.7506279999999919
11
138.5628569999999797
21
-92.7506279999999919
0
LINE
8
F.Silkscreen
6
CONTINUOUS
10
138.5628569999999797
20
-92.7506279999999919
11
138.5628569999999797
21
-92.3068189999999902
0
LINE
8
F.Silkscreen
6
CONTINUOUS
10
138.5628569999999797
20
-92.3068189999999902
11
138.5628810000000044
21
-92.306328999999991
0
LINE
8
F.Silkscreen
6
CONTINUOUS
10
138.5628810000000044
20
-92.306328999999991
11
138.5643220000000042
21
-92.2916969999999992
0
LINE
8
F.Silkscreen
6
CONTINUOUS
10
138.5643220000000042
20
-92.2916969999999992
11
138.5646789999999839
21
-92.2902739999999966
0
LINE
8
F.Silkscreen
6
CONTINUOUS
10
138.5646789999999839
20
-92.2902739999999966
11
138.5758779999999888
21
-92.2632380000000012
0
LINE
8
F.Silkscreen
6
CONTINUOUS
10
138.5758779999999888
20
-92.2632380000000012
11
138.576960999999983
21
-92.2616149999999919
0
LINE
8
F.Silkscreen
6
CONTINUOUS
10
138.576960999999983
20
-92.2616149999999919
11
138.5976529999999798
21
-92.2409229999999951
0
LINE
8
F.Silkscreen
6
CONTINUOUS
10
138.5976529999999798
20
-92.2409229999999951
11
138.5992760000000033
21
-92.2398400000000009
0
LINE
8
F.Silkscreen
6
CONTINUOUS
10
138.5992760000000033
20
-92.2398400000000009
11
138.6263119999999844
21
-92.2286409999999961
0
LINE
8
F.Silkscreen
6
CONTINUOUS
10
138.6263119999999844
20
-92.2286409999999961
11
138.6277350000000013
21
-92.2282840000000022
0
LINE
8
F.Silkscreen
6
CONTINUOUS
10
138.6277350000000013
20
-92.2282840000000022
11
138.6423670000000072
21
-92.2268430000000023
0
LINE
8
F.Silkscreen
6
CONTINUOUS
10
138.6423670000000072
20
-92.2268430000000023
11
138.6428569999999922
21
-92.2268189999999919
0
LINE
8
F.Silkscreen
6
CONTINUOUS
10
138.6428569999999922
20
-92.2268189999999919
11
139.023809
21
-92.2268189999999919
0
LINE
8
F.Silkscreen
6
CONTINUOUS
10
139.023809
20
-92.2268189999999919
11
139.024298999999985
21
-92.2268430000000023
0
LINE
8
F.Silkscreen
6
CONTINUOUS
10
134.972960999999998
20
-92.7745669999999905
11
135.0054329999999823
21
-92.807038999999989
0
LINE
8
F.Silkscreen
6
CONTINUOUS
10
135.0054329999999823
20
-92.807038999999989
11
135.0054329999999823
21
-92.8529609999999934
0
LINE
8
F.Silkscreen
6
CONTINUOUS
10
135.0054329999999823
20
-92.8529609999999934
11
134.972960999999998
21
-92.8854329999999919
0
LINE
8
F.Silkscreen
6
CONTINUOUS
10
134.972960999999998
20
-92.8854329999999919
11
134.9499999999999886
21
-92.8900000000000006
0
LINE
8
F.Silkscreen
6
CONTINUOUS
10
134.9499999999999886
20
-92.8900000000000006
11
133.25
21
-92.8900000000000006
0
LINE
8
F.Silkscreen
6
CONTINUOUS
10
133.25
20
-92.8900000000000006
11
133.2270389999999907
21
-92.8854329999999919
0
LINE
8
F.Silkscreen
6
CONTINUOUS
10
133.2270389999999907
20
-92.8854329999999919
11
133.1945670000000064
21
-92.8529609999999934
0
LINE
8
F.Silkscreen
6
CONTINUOUS
10
133.1945670000000064
20
-92.8529609999999934
11
133.1945670000000064
21
-92.807038999999989
0
LINE
8
F.Silkscreen
6
CONTINUOUS
10
133.1945670000000064
20
-92.807038999999989
11
133.2270389999999907
21
-92.7745669999999905
0
LINE
8
F.Silkscreen
6
CONTINUOUS
10
133.2270389999999907
20
-92.7745669999999905
11
133.25
21
-92.769999999999996
0
LINE
8
F.Silkscreen
6
CONTINUOUS
10
133.25
20
-92.769999999999996
11
134.9499999999999886
21
-92.769999999999996
0
LINE
8
F.Silkscreen
6
CONTINUOUS
10
134.9499999999999886
20
-92.769999999999996
11
134.972960999999998
21
-92.7745669999999905
0
LINE
8
F.Silkscreen
6
CONTINUOUS
10
148.1671560000000056
20
-91.3748429999999985
11
148.1741419999999891
21
-91.3755299999999977
0
LINE
8
F.Silkscreen
6
CONTINUOUS
10
148.1741419999999891
20
-91.3755299999999977
11
148.175691999999998
21
-91.3754210000000029
0
LINE
8
F.Silkscreen
6
CONTINUOUS
10
148.175691999999998
20
-91.3754210000000029
11
148.1771540000000016
21
-91.3755319999999926
0
LINE
8
F.Silkscreen
6
CONTINUOUS
10
148.1771540000000016
20
-91.3755319999999926
11
148.1794459999999845
21
-91.3760520000000014
0
LINE
8
F.Silkscreen
6
CONTINUOUS
10
148.1794459999999845
20
-91.3760520000000014
11
148.1817889999999807
21
-91.3762839999999983
0
LINE
8
F.Silkscreen
6
CONTINUOUS
10
148.1817889999999807
20
-91.3762839999999983
11
148.183211
21
-91.3766399999999948
0
LINE
8
F.Silkscreen
6
CONTINUOUS
10
148.183211
20
-91.3766399999999948
11
148.1846549999999922
21
-91.3772369999999938
0
LINE
8
F.Silkscreen
6
CONTINUOUS
10
148.1846549999999922
20
-91.3772369999999938
11
148.1914919999999825
21
-91.3787930000000017
0
LINE
8
F.Silkscreen
6
CONTINUOUS
10
148.1914919999999825
20
-91.3787930000000017
11
148.1919639999999845
21
-91.3789249999999953
0
LINE
8
F.Silkscreen
6
CONTINUOUS
10
148.1919639999999845
20
-91.3789249999999953
11
148.3348210000000051
21
-91.4265439999999927
0
LINE
8
F.Silkscreen
6
CONTINUOUS
10
148.3348210000000051
20
-91.4265439999999927
11
148.3352779999999882
21
-91.4267210000000006
0
LINE
8
F.Silkscreen
6
CONTINUOUS
10
148.3352779999999882
20
-91.4267210000000006
11
148.3487030000000004
21
-91.4327150000000017
0
LINE
8
F.Silkscreen
6
CONTINUOUS
10
148.3487030000000004
20
-91.4327150000000017
11
148.3499410000000012
21
-91.4335039999999992
0
LINE
8
F.Silkscreen
6
CONTINUOUS
10
148.3499410000000012
20
-91.4335039999999992
11
148.3513619999999946
21
-91.4347369999999984
0
LINE
8
F.Silkscreen
6
CONTINUOUS
10
148.3513619999999946
20
-91.4347369999999984
11
148.3531049999999993
21
-91.4354589999999945
0
LINE
8
F.Silkscreen
6
CONTINUOUS
10
148.3531049999999993
20
-91.4354589999999945
11
148.3543630000000064
21
-91.4362129999999951
0
LINE
8
F.Silkscreen
6
CONTINUOUS
10
148.3543630000000064
20
-91.4362129999999951
11
148.3657279999999901
21
-91.4455399999999941
0
LINE
8
F.Silkscreen
6
CONTINUOUS
10
148.3657279999999901
20
-91.4455399999999941
11
148.3660919999999805
21
-91.4458690000000018
0
LINE
8
F.Silkscreen
6
CONTINUOUS
10
148.3660919999999805
20
-91.4458690000000018
11
148.4613300000000038
21
-91.5411069999999967
0
LINE
8
F.Silkscreen
6
CONTINUOUS
10
148.4613300000000038
20
-91.5411069999999967
11
148.4616589999999974
21
-91.5414710000000014
0
LINE
8
F.Silkscreen
6
CONTINUOUS
10
148.4616589999999974
20
-91.5414710000000014
11
148.4661109999999837
21
-91.5468949999999921
0
LINE
8
F.Silkscreen
6
CONTINUOUS
10
148.4661109999999837
20
-91.5468949999999921
11
148.4672879999999964
21
-91.5479160000000007
0
LINE
8
F.Silkscreen
6
CONTINUOUS
10
148.4672879999999964
20
-91.5479160000000007
11
148.4682420000000036
21
-91.5490279999999927
0
LINE
8
F.Silkscreen
6
CONTINUOUS
10
148.4682420000000036
20
-91.5490279999999927
11
148.4694929999999999
21
-91.5510149999999925
0
LINE
8
F.Silkscreen
6
CONTINUOUS
10
148.4694929999999999
20
-91.5510149999999925
11
148.4709869999999796
21
-91.5528359999999992
0
LINE
8
F.Silkscreen
6
CONTINUOUS
10
148.4709869999999796
20
-91.5528359999999992
11
148.4717420000000061
21
-91.5540960000000013
0
LINE
8
F.Silkscreen
6
CONTINUOUS
10
148.4717420000000061
20
-91.5540960000000013
11
148.4723379999999793
21
-91.5555359999999894
0
LINE
8
F.Silkscreen
6
CONTINUOUS
10
148.4723379999999793
20
-91.5555359999999894
11
148.4760739999999828
21
-91.5614709999999974
0
LINE
8
F.Silkscreen
6
CONTINUOUS
10
148.4760739999999828
20
-91.5614709999999974
11
148.4763149999999996
21
-91.5618989999999968
0
LINE
8
F.Silkscreen
6
CONTINUOUS
10
148.4763149999999996
20
-91.5618989999999968
11
148.523933999999997
21
-91.6571369999999916
0
LINE
8
F.Silkscreen
6
CONTINUOUS
10
148.523933999999997
20
-91.6571369999999916
11
148.5241319999999803
21
-91.6575859999999949
0
LINE
8
F.Silkscreen
6
CONTINUOUS
10
148.5241319999999803
20
-91.6575859999999949
11
148.5243559999999832
21
-91.6581719999999933
0
LINE
8
F.Silkscreen
6
CONTINUOUS
10
148.5243559999999832
20
-91.6581719999999933
11
148.5249029999999948
21
-91.6591959999999943
0
LINE
8
F.Silkscreen
6
CONTINUOUS
10
148.5249029999999948
20
-91.6591959999999943
11
148.5270779999999888
21
-91.6652849999999972
0
LINE
8
F.Silkscreen
6
CONTINUOUS
10
148.5270779999999888
20
-91.6652849999999972
11
148.5293869999999856
21
-91.6713170000000019
0
LINE
8
F.Silkscreen
6
CONTINUOUS
10
148.5293869999999856
20
-91.6713170000000019
11
148.5296380000000056
21
-91.6724499999999978
0
LINE
8
F.Silkscreen
6
CONTINUOUS
10
148.5296380000000056
20
-91.6724499999999978
11
148.5298489999999845
21
-91.6730409999999978
0
LINE
8
F.Silkscreen
6
CONTINUOUS
10
148.5298489999999845
20
-91.6730409999999978
11
148.5299919999999929
21
-91.6735109999999906
0
LINE
8
F.Silkscreen
6
CONTINUOUS
10
148.5299919999999929
20
-91.6735109999999906
11
148.5776109999999903
21
-91.8639869999999945
0
LINE
8
F.Silkscreen
6
CONTINUOUS
10
148.5776109999999903
20
-91.8639869999999945
11
148.5777060000000063
21
-91.8644689999999997
0
LINE
8
F.Silkscreen
6
CONTINUOUS
10
148.5777060000000063
20
-91.8644689999999997
11
148.5779899999999998
21
-91.8663919999999905
0
LINE
8
F.Silkscreen
6
CONTINUOUS
10
148.5779899999999998
20
-91.8663919999999905
11
148.5781779999999799
21
-91.8668459999999953
0
LINE
8
F.Silkscreen
6
CONTINUOUS
10
148.5781779999999799
20
-91.8668459999999953
11
148.5785339999999906
21
-91.868268999999998
0
LINE
8
F.Silkscreen
6
CONTINUOUS
10
148.5785339999999906
20
-91.868268999999998
11
148.5790639999999883
21
-91.873660000000001
0
LINE
8
F.Silkscreen
6
CONTINUOUS
10
148.5790639999999883
20
-91.873660000000001
11
148.5798560000000066
21
-91.8790119999999888
0
LINE
8
F.Silkscreen
6
CONTINUOUS
10
148.5798560000000066
20
-91.8790119999999888
11
148.5798549999999807
21
-91.8804820000000007
0
LINE
8
F.Silkscreen
6
CONTINUOUS
10
148.5798549999999807
20
-91.8804820000000007
11
148.5797829999999919
21
-91.8809589999999901
0
LINE
8
F.Silkscreen
6
CONTINUOUS
10
148.5797829999999919
20
-91.8809589999999901
11
148.5799749999999904
21
-91.8828989999999948
0
LINE
8
F.Silkscreen
6
CONTINUOUS
10
148.5799749999999904
20
-91.8828989999999948
11
148.5799989999999866
21
-91.8833899999999915
0
LINE
8
F.Silkscreen
6
CONTINUOUS
10
148.5799989999999866
20
-91.8833899999999915
11
148.5799989999999866
21
-92.0262469999999979
0
LINE
8
F.Silkscreen
6
CONTINUOUS
10
148.5799989999999866
20
-92.0262469999999979
11
148.5799749999999904
21
-92.0267379999999946
0
LINE
8
F.Silkscreen
6
CONTINUOUS
10
148.5799749999999904
20
-92.0267379999999946
11
148.5797829999999919
21
-92.0286770000000018
0
LINE
8
F.Silkscreen
6
CONTINUOUS
10
148.5797829999999919
20
-92.0286770000000018
11
148.5798549999999807
21
-92.0291560000000004
0
LINE
8
F.Silkscreen
6
CONTINUOUS
10
148.5798549999999807
20
-92.0291560000000004
11
148.5798560000000066
21
-92.0306250000000006
0
LINE
8
F.Silkscreen
6
CONTINUOUS
10
148.5798560000000066
20
-92.0306250000000006
11
148.5790639999999883
21
-92.0359749999999934
0
LINE
8
F.Silkscreen
6
CONTINUOUS
10
148.5790639999999883
20
-92.0359749999999934
11
148.5785339999999906
21
-92.0413679999999914
0
LINE
8
F.Silkscreen
6
CONTINUOUS
10
148.5785339999999906
20
-92.0413679999999914
11
148.5781769999999824
21
-92.042792999999989
0
LINE
8
F.Silkscreen
6
CONTINUOUS
10
148.5781769999999824
20
-92.042792999999989
11
148.5779899999999998
21
-92.0432429999999897
0
LINE
8
F.Silkscreen
6
CONTINUOUS
10
148.5779899999999998
20
-92.0432429999999897
11
148.5777060000000063
21
-92.0451679999999897
0
LINE
8
F.Silkscreen
6
CONTINUOUS
10
148.5777060000000063
20
-92.0451679999999897
11
148.5776109999999903
21
-92.0456499999999949
0
LINE
8
F.Silkscreen
6
CONTINUOUS
10
148.5776109999999903
20
-92.0456499999999949
11
148.5299919999999929
21
-92.2361259999999987
0
LINE
8
F.Silkscreen
6
CONTINUOUS
10
148.5299919999999929
20
-92.2361259999999987
11
148.5298489999999845
21
-92.2365969999999891
0
LINE
8
F.Silkscreen
6
CONTINUOUS
10
148.5298489999999845
20
-92.2365969999999891
11
148.5296369999999797
21
-92.2371879999999891
0
LINE
8
F.Silkscreen
6
CONTINUOUS
10
148.5296369999999797
20
-92.2371879999999891
11
148.5293869999999856
21
-92.2383209999999991
0
LINE
8
F.Silkscreen
6
CONTINUOUS
10
148.5293869999999856
20
-92.2383209999999991
11
148.5270730000000015
21
-92.2443650000000019
0
LINE
8
F.Silkscreen
6
CONTINUOUS
10
148.5270730000000015
20
-92.2443650000000019
11
148.5249029999999948
21
-92.250440999999995
0
LINE
8
F.Silkscreen
6
CONTINUOUS
10
148.5249029999999948
20
-92.250440999999995
11
148.5243549999999857
21
-92.2514639999999986
0
LINE
8
F.Silkscreen
6
CONTINUOUS
10
148.5243549999999857
20
-92.2514639999999986
11
148.5241319999999803
21
-92.2520489999999995
0
LINE
8
F.Silkscreen
6
CONTINUOUS
10
148.5241319999999803
20
-92.2520489999999995
11
148.523933999999997
21
-92.2524999999999977
0
LINE
8
F.Silkscreen
6
CONTINUOUS
10
148.523933999999997
20
-92.2524999999999977
11
148.4763149999999996
21
-92.3477379999999926
0
LINE
8
F.Silkscreen
6
CONTINUOUS
10
148.4763149999999996
20
-92.3477379999999926
11
148.4760739999999828
21
-92.348165999999992
0
LINE
8
F.Silkscreen
6
CONTINUOUS
10
148.4760739999999828
20
-92.348165999999992
11
148.4723349999999868
21
-92.3541029999999949
0
LINE
8
F.Silkscreen
6
CONTINUOUS
10
148.4723349999999868
20
-92.3541029999999949
11
148.4717420000000061
21
-92.3555389999999932
0
LINE
8
F.Silkscreen
6
CONTINUOUS
10
148.4717420000000061
20
-92.3555389999999932
11
148.4709859999999821
21
-92.3568009999999902
0
LINE
8
F.Silkscreen
6
CONTINUOUS
10
148.4709859999999821
20
-92.3568009999999902
11
148.4694939999999974
21
-92.3586159999999978
0
LINE
8
F.Silkscreen
6
CONTINUOUS
10
148.4694939999999974
20
-92.3586159999999978
11
148.4682430000000011
21
-92.3606070000000017
0
LINE
8
F.Silkscreen
6
CONTINUOUS
10
148.4682430000000011
20
-92.3606070000000017
11
148.4672850000000039
21
-92.3617239999999953
0
LINE
8
F.Silkscreen
6
CONTINUOUS
10
148.4672850000000039
20
-92.3617239999999953
11
148.4661069999999938
21
-92.3627439999999922
0
LINE
8
F.Silkscreen
6
CONTINUOUS
10
148.4661069999999938
20
-92.3627439999999922
11
148.4616599999999949
21
-92.3681649999999905
0
LINE
8
F.Silkscreen
6
CONTINUOUS
10
148.4616599999999949
20
-92.3681649999999905
11
148.4613310000000013
21
-92.3685289999999952
0
LINE
8
F.Silkscreen
6
CONTINUOUS
10
148.4613310000000013
20
-92.3685289999999952
11
148.3660919999999805
21
-92.4637689999999992
0
LINE
8
F.Silkscreen
6
CONTINUOUS
10
148.3660919999999805
20
-92.4637689999999992
11
148.3657279999999901
21
-92.4640979999999928
0
LINE
8
F.Silkscreen
6
CONTINUOUS
10
148.3657279999999901
20
-92.4640979999999928
11
148.3543630000000064
21
-92.4734249999999918
0
LINE
8
F.Silkscreen
6
CONTINUOUS
10
148.3543630000000064
20
-92.4734249999999918
11
148.3531030000000044
21
-92.4741799999999898
0
LINE
8
F.Silkscreen
6
CONTINUOUS
10
148.3531030000000044
20
-92.4741799999999898
11
148.3513619999999946
21
-92.474899999999991
0
LINE
8
F.Silkscreen
6
CONTINUOUS
10
148.3513619999999946
20
-92.474899999999991
11
148.3499419999999986
21
-92.4761329999999901
0
LINE
8
F.Silkscreen
6
CONTINUOUS
10
148.3499419999999986
20
-92.4761329999999901
11
148.3487030000000004
21
-92.4769229999999993
0
LINE
8
F.Silkscreen
6
CONTINUOUS
10
148.3487030000000004
20
-92.4769229999999993
11
148.3352779999999882
21
-92.4829170000000005
0
LINE
8
F.Silkscreen
6
CONTINUOUS
10
148.3352779999999882
20
-92.4829170000000005
11
148.3348210000000051
21
-92.4830939999999941
0
LINE
8
F.Silkscreen
6
CONTINUOUS
10
148.3348210000000051
20
-92.4830939999999941
11
148.1919639999999845
21
-92.5307129999999916
0
LINE
8
F.Silkscreen
6
CONTINUOUS
10
148.1919639999999845
20
-92.5307129999999916
11
148.191490999999985
21
-92.5308459999999968
0
LINE
8
F.Silkscreen
6
CONTINUOUS
10
148.191490999999985
20
-92.5308459999999968
11
148.1846510000000023
21
-92.5323999999999955
0
LINE
8
F.Silkscreen
6
CONTINUOUS
10
148.1846510000000023
20
-92.5323999999999955
11
148.183212999999995
21
-92.5329969999999946
0
LINE
8
F.Silkscreen
6
CONTINUOUS
10
148.183212999999995
20
-92.5329969999999946
11
148.1817869999999857
21
-92.5333540000000028
0
LINE
8
F.Silkscreen
6
CONTINUOUS
10
148.1817869999999857
20
-92.5333540000000028
11
148.1794419999999946
21
-92.5335839999999905
0
LINE
8
F.Silkscreen
6
CONTINUOUS
10
148.1794419999999946
20
-92.5335839999999905
11
148.1771549999999991
21
-92.5341049999999967
0
LINE
8
F.Silkscreen
6
CONTINUOUS
10
148.1771549999999991
20
-92.5341049999999967
11
148.175690000000003
21
-92.5342169999999982
0
LINE
8
F.Silkscreen
6
CONTINUOUS
10
148.175690000000003
20
-92.5342169999999982
11
148.1741409999999917
21
-92.5341059999999942
0
LINE
8
F.Silkscreen
6
CONTINUOUS
10
148.1741409999999917
20
-92.5341059999999942
11
148.1671570000000031
21
-92.5347950000000026
0
LINE
8
F.Silkscreen
6
CONTINUOUS
10
148.1671570000000031
20
-92.5347950000000026
11
148.1666659999999922
21
-92.5348189999999988
0
LINE
8
F.Silkscreen
6
CONTINUOUS
10
148.1666659999999922
20
-92.5348189999999988
11
147.9285710000000051
21
-92.5348189999999988
0
LINE
8
F.Silkscreen
6
CONTINUOUS
10
147.9285710000000051
20
-92.5348189999999988
11
147.9280809999999917
21
-92.5347950000000026
0
LINE
8
F.Silkscreen
6
CONTINUOUS
10
147.9280809999999917
20
-92.5347950000000026
11
147.9134489999999857
21
-92.5333540000000028
0
LINE
8
F.Silkscreen
6
CONTINUOUS
10
147.9134489999999857
20
-92.5333540000000028
11
147.9120259999999973
21
-92.5329969999999946
0
LINE
8
F.Silkscreen
6
CONTINUOUS
10
147.9120259999999973
20
-92.5329969999999946
11
147.8849899999999877
21
-92.5217979999999898
0
LINE
8
F.Silkscreen
6
CONTINUOUS
10
147.8849899999999877
20
-92.5217979999999898
11
147.8833669999999927
21
-92.5207149999999956
0
LINE
8
F.Silkscreen
6
CONTINUOUS
10
147.8833669999999927
20
-92.5207149999999956
11
147.8626749999999959
21
-92.5000229999999988
0
LINE
8
F.Silkscreen
6
CONTINUOUS
10
147.8626749999999959
20
-92.5000229999999988
11
147.8615920000000017
21
-92.4983999999999895
0
LINE
8
F.Silkscreen
6
CONTINUOUS
10
147.8615920000000017
20
-92.4983999999999895
11
147.8503929999999968
21
-92.4713639999999941
0
LINE
8
F.Silkscreen
6
CONTINUOUS
10
147.8503929999999968
20
-92.4713639999999941
11
147.8500359999999887
21
-92.4699409999999915
0
LINE
8
F.Silkscreen
6
CONTINUOUS
10
147.8500359999999887
20
-92.4699409999999915
11
147.8485949999999889
21
-92.4553089999999997
0
LINE
8
F.Silkscreen
6
CONTINUOUS
10
147.8485949999999889
20
-92.4553089999999997
11
147.8485709999999926
21
-92.4548190000000005
0
LINE
8
F.Silkscreen
6
CONTINUOUS
10
147.8485709999999926
20
-92.4548190000000005
11
147.8485709999999926
21
-92.3748190000000022
0
LINE
8
F.Silkscreen
6
CONTINUOUS
10
147.8485709999999926
20
-92.3748190000000022
11
148.0085709999999892
21
-92.3748190000000022
0
LINE
8
F.Silkscreen
6
CONTINUOUS
10
148.0085709999999892
20
-92.3748190000000022
11
148.1536859999999933
21
-92.3748190000000022
0
LINE
8
F.Silkscreen
6
CONTINUOUS
10
148.1536859999999933
20
-92.3748190000000022
11
148.2663049999999885
21
-92.3372779999999977
0
LINE
8
F.Silkscreen
6
CONTINUOUS
10
148.2663049999999885
20
-92.3372779999999977
11
148.3390129999999942
21
-92.264569999999992
0
LINE
8
F.Silkscreen
6
CONTINUOUS
10
148.3390129999999942
20
-92.264569999999992
11
148.3768959999999879
21
-92.1888029999999929
0
LINE
8
F.Silkscreen
6
CONTINUOUS
10
148.3768959999999879
20
-92.1888029999999929
11
148.41999899999999
21
-92.0163950000000028
0
LINE
8
F.Silkscreen
6
CONTINUOUS
10
148.41999899999999
20
-92.0163950000000028
11
148.41999899999999
21
-91.8932409999999891
0
LINE
8
F.Silkscreen
6
CONTINUOUS
10
148.41999899999999
20
-91.8932409999999891
11
148.3768959999999879
21
-91.7208320000000015
0
LINE
8
F.Silkscreen
6
CONTINUOUS
10
148.3768959999999879
20
-91.7208320000000015
11
148.3390129999999942
21
-91.6450659999999999
0
LINE
8
F.Silkscreen
6
CONTINUOUS
10
148.3390129999999942
20
-91.6450659999999999
11
148.2663059999999859
21
-91.5723589999999916
0
LINE
8
F.Silkscreen
6
CONTINUOUS
10
148.2663059999999859
20
-91.5723589999999916
11
148.1536859999999933
21
-91.5348189999999988
0
LINE
8
F.Silkscreen
6
CONTINUOUS
10
148.1536859999999933
20
-91.5348189999999988
11
148.0085709999999892
21
-91.5348189999999988
0
LINE
8
F.Silkscreen
6
CONTINUOUS
10
148.0085709999999892
20
-91.5348189999999988
11
148.0085709999999892
21
-92.3748190000000022
0
LINE
8
F.Silkscreen
6
CONTINUOUS
10
148.0085709999999892
20
-92.3748190000000022
11
147.8485709999999926
21
-92.3748190000000022
0
LINE
8
F.Silkscreen
6
CONTINUOUS
10
147.8485709999999926
20
-92.3748190000000022
11
147.8485709999999926
21
-91.4548190000000005
0
LINE
8
F.Silkscreen
6
CONTINUOUS
10
147.8485709999999926
20
-91.4548190000000005
11
147.8485949999999889
21
-91.4543290000000013
0
LINE
8
F.Silkscreen
6
CONTINUOUS
10
147.8485949999999889
20
-91.4543290000000013
11
147.8500359999999887
21
-91.4396969999999953
0
LINE
8
F.Silkscreen
6
CONTINUOUS
10
147.8500359999999887
20
-91.4396969999999953
11
147.8503929999999968
21
-91.4382739999999927
0
LINE
8
F.Silkscreen
6
CONTINUOUS
10
147.8503929999999968
20
-91.4382739999999927
11
147.8615920000000017
21
-91.4112379999999973
0
LINE
8
F.Silkscreen
6
CONTINUOUS
10
147.8615920000000017
20
-91.4112379999999973
11
147.8626749999999959
21
-91.4096150000000023
0
LINE
8
F.Silkscreen
6
CONTINUOUS
10
147.8626749999999959
20
-91.4096150000000023
11
147.8833669999999927
21
-91.3889229999999912
0
LINE
8
F.Silkscreen
6
CONTINUOUS
10
147.8833669999999927
20
-91.3889229999999912
11
147.8849899999999877
21
-91.3878399999999971
0
LINE
8
F.Silkscreen
6
CONTINUOUS
10
147.8849899999999877
20
-91.3878399999999971
11
147.9120259999999973
21
-91.3766409999999922
0
LINE
8
F.Silkscreen
6
CONTINUOUS
10
147.9120259999999973
20
-91.3766409999999922
11
147.9134489999999857
21
-91.3762839999999983
0
LINE
8
F.Silkscreen
6
CONTINUOUS
10
147.9134489999999857
20
-91.3762839999999983
11
147.9280809999999917
21
-91.3748429999999985
0
LINE
8
F.Silkscreen
6
CONTINUOUS
10
147.9280809999999917
20
-91.3748429999999985
11
147.9285710000000051
21
-91.3748190000000022
0
LINE
8
F.Silkscreen
6
CONTINUOUS
10
147.9285710000000051
20
-91.3748190000000022
11
148.1666659999999922
21
-91.3748190000000022
0
LINE
8
F.Silkscreen
6
CONTINUOUS
10
148.1666659999999922
20
-91.3748190000000022
11
148.1671560000000056
21
-91.3748429999999985
0
LINE
8
F.Silkscreen
6
CONTINUOUS
10
149.2623940000000005
20
-91.3748429999999985
11
149.2770260000000064
21
-91.3762839999999983
0
LINE
8
F.Silkscreen
6
CONTINUOUS
10
149.2770260000000064
20
-91.3762839999999983
11
149.2784489999999948
21
-91.3766409999999922
0
LINE
8
F.Silkscreen
6
CONTINUOUS
10
149.2784489999999948
20
-91.3766409999999922
11
149.2801879999999812
21
-91.3773609999999934
0
LINE
8
F.Silkscreen
6
CONTINUOUS
10
149.2801879999999812
20
-91.3773609999999934
11
149.2820669999999836
21
-91.3774949999999961
0
LINE
8
F.Silkscreen
6
CONTINUOUS
10
149.2820669999999836
20
-91.3774949999999961
11
149.2835000000000036
21
-91.3778119999999916
0
LINE
8
F.Silkscreen
6
CONTINUOUS
10
149.2835000000000036
20
-91.3778119999999916
11
149.2972319999999797
21
-91.3830669999999969
0
LINE
8
F.Silkscreen
6
CONTINUOUS
10
149.2972319999999797
20
-91.3830669999999969
11
149.297680999999983
21
-91.3832649999999944
0
LINE
8
F.Silkscreen
6
CONTINUOUS
10
149.297680999999983
20
-91.3832649999999944
11
149.3929190000000062
21
-91.4308839999999918
0
LINE
8
F.Silkscreen
6
CONTINUOUS
10
149.3929190000000062
20
-91.4308839999999918
11
149.3933459999999798
21
-91.431123999999997
0
LINE
8
F.Silkscreen
6
CONTINUOUS
10
149.3933459999999798
20
-91.431123999999997
11
149.3992869999999868
21
-91.4348619999999954
0
LINE
8
F.Silkscreen
6
CONTINUOUS
10
149.3992869999999868
20
-91.4348619999999954
11
149.4007249999999942
21
-91.4354589999999945
0
LINE
8
F.Silkscreen
6
CONTINUOUS
10
149.4007249999999942
20
-91.4354589999999945
11
149.4019830000000013
21
-91.4362139999999926
0
LINE
8
F.Silkscreen
6
CONTINUOUS
10
149.4019830000000013
20
-91.4362139999999926
11
149.4037930000000074
21
-91.4376999999999924
0
LINE
8
F.Silkscreen
6
CONTINUOUS
10
149.4037930000000074
20
-91.4376999999999924
11
149.4057889999999986
21
-91.4389559999999904
0
LINE
8
F.Silkscreen
6
CONTINUOUS
10
149.4057889999999986
20
-91.4389559999999904
11
149.4069039999999973
21
-91.4399119999999925
0
LINE
8
F.Silkscreen
6
CONTINUOUS
10
149.4069039999999973
20
-91.4399119999999925
11
149.4079270000000008
21
-91.4410919999999976
0
LINE
8
F.Silkscreen
6
CONTINUOUS
10
149.4079270000000008
20
-91.4410919999999976
11
149.4133469999999875
21
-91.4455399999999941
0
LINE
8
F.Silkscreen
6
CONTINUOUS
10
149.4133469999999875
20
-91.4455399999999941
11
149.4137110000000064
21
-91.4458690000000018
0
LINE
8
F.Silkscreen
6
CONTINUOUS
10
149.4137110000000064
20
-91.4458690000000018
11
149.4613300000000038
21
-91.4934879999999993
0
LINE
8
F.Silkscreen
6
CONTINUOUS
10
149.4613300000000038
20
-91.4934879999999993
11
149.4616589999999974
21
-91.4938519999999897
0
LINE
8
F.Silkscreen
6
CONTINUOUS
10
149.4616589999999974
20
-91.4938519999999897
11
149.4661079999999913
21
-91.4992739999999998
0
LINE
8
F.Silkscreen
6
CONTINUOUS
10
149.4661079999999913
20
-91.4992739999999998
11
149.4672869999999989
21
-91.5002959999999916
0
LINE
8
F.Silkscreen
6
CONTINUOUS
10
149.4672869999999989
20
-91.5002959999999916
11
149.4682430000000011
21
-91.5014109999999903
0
LINE
8
F.Silkscreen
6
CONTINUOUS
10
149.4682430000000011
20
-91.5014109999999903
11
149.4694949999999949
21
-91.5034009999999967
0
LINE
8
F.Silkscreen
6
CONTINUOUS
10
149.4694949999999949
20
-91.5034009999999967
11
149.4709849999999847
21
-91.5052159999999901
0
LINE
8
F.Silkscreen
6
CONTINUOUS
10
149.4709849999999847
20
-91.5052159999999901
11
149.4717399999999827
21
-91.5064749999999947
0
LINE
8
F.Silkscreen
6
CONTINUOUS
10
149.4717399999999827
20
-91.5064749999999947
11
149.4723339999999894
21
-91.5079089999999979
0
LINE
8
F.Silkscreen
6
CONTINUOUS
10
149.4723339999999894
20
-91.5079089999999979
11
149.4760749999999803
21
-91.5138529999999975
0
LINE
8
F.Silkscreen
6
CONTINUOUS
10
149.4760749999999803
20
-91.5138529999999975
11
149.4763149999999996
21
-91.5142799999999994
0
LINE
8
F.Silkscreen
6
CONTINUOUS
10
149.4763149999999996
20
-91.5142799999999994
11
149.523933999999997
21
-91.6095179999999942
0
LINE
8
F.Silkscreen
6
CONTINUOUS
10
149.523933999999997
20
-91.6095179999999942
11
149.5241319999999803
21
-91.6099669999999975
0
LINE
8
F.Silkscreen
6
CONTINUOUS
10
149.5241319999999803
20
-91.6099669999999975
11
149.5293869999999856
21
-91.6236979999999903
0
LINE
8
F.Silkscreen
6
CONTINUOUS
10
149.5293869999999856
20
-91.6236979999999903
11
149.5297039999999811
21
-91.6251309999999961
0
LINE
8
F.Silkscreen
6
CONTINUOUS
10
149.5297039999999811
20
-91.6251309999999961
11
149.5298369999999863
21
-91.6270099999999985
0
LINE
8
F.Silkscreen
6
CONTINUOUS
10
149.5298369999999863
20
-91.6270099999999985
11
149.530557999999985
21
-91.6287499999999966
0
LINE
8
F.Silkscreen
6
CONTINUOUS
10
149.530557999999985
20
-91.6287499999999966
11
149.5309149999999931
21
-91.6301729999999992
0
LINE
8
F.Silkscreen
6
CONTINUOUS
10
149.5309149999999931
20
-91.6301729999999992
11
149.5323559999999929
21
-91.644804999999991
0
LINE
8
F.Silkscreen
6
CONTINUOUS
10
149.5323559999999929
20
-91.644804999999991
11
149.5323799999999892
21
-91.6452949999999902
0
LINE
8
F.Silkscreen
6
CONTINUOUS
10
149.5323799999999892
20
-91.6452949999999902
11
149.5323799999999892
21
-91.7405329999999992
0
LINE
8
F.Silkscreen
6
CONTINUOUS
10
149.5323799999999892
20
-91.7405329999999992
11
149.5323559999999929
21
-91.7410229999999984
0
LINE
8
F.Silkscreen
6
CONTINUOUS
10
149.5323559999999929
20
-91.7410229999999984
11
149.5316669999999988
21
-91.7480079999999987
0
LINE
8
F.Silkscreen
6
CONTINUOUS
10
149.5316669999999988
20
-91.7480079999999987
11
149.5317780000000027
21
-91.7495579999999933
0
LINE
8
F.Silkscreen
6
CONTINUOUS
10
149.5317780000000027
20
-91.7495579999999933
11
149.5316660000000013
21
-91.7510229999999893
0
LINE
8
F.Silkscreen
6
CONTINUOUS
10
149.5316660000000013
20
-91.7510229999999893
11
149.5311449999999809
21
-91.753309999999999
0
LINE
8
F.Silkscreen
6
CONTINUOUS
10
149.5311449999999809
20
-91.753309999999999
11
149.5309149999999931
21
-91.7556539999999927
0
LINE
8
F.Silkscreen
6
CONTINUOUS
10
149.5309149999999931
20
-91.7556539999999927
11
149.530557999999985
21
-91.7570809999999994
0
LINE
8
F.Silkscreen
6
CONTINUOUS
10
149.530557999999985
20
-91.7570809999999994
11
149.5299609999999859
21
-91.7585189999999926
0
LINE
8
F.Silkscreen
6
CONTINUOUS
10
149.5299609999999859
20
-91.7585189999999926
11
149.5284069999999872
21
-91.7653589999999895
0
LINE
8
F.Silkscreen
6
CONTINUOUS
10
149.5284069999999872
20
-91.7653589999999895
11
149.5282739999999819
21
-91.765831999999989
0
LINE
8
F.Silkscreen
6
CONTINUOUS
10
149.5282739999999819
20
-91.765831999999989
11
149.4806549999999845
21
-91.9086879999999979
0
LINE
8
F.Silkscreen
6
CONTINUOUS
10
149.4806549999999845
20
-91.9086879999999979
11
149.4804780000000051
21
-91.9091449999999952
0
LINE
8
F.Silkscreen
6
CONTINUOUS
10
149.4804780000000051
20
-91.9091449999999952
11
149.4744839999999897
21
-91.9225709999999907
0
LINE
8
F.Silkscreen
6
CONTINUOUS
10
149.4744839999999897
20
-91.9225709999999907
11
149.4736939999999947
21
-91.9238099999999889
0
LINE
8
F.Silkscreen
6
CONTINUOUS
10
149.4736939999999947
20
-91.9238099999999889
11
149.4724620000000073
21
-91.9252290000000016
0
LINE
8
F.Silkscreen
6
CONTINUOUS
10
149.4724620000000073
20
-91.9252290000000016
11
149.4717420000000061
21
-91.9269699999999972
0
LINE
8
F.Silkscreen
6
CONTINUOUS
10
149.4717420000000061
20
-91.9269699999999972
11
149.4709869999999796
21
-91.9282299999999992
0
LINE
8
F.Silkscreen
6
CONTINUOUS
10
149.4709869999999796
20
-91.9282299999999992
11
149.4616589999999974
21
-91.9395949999999971
0
LINE
8
F.Silkscreen
6
CONTINUOUS
10
149.4616589999999974
20
-91.9395949999999971
11
149.4613300000000038
21
-91.9399590000000018
0
LINE
8
F.Silkscreen
6
CONTINUOUS
10
149.4613300000000038
20
-91.9399590000000018
11
149.0264709999999866
21
-92.3748190000000022
0
LINE
8
F.Silkscreen
6
CONTINUOUS
10
149.0264709999999866
20
-92.3748190000000022
11
149.4523800000000051
21
-92.3748190000000022
0
LINE
8
F.Silkscreen
6
CONTINUOUS
10
149.4523800000000051
20
-92.3748190000000022
11
149.4528699999999901
21
-92.3748429999999985
0
LINE
8
F.Silkscreen
6
CONTINUOUS
10
149.4528699999999901
20
-92.3748429999999985
11
149.4675019999999961
21
-92.3762839999999983
0
LINE
8
F.Silkscreen
6
CONTINUOUS
10
149.4675019999999961
20
-92.3762839999999983
11
149.4689249999999845
21
-92.3766409999999922
0
LINE
8
F.Silkscreen
6
CONTINUOUS
10
149.4689249999999845
20
-92.3766409999999922
11
149.4959609999999941
21
-92.3878399999999971
0
LINE
8
F.Silkscreen
6
CONTINUOUS
10
149.4959609999999941
20
-92.3878399999999971
11
149.4975839999999891
21
-92.3889229999999912
0
LINE
8
F.Silkscreen
6
CONTINUOUS
10
149.4975839999999891
20
-92.3889229999999912
11
149.518275999999986
21
-92.4096150000000023
0
LINE
8
F.Silkscreen
6
CONTINUOUS
10
149.518275999999986
20
-92.4096150000000023
11
149.5193589999999801
21
-92.4112379999999973
0
LINE
8
F.Silkscreen
6
CONTINUOUS
10
149.5193589999999801
20
-92.4112379999999973
11
149.530557999999985
21
-92.4382739999999927
0
LINE
8
F.Silkscreen
6
CONTINUOUS
10
149.530557999999985
20
-92.4382739999999927
11
149.5309389999999894
21
-92.4401869999999946
0
LINE
8
F.Silkscreen
6
CONTINUOUS
10
149.5309389999999894
20
-92.4401869999999946
11
149.5309389999999894
21
-92.4694509999999923
0
LINE
8
F.Silkscreen
6
CONTINUOUS
10
149.5309389999999894
20
-92.4694509999999923
11
149.530557999999985
21
-92.4713639999999941
0
LINE
8
F.Silkscreen
6
CONTINUOUS
10
149.530557999999985
20
-92.4713639999999941
11
149.5193589999999801
21
-92.4983999999999895
0
LINE
8
F.Silkscreen
6
CONTINUOUS
10
149.5193589999999801
20
-92.4983999999999895
11
149.518275999999986
21
-92.5000229999999988
0
LINE
8
F.Silkscreen
6
CONTINUOUS
10
149.518275999999986
20
-92.5000229999999988
11
149.4975839999999891
21
-92.5207149999999956
0
LINE
8
F.Silkscreen
6
CONTINUOUS
10
149.4975839999999891
20
-92.5207149999999956
11
149.4959609999999941
21
-92.5217979999999898
0
LINE
8
F.Silkscreen
6
CONTINUOUS
10
149.4959609999999941
20
-92.5217979999999898
11
149.4689249999999845
21
-92.5329969999999946
0
LINE
8
F.Silkscreen
6
CONTINUOUS
10
149.4689249999999845
20
-92.5329969999999946
11
149.4675019999999961
21
-92.5333540000000028
0
LINE
8
F.Silkscreen
6
CONTINUOUS
10
149.4675019999999961
20
-92.5333540000000028
11
149.4528699999999901
21
-92.5347950000000026
0
LINE
8
F.Silkscreen
6
CONTINUOUS
10
149.4528699999999901
20
-92.5347950000000026
11
149.4523800000000051
21
-92.5348189999999988
0
LINE
8
F.Silkscreen
6
CONTINUOUS
10
149.4523800000000051
20
-92.5348189999999988
11
148.8333329999999819
21
-92.5348189999999988
0
LINE
8
F.Silkscreen
6
CONTINUOUS
10
148.8333329999999819
20
-92.5348189999999988
11
148.8328429999999969
21
-92.5347950000000026
0
LINE
8
F.Silkscreen
6
CONTINUOUS
10
148.8328429999999969
20
-92.5347950000000026
11
148.8182109999999909
21
-92.5333540000000028
0
LINE
8
F.Silkscreen
6
CONTINUOUS
10
148.8182109999999909
20
-92.5333540000000028
11
148.8167880000000025
21
-92.5329969999999946
0
LINE
8
F.Silkscreen
6
CONTINUOUS
10
148.8167880000000025
20
-92.5329969999999946
11
148.7897519999999929
21
-92.5217979999999898
0
LINE
8
F.Silkscreen
6
CONTINUOUS
10
148.7897519999999929
20
-92.5217979999999898
11
148.7881289999999979
21
-92.5207149999999956
0
LINE
8
F.Silkscreen
6
CONTINUOUS
10
148.7881289999999979
20
-92.5207149999999956
11
148.767437000000001
21
-92.5000229999999988
0
LINE
8
F.Silkscreen
6
CONTINUOUS
10
148.767437000000001
20
-92.5000229999999988
11
148.7663540000000069
21
-92.4983999999999895
0
LINE
8
F.Silkscreen
6
CONTINUOUS
10
148.7663540000000069
20
-92.4983999999999895
11
148.755155000000002
21
-92.4713639999999941
0
LINE
8
F.Silkscreen
6
CONTINUOUS
10
148.755155000000002
20
-92.4713639999999941
11
148.7547739999999976
21
-92.4694509999999923
0
LINE
8
F.Silkscreen
6
CONTINUOUS
10
148.7547739999999976
20
-92.4694509999999923
11
148.7547739999999976
21
-92.4401869999999946
0
LINE
8
F.Silkscreen
6
CONTINUOUS
10
148.7547739999999976
20
-92.4401869999999946
11
148.755155000000002
21
-92.4382739999999927
0
LINE
8
F.Silkscreen
6
CONTINUOUS
10
148.755155000000002
20
-92.4382739999999927
11
148.7663540000000069
21
-92.4112379999999973
0
LINE
8
F.Silkscreen
6
CONTINUOUS
10
148.7663540000000069
20
-92.4112379999999973
11
148.7671080000000075
21
-92.4099789999999928
0
LINE
8
F.Silkscreen
6
CONTINUOUS
10
148.7671080000000075
20
-92.4099789999999928
11
148.7764349999999922
21
-92.3986139999999949
0
LINE
8
F.Silkscreen
6
CONTINUOUS
10
148.7764349999999922
20
-92.3986139999999949
11
148.7767639999999858
21
-92.3982499999999902
0
LINE
8
F.Silkscreen
6
CONTINUOUS
10
148.7767639999999858
20
-92.3982499999999902
11
149.3348389999999881
21
-91.8401719999999955
0
LINE
8
F.Silkscreen
6
CONTINUOUS
10
149.3348389999999881
20
-91.8401719999999955
11
149.3723799999999926
21
-91.7275520000000029
0
LINE
8
F.Silkscreen
6
CONTINUOUS
10
149.3723799999999926
20
-91.7275520000000029
11
149.3723799999999926
21
-91.6641800000000018
0
LINE
8
F.Silkscreen
6
CONTINUOUS
10
149.3723799999999926
20
-91.6641800000000018
11
149.3390139999999917
21
-91.597448
0
LINE
8
F.Silkscreen
6
CONTINUOUS
10
149.3390139999999917
20
-91.597448
11
149.3097510000000057
21
-91.5681849999999997
0
LINE
8
F.Silkscreen
6
CONTINUOUS
10
149.3097510000000057
20
-91.5681849999999997
11
149.2430190000000039
21
-91.5348189999999988
0
LINE
8
F.Silkscreen
6
CONTINUOUS
10
149.2430190000000039
20
-91.5348189999999988
11
149.0426939999999831
21
-91.5348189999999988
0
LINE
8
F.Silkscreen
6
CONTINUOUS
10
149.0426939999999831
20
-91.5348189999999988
11
148.9759619999999813
21
-91.5681849999999997
0
LINE
8
F.Silkscreen
6
CONTINUOUS
10
148.9759619999999813
20
-91.5681849999999997
11
148.9375210000000038
21
-91.6066259999999914
0
LINE
8
F.Silkscreen
6
CONTINUOUS
10
148.9375210000000038
20
-91.6066259999999914
11
148.9371569999999849
21
-91.6069549999999992
0
LINE
8
F.Silkscreen
6
CONTINUOUS
10
148.9371569999999849
20
-91.6069549999999992
11
148.9257920000000013
21
-91.6162819999999982
0
LINE
8
F.Silkscreen
6
CONTINUOUS
10
148.9257920000000013
20
-91.6162819999999982
11
148.9245329999999967
21
-91.6170359999999988
0
LINE
8
F.Silkscreen
6
CONTINUOUS
10
148.9245329999999967
20
-91.6170359999999988
11
148.8974959999999896
21
-91.6282349999999894
0
LINE
8
F.Silkscreen
6
CONTINUOUS
10
148.8974959999999896
20
-91.6282349999999894
11
148.8955829999999878
21
-91.6286159999999938
0
LINE
8
F.Silkscreen
6
CONTINUOUS
10
148.8955829999999878
20
-91.6286159999999938
11
148.8663209999999992
21
-91.6286159999999938
0
LINE
8
F.Silkscreen
6
CONTINUOUS
10
148.8663209999999992
20
-91.6286159999999938
11
148.8644079999999974
21
-91.6282349999999894
0
LINE
8
F.Silkscreen
6
CONTINUOUS
10
148.8644079999999974
20
-91.6282349999999894
11
148.8373709999999903
21
-91.6170359999999988
0
LINE
8
F.Silkscreen
6
CONTINUOUS
10
148.8373709999999903
20
-91.6170359999999988
11
148.8357479999999953
21
-91.6159529999999904
0
LINE
8
F.Silkscreen
6
CONTINUOUS
10
148.8357479999999953
20
-91.6159529999999904
11
148.8150559999999984
21
-91.5952609999999936
0
LINE
8
F.Silkscreen
6
CONTINUOUS
10
148.8150559999999984
20
-91.5952609999999936
11
148.8139730000000043
21
-91.5936379999999986
0
LINE
8
F.Silkscreen
6
CONTINUOUS
10
148.8139730000000043
20
-91.5936379999999986
11
148.8027739999999994
21
-91.5666009999999915
0
LINE
8
F.Silkscreen
6
CONTINUOUS
10
148.8027739999999994
20
-91.5666009999999915
11
148.802392999999995
21
-91.5646879999999896
0
LINE
8
F.Silkscreen
6
CONTINUOUS
10
148.802392999999995
20
-91.5646879999999896
11
148.802392999999995
21
-91.5354260000000011
0
LINE
8
F.Silkscreen
6
CONTINUOUS
10
148.802392999999995
20
-91.5354260000000011
11
148.8027739999999994
21
-91.5335129999999992
0
LINE
8
F.Silkscreen
6
CONTINUOUS
10
148.8027739999999994
20
-91.5335129999999992
11
148.8139730000000043
21
-91.5064759999999922
0
LINE
8
F.Silkscreen
6
CONTINUOUS
10
148.8139730000000043
20
-91.5064759999999922
11
148.8147270000000049
21
-91.5052170000000018
0
LINE
8
F.Silkscreen
6
CONTINUOUS
10
148.8147270000000049
20
-91.5052170000000018
11
148.8240539999999896
21
-91.4938519999999897
0
LINE
8
F.Silkscreen
6
CONTINUOUS
10
148.8240539999999896
20
-91.4938519999999897
11
148.8243829999999832
21
-91.4934879999999993
0
LINE
8
F.Silkscreen
6
CONTINUOUS
10
148.8243829999999832
20
-91.4934879999999993
11
148.8720019999999806
21
-91.4458690000000018
0
LINE
8
F.Silkscreen
6
CONTINUOUS
10
148.8720019999999806
20
-91.4458690000000018
11
148.8723659999999995
21
-91.4455399999999941
0
LINE
8
F.Silkscreen
6
CONTINUOUS
10
148.8723659999999995
20
-91.4455399999999941
11
148.877789000000007
21
-91.4410879999999935
0
LINE
8
F.Silkscreen
6
CONTINUOUS
10
148.877789000000007
20
-91.4410879999999935
11
148.8788109999999847
21
-91.4399109999999951
0
LINE
8
F.Silkscreen
6
CONTINUOUS
10
148.8788109999999847
20
-91.4399109999999951
11
148.8799229999999909
21
-91.438957000000002
0
LINE
8
F.Silkscreen
6
CONTINUOUS
10
148.8799229999999909
20
-91.438957000000002
11
148.8819149999999922
21
-91.4377020000000016
0
LINE
8
F.Silkscreen
6
CONTINUOUS
10
148.8819149999999922
20
-91.4377020000000016
11
148.8837309999999832
21
-91.4362129999999951
0
LINE
8
F.Silkscreen
6
CONTINUOUS
10
148.8837309999999832
20
-91.4362129999999951
11
148.8849869999999953
21
-91.435459999999992
0
LINE
8
F.Silkscreen
6
CONTINUOUS
10
148.8849869999999953
20
-91.435459999999992
11
148.8864209999999844
21
-91.4348639999999904
0
LINE
8
F.Silkscreen
6
CONTINUOUS
10
148.8864209999999844
20
-91.4348639999999904
11
148.8923670000000072
21
-91.431123999999997
0
LINE
8
F.Silkscreen
6
CONTINUOUS
10
148.8923670000000072
20
-91.431123999999997
11
148.8927939999999808
21
-91.4308839999999918
0
LINE
8
F.Silkscreen
6
CONTINUOUS
10
148.8927939999999808
20
-91.4308839999999918
11
148.988032000000004
21
-91.3832649999999944
0
LINE
8
F.Silkscreen
6
CONTINUOUS
10
148.988032000000004
20
-91.3832649999999944
11
148.9884810000000073
21
-91.3830669999999969
0
LINE
8
F.Silkscreen
6
CONTINUOUS
10
148.9884810000000073
20
-91.3830669999999969
11
149.0022119999999859
21
-91.3778119999999916
0
LINE
8
F.Silkscreen
6
CONTINUOUS
10
149.0022119999999859
20
-91.3778119999999916
11
149.0036429999999825
21
-91.3774949999999961
0
LINE
8
F.Silkscreen
6
CONTINUOUS
10
149.0036429999999825
20
-91.3774949999999961
11
149.0055229999999824
21
-91.3773599999999959
0
LINE
8
F.Silkscreen
6
CONTINUOUS
10
149.0055229999999824
20
-91.3773599999999959
11
149.0072649999999896
21
-91.3766399999999948
0
LINE
8
F.Silkscreen
6
CONTINUOUS
10
149.0072649999999896
20
-91.3766399999999948
11
149.0086869999999806
21
-91.3762839999999983
0
LINE
8
F.Silkscreen
6
CONTINUOUS
10
149.0086869999999806
20
-91.3762839999999983
11
149.0233189999999865
21
-91.3748429999999985
0
LINE
8
F.Silkscreen
6
CONTINUOUS
10
149.0233189999999865
20
-91.3748429999999985
11
149.023809
21
-91.3748190000000022
0
LINE
8
F.Silkscreen
6
CONTINUOUS
10
149.023809
20
-91.3748190000000022
11
149.261903999999987
21
-91.3748190000000022
0
LINE
8
F.Silkscreen
6
CONTINUOUS
10
149.261903999999987
20
-91.3748190000000022
11
149.2623940000000005
21
-91.3748429999999985
0
LINE
8
F.Silkscreen
6
CONTINUOUS
10
156.4132109999999898
20
-91.3766409999999922
11
156.4402469999999994
21
-91.3878399999999971
0
LINE
8
F.Silkscreen
6
CONTINUOUS
10
156.4402469999999994
20
-91.3878399999999971
11
156.4418699999999944
21
-91.3889229999999912
0
LINE
8
F.Silkscreen
6
CONTINUOUS
10
156.4418699999999944
20
-91.3889229999999912
11
156.4625619999999913
21
-91.4096150000000023
0
LINE
8
F.Silkscreen
6
CONTINUOUS
10
156.4625619999999913
20
-91.4096150000000023
11
156.4636449999999854
21
-91.4112379999999973
0
LINE
8
F.Silkscreen
6
CONTINUOUS
10
156.4636449999999854
20
-91.4112379999999973
11
156.4748439999999903
21
-91.4382739999999927
0
LINE
8
F.Silkscreen
6
CONTINUOUS
10
156.4748439999999903
20
-91.4382739999999927
11
156.4752009999999984
21
-91.4396969999999953
0
LINE
8
F.Silkscreen
6
CONTINUOUS
10
156.4752009999999984
20
-91.4396969999999953
11
156.4766419999999982
21
-91.4543290000000013
0
LINE
8
F.Silkscreen
6
CONTINUOUS
10
156.4766419999999982
20
-91.4543290000000013
11
156.4766659999999945
21
-91.4548190000000005
0
LINE
8
F.Silkscreen
6
CONTINUOUS
10
156.4766659999999945
20
-91.4548190000000005
11
156.4766659999999945
21
-92.1691039999999902
0
LINE
8
F.Silkscreen
6
CONTINUOUS
10
156.4766659999999945
20
-92.1691039999999902
11
156.4766419999999982
21
-92.1695939999999894
0
LINE
8
F.Silkscreen
6
CONTINUOUS
10
156.4766419999999982
20
-92.1695939999999894
11
156.4759530000000041
21
-92.1765789999999896
0
LINE
8
F.Silkscreen
6
CONTINUOUS
10
156.4759530000000041
20
-92.1765789999999896
11
156.4760639999999796
21
-92.1781289999999984
0
LINE
8
F.Silkscreen
6
CONTINUOUS
10
156.4760639999999796
20
-92.1781289999999984
11
156.4759520000000066
21
-92.1795939999999945
0
LINE
8
F.Silkscreen
6
CONTINUOUS
10
156.4759520000000066
20
-92.1795939999999945
11
156.4754309999999862
21
-92.18188099999999
0
LINE
8
F.Silkscreen
6
CONTINUOUS
10
156.4754309999999862
20
-92.18188099999999
11
156.4752009999999984
21
-92.1842249999999979
0
LINE
8
F.Silkscreen
6
CONTINUOUS
10
156.4752009999999984
20
-92.1842249999999979
11
156.4748439999999903
21
-92.1856519999999904
0
LINE
8
F.Silkscreen
6
CONTINUOUS
10
156.4748439999999903
20
-92.1856519999999904
11
156.4742469999999912
21
-92.1870899999999978
0
LINE
8
F.Silkscreen
6
CONTINUOUS
10
156.4742469999999912
20
-92.1870899999999978
11
156.4726929999999925
21
-92.1939299999999946
0
LINE
8
F.Silkscreen
6
CONTINUOUS
10
156.4726929999999925
20
-92.1939299999999946
11
156.4725599999999872
21
-92.1944029999999941
0
LINE
8
F.Silkscreen
6
CONTINUOUS
10
156.4725599999999872
20
-92.1944029999999941
11
156.4249409999999898
21
-92.3372589999999889
0
LINE
8
F.Silkscreen
6
CONTINUOUS
10
156.4249409999999898
20
-92.3372589999999889
11
156.4247639999999819
21
-92.3377160000000003
0
LINE
8
F.Silkscreen
6
CONTINUOUS
10
156.4247639999999819
20
-92.3377160000000003
11
156.418769999999995
21
-92.3511419999999958
0
LINE
8
F.Silkscreen
6
CONTINUOUS
10
156.418769999999995
20
-92.3511419999999958
11
156.41798
21
-92.3523809999999941
0
LINE
8
F.Silkscreen
6
CONTINUOUS
10
156.41798
20
-92.3523809999999941
11
156.4167469999999867
21
-92.35380099999999
0
LINE
8
F.Silkscreen
6
CONTINUOUS
10
156.4167469999999867
20
-92.35380099999999
11
156.416027999999983
21
-92.3555399999999906
0
LINE
8
F.Silkscreen
6
CONTINUOUS
10
156.416027999999983
20
-92.3555399999999906
11
156.4152729999999849
21
-92.3567999999999927
0
LINE
8
F.Silkscreen
6
CONTINUOUS
10
156.4152729999999849
20
-92.3567999999999927
11
156.4059460000000001
21
-92.3681649999999905
0
LINE
8
F.Silkscreen
6
CONTINUOUS
10
156.4059460000000001
20
-92.3681649999999905
11
156.4056170000000066
21
-92.3685289999999952
0
LINE
8
F.Silkscreen
6
CONTINUOUS
10
156.4056170000000066
20
-92.3685289999999952
11
156.3103779999999858
21
-92.4637689999999992
0
LINE
8
F.Silkscreen
6
CONTINUOUS
10
156.3103779999999858
20
-92.4637689999999992
11
156.3100139999999953
21
-92.4640979999999928
0
LINE
8
F.Silkscreen
6
CONTINUOUS
10
156.3100139999999953
20
-92.4640979999999928
11
156.2986489999999833
21
-92.4734249999999918
0
LINE
8
F.Silkscreen
6
CONTINUOUS
10
156.2986489999999833
20
-92.4734249999999918
11
156.2973889999999813
21
-92.4741799999999898
0
LINE
8
F.Silkscreen
6
CONTINUOUS
10
156.2973889999999813
20
-92.4741799999999898
11
156.2956479999999999
21
-92.474899999999991
0
LINE
8
F.Silkscreen
6
CONTINUOUS
10
156.2956479999999999
20
-92.474899999999991
11
156.2942280000000039
21
-92.4761329999999901
0
LINE
8
F.Silkscreen
6
CONTINUOUS
10
156.2942280000000039
20
-92.4761329999999901
11
156.2929890000000057
21
-92.4769229999999993
0
LINE
8
F.Silkscreen
6
CONTINUOUS
10
156.2929890000000057
20
-92.4769229999999993
11
156.2795639999999935
21
-92.4829170000000005
0
LINE
8
F.Silkscreen
6
CONTINUOUS
10
156.2795639999999935
20
-92.4829170000000005
11
156.279106999999982
21
-92.4830939999999941
0
LINE
8
F.Silkscreen
6
CONTINUOUS
10
156.279106999999982
20
-92.4830939999999941
11
156.1362499999999898
21
-92.5307129999999916
0
LINE
8
F.Silkscreen
6
CONTINUOUS
10
156.1362499999999898
20
-92.5307129999999916
11
156.1357769999999903
21
-92.5308459999999968
0
LINE
8
F.Silkscreen
6
CONTINUOUS
10
156.1357769999999903
20
-92.5308459999999968
11
156.1289369999999792
21
-92.5323999999999955
0
LINE
8
F.Silkscreen
6
CONTINUOUS
10
156.1289369999999792
20
-92.5323999999999955
11
156.1274990000000003
21
-92.5329969999999946
0
LINE
8
F.Silkscreen
6
CONTINUOUS
10
156.1274990000000003
20
-92.5329969999999946
11
156.126072999999991
21
-92.5333540000000028
0
LINE
8
F.Silkscreen
6
CONTINUOUS
10
156.126072999999991
20
-92.5333540000000028
11
156.1237279999999998
21
-92.5335839999999905
0
LINE
8
F.Silkscreen
6
CONTINUOUS
10
156.1237279999999998
20
-92.5335839999999905
11
156.1214410000000044
21
-92.5341049999999967
0
LINE
8
F.Silkscreen
6
CONTINUOUS
10
156.1214410000000044
20
-92.5341049999999967
11
156.1199759999999799
21
-92.5342169999999982
0
LINE
8
F.Silkscreen
6
CONTINUOUS
10
156.1199759999999799
20
-92.5342169999999982
11
156.118426999999997
21
-92.5341059999999942
0
LINE
8
F.Silkscreen
6
CONTINUOUS
10
156.118426999999997
20
-92.5341059999999942
11
156.11144299999998
21
-92.5347950000000026
0
LINE
8
F.Silkscreen
6
CONTINUOUS
10
156.11144299999998
20
-92.5347950000000026
11
156.1109519999999975
21
-92.5348189999999988
0
LINE
8
F.Silkscreen
6
CONTINUOUS
10
156.1109519999999975
20
-92.5348189999999988
11
156.0157140000000027
21
-92.5348189999999988
0
LINE
8
F.Silkscreen
6
CONTINUOUS
10
156.0157140000000027
20
-92.5348189999999988
11
156.0152239999999892
21
-92.5347950000000026
0
LINE
8
F.Silkscreen
6
CONTINUOUS
10
156.0152239999999892
20
-92.5347950000000026
11
156.0005919999999833
21
-92.5333540000000028
0
LINE
8
F.Silkscreen
6
CONTINUOUS
10
156.0005919999999833
20
-92.5333540000000028
11
155.9991689999999949
21
-92.5329969999999946
0
LINE
8
F.Silkscreen
6
CONTINUOUS
10
155.9991689999999949
20
-92.5329969999999946
11
155.9721329999999853
21
-92.5217979999999898
0
LINE
8
F.Silkscreen
6
CONTINUOUS
10
155.9721329999999853
20
-92.5217979999999898
11
155.9705099999999902
21
-92.5207149999999956
0
LINE
8
F.Silkscreen
6
CONTINUOUS
10
155.9705099999999902
20
-92.5207149999999956
11
155.9498179999999934
21
-92.5000229999999988
0
LINE
8
F.Silkscreen
6
CONTINUOUS
10
155.9498179999999934
20
-92.5000229999999988
11
155.9487349999999992
21
-92.4983999999999895
0
LINE
8
F.Silkscreen
6
CONTINUOUS
10
155.9487349999999992
20
-92.4983999999999895
11
155.9375359999999944
21
-92.4713639999999941
0
LINE
8
F.Silkscreen
6
CONTINUOUS
10
155.9375359999999944
20
-92.4713639999999941
11
155.93715499999999
21
-92.4694509999999923
0
LINE
8
F.Silkscreen
6
CONTINUOUS
10
155.93715499999999
20
-92.4694509999999923
11
155.93715499999999
21
-92.4401869999999946
0
LINE
8
F.Silkscreen
6
CONTINUOUS
10
155.93715499999999
20
-92.4401869999999946
11
155.9375359999999944
21
-92.4382739999999927
0
LINE
8
F.Silkscreen
6
CONTINUOUS
10
155.9375359999999944
20
-92.4382739999999927
11
155.9487349999999992
21
-92.4112379999999973
0
LINE
8
F.Silkscreen
6
CONTINUOUS
10
155.9487349999999992
20
-92.4112379999999973
11
155.9498179999999934
21
-92.4096150000000023
0
LINE
8
F.Silkscreen
6
CONTINUOUS
10
155.9498179999999934
20
-92.4096150000000023
11
155.9705099999999902
21
-92.3889229999999912
0
LINE
8
F.Silkscreen
6
CONTINUOUS
10
155.9705099999999902
20
-92.3889229999999912
11
155.9721329999999853
21
-92.3878399999999971
0
LINE
8
F.Silkscreen
6
CONTINUOUS
10
155.9721329999999853
20
-92.3878399999999971
11
155.9991689999999949
21
-92.3766409999999922
0
LINE
8
F.Silkscreen
6
CONTINUOUS
10
155.9991689999999949
20
-92.3766409999999922
11
156.0005919999999833
21
-92.3762839999999983
0
LINE
8
F.Silkscreen
6
CONTINUOUS
10
156.0005919999999833
20
-92.3762839999999983
11
156.0152239999999892
21
-92.3748429999999985
0
LINE
8
F.Silkscreen
6
CONTINUOUS
10
156.0152239999999892
20
-92.3748429999999985
11
156.0157140000000027
21
-92.3748190000000022
0
LINE
8
F.Silkscreen
6
CONTINUOUS
10
156.0157140000000027
20
-92.3748190000000022
11
156.0979719999999986
21
-92.3748190000000022
0
LINE
8
F.Silkscreen
6
CONTINUOUS
10
156.0979719999999986
20
-92.3748190000000022
11
156.2105909999999938
21
-92.3372779999999977
0
LINE
8
F.Silkscreen
6
CONTINUOUS
10
156.2105909999999938
20
-92.3372779999999977
11
156.2791249999999934
21
-92.2687439999999981
0
LINE
8
F.Silkscreen
6
CONTINUOUS
10
156.2791249999999934
20
-92.2687439999999981
11
156.3166659999999979
21
-92.1561229999999938
0
LINE
8
F.Silkscreen
6
CONTINUOUS
10
156.3166659999999979
20
-92.1561229999999938
11
156.3166659999999979
21
-91.4548190000000005
0
LINE
8
F.Silkscreen
6
CONTINUOUS
10
156.3166659999999979
20
-91.4548190000000005
11
156.3166899999999941
21
-91.4543290000000013
0
LINE
8
F.Silkscreen
6
CONTINUOUS
10
156.3166899999999941
20
-91.4543290000000013
11
156.3181309999999939
21
-91.4396969999999953
0
LINE
8
F.Silkscreen
6
CONTINUOUS
10
156.3181309999999939
20
-91.4396969999999953
11
156.3184880000000021
21
-91.4382739999999927
0
LINE
8
F.Silkscreen
6
CONTINUOUS
10
156.3184880000000021
20
-91.4382739999999927
11
156.3296870000000069
21
-91.4112379999999973
0
LINE
8
F.Silkscreen
6
CONTINUOUS
10
156.3296870000000069
20
-91.4112379999999973
11
156.3307700000000011
21
-91.4096150000000023
0
LINE
8
F.Silkscreen
6
CONTINUOUS
10
156.3307700000000011
20
-91.4096150000000023
11
156.3514619999999979
21
-91.3889229999999912
0
LINE
8
F.Silkscreen
6
CONTINUOUS
10
156.3514619999999979
20
-91.3889229999999912
11
156.353084999999993
21
-91.3878399999999971
0
LINE
8
F.Silkscreen
6
CONTINUOUS
10
156.353084999999993
20
-91.3878399999999971
11
156.3801210000000026
21
-91.3766409999999922
0
LINE
8
F.Silkscreen
6
CONTINUOUS
10
156.3801210000000026
20
-91.3766409999999922
11
156.3820340000000044
21
-91.376260000000002
0
LINE
8
F.Silkscreen
6
CONTINUOUS
10
156.3820340000000044
20
-91.376260000000002
11
156.411297999999988
21
-91.376260000000002
0
LINE
8
F.Silkscreen
6
CONTINUOUS
10
156.411297999999988
20
-91.376260000000002
11
156.4132109999999898
21
-91.3766409999999922
0
LINE
8
F.Silkscreen
6
CONTINUOUS
10
147.0719179999999824
20
-91.3748429999999985
11
147.0865499999999884
21
-91.3762839999999983
0
LINE
8
F.Silkscreen
6
CONTINUOUS
10
147.0865499999999884
20
-91.3762839999999983
11
147.0879730000000052
21
-91.3766409999999922
0
LINE
8
F.Silkscreen
6
CONTINUOUS
10
147.0879730000000052
20
-91.3766409999999922
11
147.1150089999999864
21
-91.3878399999999971
0
LINE
8
F.Silkscreen
6
CONTINUOUS
10
147.1150089999999864
20
-91.3878399999999971
11
147.1166319999999814
21
-91.3889229999999912
0
LINE
8
F.Silkscreen
6
CONTINUOUS
10
147.1166319999999814
20
-91.3889229999999912
11
147.1373240000000067
21
-91.4096150000000023
0
LINE
8
F.Silkscreen
6
CONTINUOUS
10
147.1373240000000067
20
-91.4096150000000023
11
147.1384070000000008
21
-91.4112379999999973
0
LINE
8
F.Silkscreen
6
CONTINUOUS
10
147.1384070000000008
20
-91.4112379999999973
11
147.1496060000000057
21
-91.4382739999999927
0
LINE
8
F.Silkscreen
6
CONTINUOUS
10
147.1496060000000057
20
-91.4382739999999927
11
147.1499869999999817
21
-91.4401869999999946
0
LINE
8
F.Silkscreen
6
CONTINUOUS
10
147.1499869999999817
20
-91.4401869999999946
11
147.1499869999999817
21
-91.4694509999999923
0
LINE
8
F.Silkscreen
6
CONTINUOUS
10
147.1499869999999817
20
-91.4694509999999923
11
147.1496060000000057
21
-91.4713639999999941
0
LINE
8
F.Silkscreen
6
CONTINUOUS
10
147.1496060000000057
20
-91.4713639999999941
11
147.1384070000000008
21
-91.4983999999999895
0
LINE
8
F.Silkscreen
6
CONTINUOUS
10
147.1384070000000008
20
-91.4983999999999895
11
147.1373240000000067
21
-91.5000229999999988
0
LINE
8
F.Silkscreen
6
CONTINUOUS
10
147.1373240000000067
20
-91.5000229999999988
11
147.1166319999999814
21
-91.5207149999999956
0
LINE
8
F.Silkscreen
6
CONTINUOUS
10
147.1166319999999814
20
-91.5207149999999956
11
147.1150089999999864
21
-91.5217979999999898
0
LINE
8
F.Silkscreen
6
CONTINUOUS
10
147.1150089999999864
20
-91.5217979999999898
11
147.0879730000000052
21
-91.5329969999999946
0
LINE
8
F.Silkscreen
6
CONTINUOUS
10
147.0879730000000052
20
-91.5329969999999946
11
147.0865499999999884
21
-91.5333540000000028
0
LINE
8
F.Silkscreen
6
CONTINUOUS
10
147.0865499999999884
20
-91.5333540000000028
11
147.0719179999999824
21
-91.5347950000000026
0
LINE
8
F.Silkscreen
6
CONTINUOUS
10
147.0719179999999824
20
-91.5347950000000026
11
147.0714279999999974
21
-91.5348189999999988
0
LINE
8
F.Silkscreen
6
CONTINUOUS
10
147.0714279999999974
20
-91.5348189999999988
11
146.6752380000000073
21
-91.5348189999999988
0
LINE
8
F.Silkscreen
6
CONTINUOUS
10
146.6752380000000073
20
-91.5348189999999988
11
146.6752380000000073
21
-91.8510089999999906
0
LINE
8
F.Silkscreen
6
CONTINUOUS
10
146.6752380000000073
20
-91.8510089999999906
11
146.9285710000000051
21
-91.8510089999999906
0
LINE
8
F.Silkscreen
6
CONTINUOUS
10
146.9285710000000051
20
-91.8510089999999906
11
146.9290609999999901
21
-91.851033000000001
0
LINE
8
F.Silkscreen
6
CONTINUOUS
10
146.9290609999999901
20
-91.851033000000001
11
146.9436929999999961
21
-91.8524740000000008
0
LINE
8
F.Silkscreen
6
CONTINUOUS
10
146.9436929999999961
20
-91.8524740000000008
11
146.9451159999999845
21
-91.8528309999999948
0
LINE
8
F.Silkscreen
6
CONTINUOUS
10
146.9451159999999845
20
-91.8528309999999948
11
146.9721519999999941
21
-91.8640299999999996
0
LINE
8
F.Silkscreen
6
CONTINUOUS
10
146.9721519999999941
20
-91.8640299999999996
11
146.9737749999999892
21
-91.8651129999999938
0
LINE
8
F.Silkscreen
6
CONTINUOUS
10
146.9737749999999892
20
-91.8651129999999938
11
146.994466999999986
21
-91.8858049999999906
0
LINE
8
F.Silkscreen
6
CONTINUOUS
10
146.994466999999986
20
-91.8858049999999906
11
146.9955499999999802
21
-91.8874279999999999
0
LINE
8
F.Silkscreen
6
CONTINUOUS
10
146.9955499999999802
20
-91.8874279999999999
11
147.006748999999985
21
-91.9144639999999953
0
LINE
8
F.Silkscreen
6
CONTINUOUS
10
147.006748999999985
20
-91.9144639999999953
11
147.0071299999999894
21
-91.9163769999999971
0
LINE
8
F.Silkscreen
6
CONTINUOUS
10
147.0071299999999894
20
-91.9163769999999971
11
147.0071299999999894
21
-91.9456409999999948
0
LINE
8
F.Silkscreen
6
CONTINUOUS
10
147.0071299999999894
20
-91.9456409999999948
11
147.006748999999985
21
-91.9475539999999967
0
LINE
8
F.Silkscreen
6
CONTINUOUS
10
147.006748999999985
20
-91.9475539999999967
11
146.9955499999999802
21
-91.9745899999999921
0
LINE
8
F.Silkscreen
6
CONTINUOUS
10
146.9955499999999802
20
-91.9745899999999921
11
146.994466999999986
21
-91.9762130000000013
0
LINE
8
F.Silkscreen
6
CONTINUOUS
10
146.994466999999986
20
-91.9762130000000013
11
146.9737749999999892
21
-91.9969049999999982
0
LINE
8
F.Silkscreen
6
CONTINUOUS
10
146.9737749999999892
20
-91.9969049999999982
11
146.9721519999999941
21
-91.9979879999999923
0
LINE
8
F.Silkscreen
6
CONTINUOUS
10
146.9721519999999941
20
-91.9979879999999923
11
146.9451159999999845
21
-92.0091869999999972
0
LINE
8
F.Silkscreen
6
CONTINUOUS
10
146.9451159999999845
20
-92.0091869999999972
11
146.9436929999999961
21
-92.0095439999999911
0
LINE
8
F.Silkscreen
6
CONTINUOUS
10
146.9436929999999961
20
-92.0095439999999911
11
146.9290609999999901
21
-92.0109849999999909
0
LINE
8
F.Silkscreen
6
CONTINUOUS
10
146.9290609999999901
20
-92.0109849999999909
11
146.9285710000000051
21
-92.0110090000000014
0
LINE
8
F.Silkscreen
6
CONTINUOUS
10
146.9285710000000051
20
-92.0110090000000014
11
146.6752380000000073
21
-92.0110090000000014
0
LINE
8
F.Silkscreen
6
CONTINUOUS
10
146.6752380000000073
20
-92.0110090000000014
11
146.6752380000000073
21
-92.4548190000000005
0
LINE
8
F.Silkscreen
6
CONTINUOUS
10
146.6752380000000073
20
-92.4548190000000005
11
146.6752139999999827
21
-92.4553089999999997
0
LINE
8
F.Silkscreen
6
CONTINUOUS
10
146.6752139999999827
20
-92.4553089999999997
11
146.6737729999999829
21
-92.4699409999999915
0
LINE
8
F.Silkscreen
6
CONTINUOUS
10
146.6737729999999829
20
-92.4699409999999915
11
146.6734160000000031
21
-92.4713639999999941
0
LINE
8
F.Silkscreen
6
CONTINUOUS
10
146.6734160000000031
20
-92.4713639999999941
11
146.6622169999999983
21
-92.4983999999999895
0
LINE
8
F.Silkscreen
6
CONTINUOUS
10
146.6622169999999983
20
-92.4983999999999895
11
146.6611340000000041
21
-92.5000229999999988
0
LINE
8
F.Silkscreen
6
CONTINUOUS
10
146.6611340000000041
20
-92.5000229999999988
11
146.6404420000000073
21
-92.5207149999999956
0
LINE
8
F.Silkscreen
6
CONTINUOUS
10
146.6404420000000073
20
-92.5207149999999956
11
146.6388189999999838
21
-92.5217979999999898
0
LINE
8
F.Silkscreen
6
CONTINUOUS
10
146.6388189999999838
20
-92.5217979999999898
11
146.6117830000000026
21
-92.5329969999999946
0
LINE
8
F.Silkscreen
6
CONTINUOUS
10
146.6117830000000026
20
-92.5329969999999946
11
146.6098700000000008
21
-92.533377999999999
0
LINE
8
F.Silkscreen
6
CONTINUOUS
10
146.6098700000000008
20
-92.533377999999999
11
146.5806059999999889
21
-92.533377999999999
0
LINE
8
F.Silkscreen
6
CONTINUOUS
10
146.5806059999999889
20
-92.533377999999999
11
146.578692999999987
21
-92.5329969999999946
0
LINE
8
F.Silkscreen
6
CONTINUOUS
10
146.578692999999987
20
-92.5329969999999946
11
146.5516570000000058
21
-92.5217979999999898
0
LINE
8
F.Silkscreen
6
CONTINUOUS
10
146.5516570000000058
20
-92.5217979999999898
11
146.5500339999999824
21
-92.5207149999999956
0
LINE
8
F.Silkscreen
6
CONTINUOUS
10
146.5500339999999824
20
-92.5207149999999956
11
146.5293419999999855
21
-92.5000229999999988
0
LINE
8
F.Silkscreen
6
CONTINUOUS
10
146.5293419999999855
20
-92.5000229999999988
11
146.5282589999999914
21
-92.4983999999999895
0
LINE
8
F.Silkscreen
6
CONTINUOUS
10
146.5282589999999914
20
-92.4983999999999895
11
146.5170599999999865
21
-92.4713639999999941
0
LINE
8
F.Silkscreen
6
CONTINUOUS
10
146.5170599999999865
20
-92.4713639999999941
11
146.5167030000000068
21
-92.4699409999999915
0
LINE
8
F.Silkscreen
6
CONTINUOUS
10
146.5167030000000068
20
-92.4699409999999915
11
146.515262000000007
21
-92.4553089999999997
0
LINE
8
F.Silkscreen
6
CONTINUOUS
10
146.515262000000007
20
-92.4553089999999997
11
146.5152379999999823
21
-92.4548190000000005
0
LINE
8
F.Silkscreen
6
CONTINUOUS
10
146.5152379999999823
20
-92.4548190000000005
11
146.5152379999999823
21
-91.4548190000000005
0
LINE
8
F.Silkscreen
6
CONTINUOUS
10
146.5152379999999823
20
-91.4548190000000005
11
146.515262000000007
21
-91.4543290000000013
0
LINE
8
F.Silkscreen
6
CONTINUOUS
10
146.515262000000007
20
-91.4543290000000013
11
146.5167030000000068
21
-91.4396969999999953
0
LINE
8
F.Silkscreen
6
CONTINUOUS
10
146.5167030000000068
20
-91.4396969999999953
11
146.5170599999999865
21
-91.4382739999999927
0
LINE
8
F.Silkscreen
6
CONTINUOUS
10
146.5170599999999865
20
-91.4382739999999927
11
146.5282589999999914
21
-91.4112379999999973
0
LINE
8
F.Silkscreen
6
CONTINUOUS
10
146.5282589999999914
20
-91.4112379999999973
11
146.5293419999999855
21
-91.4096150000000023
0
LINE
8
F.Silkscreen
6
CONTINUOUS
10
146.5293419999999855
20
-91.4096150000000023
11
146.5500339999999824
21
-91.3889229999999912
0
LINE
8
F.Silkscreen
6
CONTINUOUS
10
146.5500339999999824
20
-91.3889229999999912
11
146.5516570000000058
21
-91.3878399999999971
0
LINE
8
F.Silkscreen
6
CONTINUOUS
10
146.5516570000000058
20
-91.3878399999999971
11
146.578692999999987
21
-91.3766409999999922
0
LINE
8
F.Silkscreen
6
CONTINUOUS
10
146.578692999999987
20
-91.3766409999999922
11
146.5801160000000039
21
-91.3762839999999983
0
LINE
8
F.Silkscreen
6
CONTINUOUS
10
146.5801160000000039
20
-91.3762839999999983
11
146.5947479999999814
21
-91.3748429999999985
0
LINE
8
F.Silkscreen
6
CONTINUOUS
10
146.5947479999999814
20
-91.3748429999999985
11
146.5952379999999948
21
-91.3748190000000022
0
LINE
8
F.Silkscreen
6
CONTINUOUS
10
146.5952379999999948
20
-91.3748190000000022
11
147.0714279999999974
21
-91.3748190000000022
0
LINE
8
F.Silkscreen
6
CONTINUOUS
10
147.0714279999999974
20
-91.3748190000000022
11
147.0719179999999824
21
-91.3748429999999985
0
LINE
8
F.Silkscreen
6
CONTINUOUS
10
147.468925999999982
20
-91.3766409999999922
11
147.4959619999999916
21
-91.3878399999999971
0
LINE
8
F.Silkscreen
6
CONTINUOUS
10
147.4959619999999916
20
-91.3878399999999971
11
147.4975849999999866
21
-91.3889229999999912
0
LINE
8
F.Silkscreen
6
CONTINUOUS
10
147.4975849999999866
20
-91.3889229999999912
11
147.5182769999999834
21
-91.4096150000000023
0
LINE
8
F.Silkscreen
6
CONTINUOUS
10
147.5182769999999834
20
-91.4096150000000023
11
147.519360000000006
21
-91.4112379999999973
0
LINE
8
F.Silkscreen
6
CONTINUOUS
10
147.519360000000006
20
-91.4112379999999973
11
147.5305589999999825
21
-91.4382739999999927
0
LINE
8
F.Silkscreen
6
CONTINUOUS
10
147.5305589999999825
20
-91.4382739999999927
11
147.5309159999999906
21
-91.4396969999999953
0
LINE
8
F.Silkscreen
6
CONTINUOUS
10
147.5309159999999906
20
-91.4396969999999953
11
147.5323569999999904
21
-91.4543290000000013
0
LINE
8
F.Silkscreen
6
CONTINUOUS
10
147.5323569999999904
20
-91.4543290000000013
11
147.5323809999999867
21
-91.4548190000000005
0
LINE
8
F.Silkscreen
6
CONTINUOUS
10
147.5323809999999867
20
-91.4548190000000005
11
147.5323809999999867
21
-92.4548190000000005
0
LINE
8
F.Silkscreen
6
CONTINUOUS
10
147.5323809999999867
20
-92.4548190000000005
11
147.5323569999999904
21
-92.4553089999999997
0
LINE
8
F.Silkscreen
6
CONTINUOUS
10
147.5323569999999904
20
-92.4553089999999997
11
147.5309159999999906
21
-92.4699409999999915
0
LINE
8
F.Silkscreen
6
CONTINUOUS
10
147.5309159999999906
20
-92.4699409999999915
11
147.5305589999999825
21
-92.4713639999999941
0
LINE
8
F.Silkscreen
6
CONTINUOUS
10
147.5305589999999825
20
-92.4713639999999941
11
147.519360000000006
21
-92.4983999999999895
0
LINE
8
F.Silkscreen
6
CONTINUOUS
10
147.519360000000006
20
-92.4983999999999895
11
147.5182769999999834
21
-92.5000229999999988
0
LINE
8
F.Silkscreen
6
CONTINUOUS
10
147.5182769999999834
20
-92.5000229999999988
11
147.4975849999999866
21
-92.5207149999999956
0
LINE
8
F.Silkscreen
6
CONTINUOUS
10
147.4975849999999866
20
-92.5207149999999956
11
147.4959619999999916
21
-92.5217979999999898
0
LINE
8
F.Silkscreen
6
CONTINUOUS
10
147.4959619999999916
20
-92.5217979999999898
11
147.468925999999982
21
-92.5329969999999946
0
LINE
8
F.Silkscreen
6
CONTINUOUS
10
147.468925999999982
20
-92.5329969999999946
11
147.4670129999999801
21
-92.533377999999999
0
LINE
8
F.Silkscreen
6
CONTINUOUS
10
147.4670129999999801
20
-92.533377999999999
11
147.4377489999999966
21
-92.533377999999999
0
LINE
8
F.Silkscreen
6
CONTINUOUS
10
147.4377489999999966
20
-92.533377999999999
11
147.4358359999999948
21
-92.5329969999999946
0
LINE
8
F.Silkscreen
6
CONTINUOUS
10
147.4358359999999948
20
-92.5329969999999946
11
147.4087999999999852
21
-92.5217979999999898
0
LINE
8
F.Silkscreen
6
CONTINUOUS
10
147.4087999999999852
20
-92.5217979999999898
11
147.4071769999999901
21
-92.5207149999999956
0
LINE
8
F.Silkscreen
6
CONTINUOUS
10
147.4071769999999901
20
-92.5207149999999956
11
147.3864849999999933
21
-92.5000229999999988
0
LINE
8
F.Silkscreen
6
CONTINUOUS
10
147.3864849999999933
20
-92.5000229999999988
11
147.3854019999999991
21
-92.4983999999999895
0
LINE
8
F.Silkscreen
6
CONTINUOUS
10
147.3854019999999991
20
-92.4983999999999895
11
147.3742029999999943
21
-92.4713639999999941
0
LINE
8
F.Silkscreen
6
CONTINUOUS
10
147.3742029999999943
20
-92.4713639999999941
11
147.3738459999999861
21
-92.4699409999999915
0
LINE
8
F.Silkscreen
6
CONTINUOUS
10
147.3738459999999861
20
-92.4699409999999915
11
147.3724049999999863
21
-92.4553089999999997
0
LINE
8
F.Silkscreen
6
CONTINUOUS
10
147.3724049999999863
20
-92.4553089999999997
11
147.3723809999999901
21
-92.4548190000000005
0
LINE
8
F.Silkscreen
6
CONTINUOUS
10
147.3723809999999901
20
-92.4548190000000005
11
147.3723809999999901
21
-91.4548190000000005
0
LINE
8
F.Silkscreen
6
CONTINUOUS
10
147.3723809999999901
20
-91.4548190000000005
11
147.3724049999999863
21
-91.4543290000000013
0
LINE
8
F.Silkscreen
6
CONTINUOUS
10
147.3724049999999863
20
-91.4543290000000013
11
147.3738459999999861
21
-91.4396969999999953
0
LINE
8
F.Silkscreen
6
CONTINUOUS
10
147.3738459999999861
20
-91.4396969999999953
11
147.3742029999999943
21
-91.4382739999999927
0
LINE
8
F.Silkscreen
6
CONTINUOUS
10
147.3742029999999943
20
-91.4382739999999927
11
147.3854019999999991
21
-91.4112379999999973
0
LINE
8
F.Silkscreen
6
CONTINUOUS
10
147.3854019999999991
20
-91.4112379999999973
11
147.3864849999999933
21
-91.4096150000000023
0
LINE
8
F.Silkscreen
6
CONTINUOUS
10
147.3864849999999933
20
-91.4096150000000023
11
147.4071769999999901
21
-91.3889229999999912
0
LINE
8
F.Silkscreen
6
CONTINUOUS
10
147.4071769999999901
20
-91.3889229999999912
11
147.4087999999999852
21
-91.3878399999999971
0
LINE
8
F.Silkscreen
6
CONTINUOUS
10
147.4087999999999852
20
-91.3878399999999971
11
147.4358359999999948
21
-91.3766409999999922
0
LINE
8
F.Silkscreen
6
CONTINUOUS
10
147.4358359999999948
20
-91.3766409999999922
11
147.4377489999999966
21
-91.376260000000002
0
LINE
8
F.Silkscreen
6
CONTINUOUS
10
147.4377489999999966
20
-91.376260000000002
11
147.4670129999999801
21
-91.376260000000002
0
LINE
8
F.Silkscreen
6
CONTINUOUS
10
147.4670129999999801
20
-91.376260000000002
11
147.468925999999982
21
-91.3766409999999922
0
CIRCLE
8
F.Silkscreen
10
155.4599999999999795
20
-93.9599999999999937
40
0.175
0
CIRCLE
8
F.Silkscreen
10
158.
20
-93.9599999999999937
40
0.175
0
CIRCLE
8
F.Silkscreen
10
155.4599999999999795
20
-96.5
40
0.175
0
CIRCLE
8
F.Silkscreen
10
158.
20
-96.5
40
0.175
0
CIRCLE
8
F.Silkscreen
10
155.4599999999999795
20
-99.039999999999992
40
0.175
0
CIRCLE
8
F.Silkscreen
10
158.
20
-99.039999999999992
40
0.175
0
CIRCLE
8
F.Silkscreen
10
155.4599999999999795
20
-101.5799999999999983
40
0.175
0
CIRCLE
8
F.Silkscreen
10
158.
20
-101.5799999999999983
40
0.175
0
LINE
8
F.Silkscreen
6
CONTINUOUS
10
136.2999999999999829
20
-92.8799999999999955
11
135.6999999999999886
21
-92.8799999999999955
0
ARC
8
F.Silkscreen
10
135.6999999999999886
20
-93.1799999999999926
40
0.3
50
90.00000000
51
270.00000000
0
LINE
8
F.Silkscreen
6
CONTINUOUS
10
135.6999999999999886
20
-93.4799999999999898
11
136.2999999999999829
21
-93.4799999999999898
0
ARC
8
F.Silkscreen
10
136.2999999999999829
20
-93.1799999999999926
40
0.3
50
270.00000000
51
450.00000000
0
LINE
8
F.Silkscreen
6
CONTINUOUS
10
132.5
20
-92.8799999999999955
11
131.9000000000000057
21
-92.8799999999999955
0
ARC
8
F.Silkscreen
10
131.9000000000000057
20
-93.1799999999999926
40
0.3
50
90.00000000
51
270.00000000
0
LINE
8
F.Silkscreen
6
CONTINUOUS
10
131.9000000000000057
20
-93.4799999999999898
11
132.5
21
-93.4799999999999898
0
ARC
8
F.Silkscreen
10
132.5
20
-93.1799999999999926
40
0.3
50
270.00000000
51
450.00000000
0
LINE
8
F.Silkscreen
6
CONTINUOUS
10
136.2999999999999829
20
-101.519999999999996
11
135.6999999999999886
21
-101.519999999999996
0
ARC
8
F.Silkscreen
10
135.6999999999999886
20
-101.8199999999999932
40
0.3
50
90.00000000
51
270.00000000
0
LINE
8
F.Silkscreen
6
CONTINUOUS
10
135.6999999999999886
20
-102.1199999999999903
11
136.2999999999999829
21
-102.1199999999999903
0
ARC
8
F.Silkscreen
10
136.2999999999999829
20
-101.8199999999999932
40
0.3
50
270.00000000
51
450.00000000
0
LINE
8
F.Silkscreen
6
CONTINUOUS
10
132.5
20
-101.519999999999996
11
131.9000000000000057
21
-101.519999999999996
0
ARC
8
F.Silkscreen
10
131.9000000000000057
20
-101.8199999999999932
40
0.3
50
90.00000000
51
270.00000000
0
LINE
8
F.Silkscreen
6
CONTINUOUS
10
131.9000000000000057
20
-102.1199999999999903
11
132.5
21
-102.1199999999999903
0
ARC
8
F.Silkscreen
10
132.5
20
-101.8199999999999932
40
0.3
50
270.00000000
51
450.00000000
  0
ENDSEC
  0
EOF
